Taste,,,,,,,,,,,,,,,,
"Near smart point, Sandalpur ",,,,,,,,,,,,,,,,
  Mobile: 8809696025  Email: mohammadjalaluddin1027@gmail.com,,,,,,,,,,,,,,,,
Sale Register,,,,,,,,,,,,,,,,
(From: 01/07/2020 To 01/07/2026),,,,,,,,,,,,,,,,
Date,Vch.No.,Particulars,Party GSTIN,Ref.No.,HSN,Qty.,Rate,Amount,GST Rate,CGST,SGST,IGST,CESS,Total Amount,Round Off,Bill Amount
01/02/2024,1,Cash,,,,,,,,,,,,,0,1370
,,Egg burger,,,,1 Pc,30,30,,,,,,30,,
,,Paneer roll,,,,1 Pc,70,70,,,,,,70,,
,,Paneer roll,,,,1 Pc,70,70,,,,,,70,,
,,Chicken burger,,,,2 Pc,60,120,,,,,,120,,
,,Paneer roll,,,,1 Pc,70,70,,,,,,70,,
,,Chicken roll,,,,1 Pc,80,80,,,,,,80,,
,,Veg Burger,,,,1 Pc,50,50,,,,,,50,,
,,Veg Burger,,,,1 Pc,50,50,,,,,,50,,
,,Egg roll,,,,1 Pc,50,50,,,,,,50,,
,,Chicken burger,,,,1 Pc,60,60,,,,,,60,,
,,Egg burger,,,,2 Pc,30,60,,,,,,60,,
,,Paneer chilli,,,,1 Pc,180,180,,,,,,180,,
,,Chicken fried rice,,,,1 Pc,150,150,,,,,,150,,
,,Paratha,,,,2 Pc,25,50,,,,,,50,,
,,Chicken burger,,,,2 Pc,60,120,,,,,,120,,
,,Chicken roll,,,,2 Pc,80,160,,,,,,160,,
02/02/2024,2,Cash,,,,,,,,,,,,,0,2005
,,Chicken roll,,,,1 Pc,80,80,,,,,,80,,
,,Chicken noodles,,,,1 Pc,150,150,,,,,,150,,
,,Chicken fried rice,,,,1 Pc,150,150,,,,,,150,,
,,Chiken boneless,,,,1 Pc,150,150,,,,,,150,,
,,Chiken boneless,,,,1.5 Pc,150,225,,,,,,225,,
,,Veg Burger,,,,1 Pc,50,50,,,,,,50,,
,,Chicken burger,,,,2 Pc,60,120,,,,,,120,,
,,Chicken roll,,,,1 Pc,80,80,,,,,,80,,
,,Chicken noodles,,,,2 Pc,150,300,,,,,,300,,
,,Chicken roll,,,,1 Pc,80,80,,,,,,80,,
,,Chicken noodles,,,,2 Pc,150,300,,,,,,300,,
,,Paneer noodles,,,,1 Pc,170,170,,,,,,170,,
,,Chicken noodles,,,,1 Pc,150,150,,,,,,150,,
02/04/2024,INV-00016,Cash,,,,,,,,,,,,,0,2000
,,Paratha,,,,3 Pc,25,75,,,,,,75,,
,,Chicken chilli,,,,0.5 Pc,220,110,,,,,,110,,
,,Chicken fried rice,,,,0.5 Pc,160,80,,,,,,80,,
,,Chicken chilli,,,,0.5 Pc,200,100,,,,,,100,,
,,Paneer chilli,,,,0.5 Pc,180,90,,,,,,90,,
,,Chicken 65,,,,0.5 Pc,240,120,,,,,,120,,
,,Paratha,,,,2 Pc,25,50,,,,,,50,,
,,Chicken roll,,,,1 Pc,80,80,,,,,,80,,
,,Chicken noodles,,,,1 Pc,150,150,,,,,,150,,
,,Chicken roll,,,,3 Pc,80,240,,,,,,240,,
,,Paneer chilli,,,,1 Pc,180,180,,,,,,180,,
,,Chiken boneless,,,,1 Pc,150,150,,,,,,150,,
,,Paratha,,,,3 Pc,25,75,,,,,,75,,
,,Chicken fried rice,,,,1 Pc,160,160,,,,,,160,,
,,Paratha,,,,1 Pc,25,25,,,,,,25,,
,,Chicken noodles,,,,0.5 Pc,150,75,,,,,,75,,
,,Chicken burger,,,,1 Pc,60,60,,,,,,60,,
,,Chicken noodles,,,,0.5 Pc,150,75,,,,,,75,,
,,Veg Noodles,,,,0.5 Pc,110,55,,,,,,55,,
,,Egg roll,,,,1 Pc,50,50,,,,,,50,,
02/04/2024,INV-00023,Cash,,,,,,,,,,,,,0,1965
,,Paratha,,,,3 Pc,25,75,,,,,,75,,
,,Chicken chilli,,,,0.5 Pc,200,100,,,,,,100,,
,,Chicken fried rice,,,,0.5 Pc,150,75,,,,,,75,,
,,Chicken chilli,,,,0.5 Pc,200,100,,,,,,100,,
,,Paneer chilli,,,,0.5 Pc,180,90,,,,,,90,,
,,Chicken 65,,,,0.5 Pc,220,110,,,,,,110,,
,,Paratha,,,,2 Pc,25,50,,,,,,50,,
,,Chicken roll,,,,1 Pc,80,80,,,,,,80,,
,,Chicken noodles,,,,1 Pc,150,150,,,,,,150,,
,,Chicken roll,,,,3 Pc,80,240,,,,,,240,,
,,Paneer chilli,,,,1 Pc,180,180,,,,,,180,,
,,Chiken boneless,,,,1 Pc,150,150,,,,,,150,,
,,Paratha,,,,3 Pc,25,75,,,,,,75,,
,,Chicken fried rice,,,,1 Pc,150,150,,,,,,150,,
,,Paratha,,,,1 Pc,25,25,,,,,,25,,
,,Chicken noodles,,,,0.5 Pc,150,75,,,,,,75,,
,,Chicken burger,,,,1 Pc,60,60,,,,,,60,,
,,Chicken noodles,,,,0.5 Pc,150,75,,,,,,75,,
,,Veg Noodles,,,,0.5 Pc,110,55,,,,,,55,,
,,Egg roll,,,,1 Pc,50,50,,,,,,50,,
03/04/2024,INV-00019,Cash,,,,,,,,,,,,,0,1705
,,Chicken noodles,,,,0.5 Pc,180,90,,,,,,90,,
,,Chicken chilli,,,,0.5 Pc,220,110,,,,,,110,,
,,Chicken fried rice,,,,0.5 Pc,150,75,,,,,,75,,
,,Chicken noodles,,,,2 Pc,150,300,,,,,,300,,
,,Chicken noodles,,,,0.5 Pc,180,90,,,,,,90,,
,,Chicken burger,,,,2 Pc,60,120,,,,,,120,,
,,Chicken burger,,,,5 Pc,60,300,,,,,,300,,
,,Veg roll,,,,1 Pc,45,45,,,,,,45,,
,,Veg fried rice,,,,0.5 Pc,120,60,,,,,,60,,
,,Chicken noodles,,,,1 Pc,160,160,,,,,,160,,
,,Egg noodles,,,,1 Pc,130,130,,,,,,130,,
,,Chiken boneless,,,,1 Pc,150,150,,,,,,150,,
,,Paratha,,,,3 Pc,25,75,,,,,,75,,
03/04/2024,INV-00024,Cash,,,,,,,,,,,,,0,1660
,,Chicken noodles,,,,0.5 Pc,150,75,,,,,,75,,
,,Chicken chilli,,,,0.5 Pc,200,100,,,,,,100,,
,,Chicken fried rice,,,,0.5 Pc,150,75,,,,,,75,,
,,Chicken noodles,,,,2 Pc,150,300,,,,,,300,,
,,Chicken schezwan,,,,0.5 Pc,170,85,,,,,,85,,
,,Chicken burger,,,,2 Pc,60,120,,,,,,120,,
,,Chicken burger,,,,5 Pc,60,300,,,,,,300,,
,,Veg roll,,,,1 Pc,45,45,,,,,,45,,
,,Veg fried rice,,,,0.5 Pc,110,55,,,,,,55,,
,,Chicken noodles,,,,1 Pc,150,150,,,,,,150,,
,,Egg noodles,,,,1 Pc,130,130,,,,,,130,,
,,Chiken boneless,,,,1 Pc,150,150,,,,,,150,,
,,Paratha,,,,3 Pc,25,75,,,,,,75,,
04/04/2024,INV-00025,Cash,,,,,,,,,,,,,0,1455
,,Egg roll,,,,1 Pc,50,50,,,,,,50,,
,,Paneer Manchurian,,,,1 Pc,155,155,,,,,,155,,
,,Chicken roll,,,,2 Pc,80,160,,,,,,160,,
,,Chicken roll,,,,1 Pc,80,80,,,,,,80,,
,,Chicken roll,,,,2 Pc,80,160,,,,,,160,,
,,Egg roll,,,,1 Pc,50,50,,,,,,50,,
,,Chicken burger,,,,1 Pc,60,60,,,,,,60,,
,,Chicken roll,,,,2 Pc,80,160,,,,,,160,,
,,Veg Burger,,,,1 Pc,50,50,,,,,,50,,
,,Veg Burger,,,,1 Pc,50,50,,,,,,50,,
,,French fries,,,,1 Pc,55,55,,,,,,55,,
,,Chicken fried rice,,,,1 Pc,150,150,,,,,,150,,
,,Chicken roll,,,,1 Pc,80,80,,,,,,80,,
,,Chicken burger,,,,1 Pc,60,60,,,,,,60,,
,,Veg Noodles,,,,0.5 Pc,110,55,,,,,,55,,
,,Chicken roll,,,,1 Pc,80,80,,,,,,80,,
06/04/2024,INV-00026,Cash,,,,,,,,,,,,,0,2340
,,Egg roll,,,,1 Pc,50,50,,,,,,50,,
,,Veg Burger,,,,1 Pc,50,50,,,,,,50,,
,,Veg Burger,,,,1 Pc,50,50,,,,,,50,,
,,French fries,,,,1 Pc,55,55,,,,,,55,,
,,Veg Noodles,,,,0.5 Pc,110,55,,,,,,55,,
,,Paratha,,,,7 Pc,25,175,,,,,,175,,
,,Paneer chilli,,,,0.5 Pc,180,90,,,,,,90,,
,,Chiken boneless,,,,1 Pc,150,150,,,,,,150,,
,,Veg Noodles,,,,0.5 Pc,110,55,,,,,,55,,
,,Chicken noodles,,,,0.5 Pc,150,75,,,,,,75,,
,,Chicken fried rice,,,,0.5 Pc,150,75,,,,,,75,,
,,Chiken boneless,,,,0.5 Pc,150,75,,,,,,75,,
,,Chicken fried rice,,,,1 Pc,150,150,,,,,,150,,
,,Veg Burger,,,,2 Pc,50,100,,,,,,100,,
,,Chicken noodles,,,,1 Pc,150,150,,,,,,150,,
,,Chiken boneless,,,,0.5 Pc,150,75,,,,,,75,,
,,Chicken fried rice,,,,0.5 Pc,150,75,,,,,,75,,
,,Chicken noodles,,,,1 Pc,150,150,,,,,,150,,
,,Chicken burger,,,,2 Pc,60,120,,,,,,120,,
,,Chiken lollipop,,,,0.5 Pc,280,140,,,,,,140,,
,,Paratha,,,,1 Pc,25,25,,,,,,25,,
,,Chicken chilli,,,,1 Pc,200,200,,,,,,200,,
,,Chicken chilli,,,,1 Pc,200,200,,,,,,200,,
07/04/2024,INV-00027,Cash,,,,,,,,,,,,,0.5,1508
,,Chicken crispy,,,,2 Pc,100,200,,,,,,200,,
,,Egg noodles,,,,1 Pc,130,130,,,,,,130,,
,,Veg Burger,,,,1 Pc,50,50,,,,,,50,,
,,French fries,,,,1 Pc,55,55,,,,,,55,,
,,Veg fried rice,,,,0.5 Pc,110,55,,,,,,55,,
,,Chicken roll,,,,2 Pc,80,160,,,,,,160,,
,,Chicken roll,,,,1 Pc,80,80,,,,,,80,,
,,Paneer Manchurian,,,,0.5 Pc,155,77.5,,,,,,77.5,,
,,Paratha,,,,2 Pc,25,50,,,,,,50,,
,,Chiken Manchurian,,,,1 Pc,160,160,,,,,,160,,
,,Paratha,,,,3 Pc,25,75,,,,,,75,,
,,Chiken boneless,,,,0.5 Pc,150,75,,,,,,75,,
,,Chicken fried rice,,,,0.5 Pc,150,75,,,,,,75,,
,,Chicken fried rice,,,,0.5 Pc,150,75,,,,,,75,,
,,Chicken roll,,,,1 Pc,80,80,,,,,,80,,
,,Veg Noodles,,,,0.5 Pc,110,55,,,,,,55,,
,,French fries,,,,1 Pc,55,55,,,,,,55,,
09/04/2024,INV-00028,Cash,,,,,,,,,,,,,0,639
,,Chicken noodles,,,,0.5 Pc,150,75,,,,,,75,,
,,Chicken fried rice,,,,0.5 Pc,150,75,,,,,,75,,
,,Chicken burger,,,,1 Pc,60,60,,,,,,60,,
,,Chicken noodles,,,,1 Pc,150,150,,,,,,150,,
,,Chiken boneless,,,,1 Pc,150,150,,,,,,150,,
,,Veg Manchurian,,,,1 Pc,129,129,,,,,,129,,
09/04/2024,INV-00029,Cash,,,,,,,,,,,,,0,2380
,,Chicken roll,,,,6 Pc,80,480,,,,,,480,,
,,Chicken noodles,,,,2 Pc,150,300,,,,,,300,,
,,Chiken lollipop,,,,1 Pc,280,280,,,,,,280,,
,,Chicken crispy,,,,1 Pc,100,100,,,,,,100,,
,,French fries,,,,1 Pc,55,55,,,,,,55,,
,,Chicken roll,,,,1 Pc,80,80,,,,,,80,,
,,Chicken roll,,,,1 Pc,80,80,,,,,,80,,
,,Veg Noodles,,,,1 Pc,110,110,,,,,,110,,
,,Veg fried rice,,,,0.5 Pc,110,55,,,,,,55,,
,,Veg roll,,,,1 Pc,45,45,,,,,,45,,
,,Veg Burger,,,,1 Pc,50,50,,,,,,50,,
,,Chicken fried rice,,,,1 Pc,150,150,,,,,,150,,
,,Veg Noodles,,,,0.5 Pc,110,55,,,,,,55,,
,,French fries,,,,2 Pc,55,110,,,,,,110,,
,,Chicken roll,,,,2 Pc,80,160,,,,,,160,,
,,Chicken schezwan,,,,1 Pc,170,170,,,,,,170,,
,,Paratha,,,,4 Pc,25,100,,,,,,100,,
10/04/2024,INV-00030,Cash,,,,,,,,,,,,,0.5,1845
,,Chicken chilli,,,,1 Pc,200,200,,,,,,200,,
,,Chicken roll,,,,1 Pc,80,80,,,,,,80,,
,,Egg roll,,,,1 Pc,50,50,,,,,,50,,
,,Chicken fried rice,,,,0.5 Pc,150,75,,,,,,75,,
,,Chicken roll,,,,4 Pc,80,320,,,,,,320,,
,,Veg roll,,,,3 Pc,45,135,,,,,,135,,
,,Veg Noodles,,,,1 Pc,110,110,,,,,,110,,
,,Chiken Manchurian,,,,0.5 Pc,160,80,,,,,,80,,
,,Chicken noodles,,,,1 Pc,150,150,,,,,,150,,
,,Chicken fried rice,,,,0.5 Pc,150,75,,,,,,75,,
,,Veg Noodles,,,,0.5 Pc,110,55,,,,,,55,,
,,Veg Manchurian,,,,0.5 Pc,129,64.5,,,,,,64.5,,
,,Chicken fried rice,,,,1 Pc,150,150,,,,,,150,,
,,Paneer roll,,,,1 Pc,70,70,,,,,,70,,
,,Paneer roll,,,,1 Pc,70,70,,,,,,70,,
,,Chiken Manchurian,,,,1 Pc,160,160,,,,,,160,,
12/04/2024,INV-00031,Cash,,,,,,,,,,,,,0,2910
,,Paneer chilli,,,,0.5 Pc,180,90,,,,,,90,,
,,Veg Burger,,,,1 Pc,50,50,,,,,,50,,
,,Chicken burger,,,,2 Pc,60,120,,,,,,120,,
,,Veg Burger,,,,1 Pc,50,50,,,,,,50,,
,,Chicken noodles,,,,0.5 Pc,150,75,,,,,,75,,
,,Chicken burger,,,,1 Pc,60,60,,,,,,60,,
,,Chicken fried rice,,,,1 Pc,150,150,,,,,,150,,
,,Chicken noodles,,,,0.5 Pc,150,75,,,,,,75,,
,,Chicken roll,,,,1 Pc,80,80,,,,,,80,,
,,Chicken roll,,,,2 Pc,80,160,,,,,,160,,
,,Chicken burger,,,,1 Pc,60,60,,,,,,60,,
,,Chicken roll,,,,2 Pc,80,160,,,,,,160,,
,,Egg burger,,,,1 Pc,30,30,,,,,,30,,
,,Veg Burger,,,,1 Pc,50,50,,,,,,50,,
,,Chicken noodles,,,,1 Pc,150,150,,,,,,150,,
,,Chicken roll,,,,1 Pc,80,80,,,,,,80,,
,,Chicken fried rice,,,,0.5 Pc,150,75,,,,,,75,,
,,Veg Burger,,,,2 Pc,50,100,,,,,,100,,
,,Chicken 65,,,,1 Pc,220,220,,,,,,220,,
,,Chicken roll,,,,1 Pc,80,80,,,,,,80,,
,,Chiken boneless,,,,1 Pc,150,150,,,,,,150,,
,,Chicken fried rice,,,,1 Pc,150,150,,,,,,150,,
,,Chicken chilli,,,,0.5 Pc,200,100,,,,,,100,,
,,Veg Burger,,,,2 Pc,50,100,,,,,,100,,
,,Chicken fried rice,,,,1 Pc,150,150,,,,,,150,,
,,Chicken roll,,,,2 Pc,80,160,,,,,,160,,
,,Chiken lollipop,,,,0.5 Pc,280,140,,,,,,140,,
,,Veg roll,,,,1 Pc,45,45,,,,,,45,,
13/04/2024,INV-00032,Cash,,,,,,,,,,,,,0,1670
,,Egg roll,,,,1 Pc,50,50,,,,,,50,,
,,Egg burger,,,,1 Pc,30,30,,,,,,30,,
,,Chicken roll,,,,1 Pc,80,80,,,,,,80,,
,,Chicken fried rice,,,,1 Pc,150,150,,,,,,150,,
,,Chicken noodles,,,,1 Pc,150,150,,,,,,150,,
,,Chicken chilli,,,,1 Pc,200,200,,,,,,200,,
,,Chicken fried rice,,,,0.5 Pc,150,75,,,,,,75,,
,,Chiken lollipop,,,,0.5 Pc,280,140,,,,,,140,,
,,Chicken fried rice,,,,1 Pc,150,150,,,,,,150,,
,,Chicken roll,,,,1 Pc,80,80,,,,,,80,,
,,Chicken roll,,,,1 Pc,80,80,,,,,,80,,
,,Chicken roll,,,,1 Pc,80,80,,,,,,80,,
,,Veg roll,,,,1 Pc,45,45,,,,,,45,,
,,Chicken chilli,,,,1 Pc,200,200,,,,,,200,,
,,Chicken roll,,,,2 Pc,80,160,,,,,,160,,
14/04/2024,INV-00033,Cash,,,,,,,,,,,,,0,4405
,,Chicken roll,,,,4 Pc,80,320,,,,,,320,,
,,Paneer roll,,,,1 Pc,70,70,,,,,,70,,
,,Veg Noodles,,,,0.5 Pc,110,55,,,,,,55,,
,,Chicken noodles,,,,2 Pc,150,300,,,,,,300,,
,,Chicken roll,,,,2 Pc,80,160,,,,,,160,,
,,Chicken roll,,,,3 Pc,80,240,,,,,,240,,
,,Chicken noodles,,,,2 Pc,150,300,,,,,,300,,
,,Chicken roll,,,,3 Pc,80,240,,,,,,240,,
,,Chiken lollipop,,,,0.5 Pc,280,140,,,,,,140,,
,,Chicken chilli,,,,1 Pc,200,200,,,,,,200,,
,,Chicken fried rice,,,,1.5 Pc,150,225,,,,,,225,,
,,Veg Noodles,,,,0.5 Pc,110,55,,,,,,55,,
,,Veg Noodles,,,,0.5 Pc,110,55,,,,,,55,,
,,Veg Noodles,,,,0.5 Pc,110,55,,,,,,55,,
,,Chicken roll,,,,1 Pc,80,80,,,,,,80,,
,,Chicken fried rice,,,,1 Pc,150,150,,,,,,150,,
,,Chicken chilli,,,,0.5 Pc,200,100,,,,,,100,,
,,Chicken noodles,,,,0.5 Pc,150,75,,,,,,75,,
,,Veg Noodles,,,,0.5 Pc,110,55,,,,,,55,,
,,Veg fried rice,,,,1 Pc,220,220,,,,,,220,,
,,Paneer roll,,,,1 Pc,70,70,,,,,,70,,
,,Chicken fried rice,,,,1 Pc,150,150,,,,,,150,,
,,Chiken boneless,,,,0.5 Pc,150,75,,,,,,75,,
,,Chicken fried rice,,,,0.5 Pc,150,75,,,,,,75,,
,,Chicken roll,,,,1 Pc,80,80,,,,,,80,,
,,Egg roll,,,,1 Pc,50,50,,,,,,50,,
,,Veg Noodles,,,,1 Pc,110,110,,,,,,110,,
,,Chiken boneless,,,,0.5 Pc,150,75,,,,,,75,,
,,Paratha,,,,1 Pc,25,25,,,,,,25,,
,,Chicken fried rice,,,,0.5 Pc,150,75,,,,,,75,,
,,Chicken noodles,,,,1 Pc,150,150,,,,,,150,,
,,Chiken boneless,,,,1 Pc,150,150,,,,,,150,,
,,Chicken noodles,,,,0.5 Pc,150,75,,,,,,75,,
,,Chicken fried rice,,,,1 Pc,150,150,,,,,,150,,
15/04/2024,INV-00035,Cash,,,,,,,,,,,,,0,3240
,,Chicken fried rice,,,,0.5 Pc,150,75,,,,,,75,,
,,Chicken noodles,,,,0.5 Pc,150,75,,,,,,75,,
,,Veg Burger,,,,1 Pc,50,50,,,,,,50,,
,,Chicken roll,,,,1 Pc,80,80,,,,,,80,,
,,Chicken noodles,,,,2 Pc,150,300,,,,,,300,,
,,Chicken roll,,,,2 Pc,80,160,,,,,,160,,
,,Chicken noodles,,,,0.5 Pc,150,75,,,,,,75,,
,,Chicken noodles,,,,0.5 Pc,150,75,,,,,,75,,
,,Chicken fried rice,,,,1 Pc,150,150,,,,,,150,,
,,Chicken noodles,,,,1 Pc,150,150,,,,,,150,,
,,Chicken noodles,,,,0.5 Pc,150,75,,,,,,75,,
,,Chicken fried rice,,,,0.5 Pc,150,75,,,,,,75,,
,,Chicken noodles,,,,2 Pc,150,300,,,,,,300,,
,,Chicken chilli,,,,1 Pc,200,200,,,,,,200,,
,,Paratha,,,,6 Pc,25,150,,,,,,150,,
,,Chicken chilli,,,,1 Pc,200,200,,,,,,200,,
,,Paneer roll,,,,1 Pc,70,70,,,,,,70,,
,,Chicken roll,,,,3 Pc,80,240,,,,,,240,,
,,Chiken boneless,,,,1 Pc,150,150,,,,,,150,,
,,Chicken roll,,,,3 Pc,80,240,,,,,,240,,
,,Chicken noodles,,,,0.5 Pc,150,75,,,,,,75,,
,,Chicken chilli,,,,1 Pc,200,200,,,,,,200,,
,,Chicken fried rice,,,,0.5 Pc,150,75,,,,,,75,,
16/04/2024,INV-00034,Cash,,,,,,,,,,,,,0,4240
,,Chicken roll,,,,1 Pc,80,80,,,,,,80,,
,,Paneer roll,,,,2 Pc,70,140,,,,,,140,,
,,Chiken lollipop,,,,1 Pc,280,280,,,,,,280,,
,,Veg Burger,,,,1 Pc,50,50,,,,,,50,,
,,Chicken noodles,,,,1.5 Pc,150,225,,,,,,225,,
,,Chicken roll,,,,1 Pc,80,80,,,,,,80,,
,,Veg Noodles,,,,1 Pc,110,110,,,,,,110,,
,,Veg Noodles,,,,0.5 Pc,110,55,,,,,,55,,
,,Chiken lollipop,,,,0.5 Pc,280,140,,,,,,140,,
,,Veg Burger,,,,1 Pc,50,50,,,,,,50,,
,,Chiken lollipop,,,,0.5 Pc,280,140,,,,,,140,,
,,Paratha,,,,2 Pc,25,50,,,,,,50,,
,,Chicken noodles,,,,1 Pc,190,190,,,,,,190,,
,,Chicken roll,,,,1 Pc,80,80,,,,,,80,,
,,Egg noodles,,,,1 Pc,130,130,,,,,,130,,
,,Veg Noodles,,,,0.5 Pc,110,55,,,,,,55,,
,,Chiken Manchurian,,,,1 Pc,160,160,,,,,,160,,
,,Egg roll,,,,1 Pc,50,50,,,,,,50,,
,,Chicken noodles,,,,2 Pc,150,300,,,,,,300,,
,,Paratha,,,,8 Pc,25,200,,,,,,200,,
,,Chiken lollipop,,,,1 Pc,280,280,,,,,,280,,
,,Chiken boneless,,,,0.5 Pc,150,75,,,,,,75,,
,,Chicken chilli,,,,0.5 Pc,200,100,,,,,,100,,
,,Egg noodles,,,,1 Pc,130,130,,,,,,130,,
,,Egg roll,,,,5 Pc,50,250,,,,,,250,,
,,Chicken roll,,,,1 Pc,80,80,,,,,,80,,
,,Chicken roll,,,,1 Pc,80,80,,,,,,80,,
,,Chicken chilli,,,,0.5 Pc,200,100,,,,,,100,,
,,Paratha,,,,1 Pc,25,25,,,,,,25,,
,,Egg roll,,,,5 Pc,50,250,,,,,,250,,
,,Chicken fried rice,,,,1 Pc,150,150,,,,,,150,,
,,Paneer Manchurian,,,,1 Pc,155,155,,,,,,155,,
17/04/2024,INV-00036,Cash,,,,,,,,,,,,,0,3589
,,Paneer roll,,,,1 Pc,70,70,,,,,,70,,
,,Veg fried rice,,,,1 Pc,110,110,,,,,,110,,
,,Paneer 65,,,,1 Pc,180,180,,,,,,180,,
,,Egg roll,,,,1 Pc,50,50,,,,,,50,,
,,Chicken noodles,,,,1 Pc,150,150,,,,,,150,,
,,Paneer noodles,,,,0.5 Pc,170,85,,,,,,85,,
,,French fries,,,,1 Pc,55,55,,,,,,55,,
,,Veg Noodles,,,,0.5 Pc,110,55,,,,,,55,,
,,Veg Noodles,,,,0.5 Pc,110,55,,,,,,55,,
,,Chicken roll,,,,3 Pc,80,240,,,,,,240,,
,,Veg Noodles,,,,0.5 Pc,110,55,,,,,,55,,
,,Veg Burger,,,,1 Pc,50,50,,,,,,50,,
,,Veg Noodles,,,,0.5 Pc,110,55,,,,,,55,,
,,Chicken noodles,,,,0.5 Pc,150,75,,,,,,75,,
,,Veg Burger,,,,1 Pc,50,50,,,,,,50,,
,,Veg Burger,,,,1 Pc,50,50,,,,,,50,,
,,Veg roll,,,,1 Pc,45,45,,,,,,45,,
,,Paneer roll,,,,2 Pc,70,140,,,,,,140,,
,,Chicken roll,,,,1 Pc,80,80,,,,,,80,,
,,Veg Noodles,,,,1 Pc,110,110,,,,,,110,,
,,Chicken noodles,,,,0.5 Pc,150,75,,,,,,75,,
,,Veg Burger,,,,1 Pc,50,50,,,,,,50,,
,,Chiken boneless,,,,1 Pc,150,150,,,,,,150,,
,,Veg Noodles,,,,1 Pc,110,110,,,,,,110,,
,,Paratha,,,,2 Pc,25,50,,,,,,50,,
,,Veg Manchurian,,,,1 Pc,129,129,,,,,,129,,
,,Chiken boneless,,,,1 Pc,150,150,,,,,,150,,
,,Paratha,,,,4 Pc,25,100,,,,,,100,,
,,Paneer chilli,,,,0.5 Pc,180,90,,,,,,90,,
,,Paratha,,,,2 Pc,25,50,,,,,,50,,
,,Chiken boneless,,,,1 Pc,150,150,,,,,,150,,
,,Chicken fried rice,,,,0.5 Pc,150,75,,,,,,75,,
,,Chicken roll,,,,1 Pc,80,80,,,,,,80,,
,,Chiken boneless,,,,1 Pc,150,150,,,,,,150,,
,,Paratha,,,,6 Pc,25,150,,,,,,150,,
,,Paneer chilli,,,,0.5 Pc,180,90,,,,,,90,,
,,Paratha,,,,2 Pc,25,50,,,,,,50,,
,,Veg Burger,,,,1 Pc,50,50,,,,,,50,,
,,Chicken roll,,,,1 Pc,80,80,,,,,,80,,
18/04/2024,INV-00037,Cash,,,,,,,,,,,,,0.5,3905
,,Egg roll,,,,2 Pc,50,100,,,,,,100,,
,,Veg Burger,,,,1 Pc,50,50,,,,,,50,,
,,French fries,,,,1 Pc,55,55,,,,,,55,,
,,Chicken noodles,,,,0.5 Pc,150,75,,,,,,75,,
,,Veg roll,,,,1 Pc,45,45,,,,,,45,,
,,Chicken roll,,,,2 Pc,80,160,,,,,,160,,
,,Chiken lollipop,,,,0.5 Pc,280,140,,,,,,140,,
,,Chiken boneless,,,,0.5 Pc,150,75,,,,,,75,,
,,Chicken fried rice,,,,0.5 Pc,150,75,,,,,,75,,
,,Chiken boneless,,,,0.5 Pc,150,75,,,,,,75,,
,,Chicken fried rice,,,,1 Pc,150,150,,,,,,150,,
,,Paneer fried rice,,,,1 Pc,150,150,,,,,,150,,
,,Veg Burger,,,,1 Pc,50,50,,,,,,50,,
,,Chicken fried rice,,,,0.5 Pc,150,75,,,,,,75,,
,,Veg Noodles,,,,1 Pc,110,110,,,,,,110,,
,,Chicken noodles,,,,1 Pc,150,150,,,,,,150,,
,,Chiken boneless,,,,0.5 Pc,150,75,,,,,,75,,
,,Paratha,,,,2 Pc,25,50,,,,,,50,,
,,Chicken noodles,,,,1 Pc,150,150,,,,,,150,,
,,Chicken crispy,,,,2 Pc,100,200,,,,,,200,,
,,Chicken roll,,,,4 Pc,80,320,,,,,,320,,
,,French fries,,,,2 Pc,55,110,,,,,,110,,
,,Veg Noodles,,,,1 Pc,110,110,,,,,,110,,
,,Paneer chilli,,,,1 Pc,180,180,,,,,,180,,
,,Chiken boneless,,,,1 Pc,150,150,,,,,,150,,
,,Veg Manchurian,,,,0.5 Pc,129,64.5,,,,,,64.5,,
,,Chicken fried rice,,,,1 Pc,150,150,,,,,,150,,
,,Chicken fried rice,,,,0.5 Pc,150,75,,,,,,75,,
,,Chicken roll,,,,2 Pc,80,160,,,,,,160,,
,,Chicken fried rice,,,,0.5 Pc,150,75,,,,,,75,,
,,Chiken boneless,,,,2 Pc,150,300,,,,,,300,,
,,Paratha,,,,8 Pc,25,200,,,,,,200,,
25/04/2024,INV-00038,Cash,,,,,,,,,,,,,0,3083
,,Chicken fried rice,,,,0.5 Pc,150,75,,,,,,75,,
,,Egg roll,,,,1 Pc,50,50,,,,,,50,,
,,Chicken noodles,,,,0.5 Pc,150,75,,,,,,75,,
,,Chicken roll,,,,1 Pc,80,80,,,,,,80,,
,,Chicken fried rice,,,,0.5 Pc,150,75,,,,,,75,,
,,Chicken burger,,,,1 Pc,60,60,,,,,,60,,
,,Egg roll,,,,1 Pc,50,50,,,,,,50,,
,,Chicken roll,,,,1 Pc,80,80,,,,,,80,,
,,Chicken crispy,,,,1 Pc,100,100,,,,,,100,,
,,Chicken roll,,,,3 Pc,80,240,,,,,,240,,
,,Veg Noodles,,,,2 Pc,110,220,,,,,,220,,
,,Chiken boneless,,,,1.5 Pc,150,225,,,,,,225,,
,,Veg Manchurian,,,,2 Pc,129,258,,,,,,258,,
,,Chicken fried rice,,,,1 Pc,200,200,,,,,,200,,
,,Chicken noodles,,,,1 Pc,150,150,,,,,,150,,
,,Chicken chilli,,,,0.5 Pc,200,100,,,,,,100,,
,,Chicken crispy,,,,1 Pc,100,100,,,,,,100,,
,,Chicken fried rice,,,,0.5 Pc,150,75,,,,,,75,,
,,Chiken boneless,,,,0.5 Pc,150,75,,,,,,75,,
,,Paneer roll,,,,1 Pc,70,70,,,,,,70,,
,,Chicken burger,,,,1 Pc,60,60,,,,,,60,,
,,Chicken noodles,,,,1.5 Pc,150,225,,,,,,225,,
,,Chiken boneless,,,,1 Pc,150,150,,,,,,150,,
,,Chicken noodles,,,,1 Pc,150,150,,,,,,150,,
,,Chicken burger,,,,1 Pc,60,60,,,,,,60,,
,,Chicken roll,,,,1 Pc,80,80,,,,,,80,,
26/04/2024,INV-00039,Cash,,,,,,,,,,,,,0.5,4268
,,Chicken burger,,,,2 Pc,60,120,,,,,,120,,
,,Chicken fried rice,,,,0.5 Pc,150,75,,,,,,75,,
,,Egg roll,,,,1 Pc,50,50,,,,,,50,,
,,Chicken burger,,,,2 Pc,60,120,,,,,,120,,
,,Egg roll,,,,1 Pc,50,50,,,,,,50,,
,,Chicken roll,,,,3 Pc,80,240,,,,,,240,,
,,Chicken fried rice,,,,1 Pc,150,150,,,,,,150,,
,,Egg burger,,,,1 Pc,30,30,,,,,,30,,
,,Chicken 65,,,,1 Pc,220,220,,,,,,220,,
,,Paratha,,,,4 Pc,25,100,,,,,,100,,
,,Chicken roll,,,,4 Pc,80,320,,,,,,320,,
,,Chicken noodles,,,,1 Pc,150,150,,,,,,150,,
,,Chicken noodles,,,,1 Pc,150,150,,,,,,150,,
,,Chicken roll,,,,1 Pc,80,80,,,,,,80,,
,,Chicken noodles,,,,2 Pc,150,300,,,,,,300,,
,,Paneer roll,,,,3 Pc,70,210,,,,,,210,,
,,Chicken burger,,,,7 Pc,60,420,,,,,,420,,
,,Chicken roll,,,,2 Pc,80,160,,,,,,160,,
,,Chiken boneless,,,,1 Pc,150,150,,,,,,150,,
,,Paratha,,,,2 Pc,25,50,,,,,,50,,
,,Chicken fried rice,,,,0.5 Pc,150,75,,,,,,75,,
,,Egg roll,,,,2 Pc,50,100,,,,,,100,,
,,Chicken roll,,,,1 Pc,80,80,,,,,,80,,
,,Veg roll,,,,2 Pc,45,90,,,,,,90,,
,,Chicken chilli,,,,1 Pc,200,200,,,,,,200,,
,,Chicken roll,,,,3 Pc,80,240,,,,,,240,,
,,Paneer Manchurian,,,,0.5 Pc,155,77.5,,,,,,77.5,,
,,Chicken crispy,,,,1 Pc,100,100,,,,,,100,,
,,Chicken roll,,,,1 Pc,80,80,,,,,,80,,
,,Chicken roll,,,,1 Pc,80,80,,,,,,80,,
27/04/2024,INV-00040,Cash,,,,,,,,,,,,,0,3925
,,Chicken roll,,,,1 Pc,80,80,,,,,,80,,
,,Chicken crispy,,,,1 Pc,100,100,,,,,,100,,
,,Egg roll,,,,1 Pc,50,50,,,,,,50,,
,,Chicken noodles,,,,1 Pc,150,150,,,,,,150,,
,,Chicken burger,,,,1 Pc,60,60,,,,,,60,,
,,Veg Burger,,,,1 Pc,50,50,,,,,,50,,
,,Chiken lollipop,,,,1 Pc,280,280,,,,,,280,,
,,Chicken 65,,,,1 Pc,220,220,,,,,,220,,
,,Chicken burger,,,,3 Pc,60,180,,,,,,180,,
,,Chiken boneless,,,,1 Pc,150,150,,,,,,150,,
,,Chicken 65,,,,1 Pc,220,220,,,,,,220,,
,,Chicken roll,,,,1 Pc,80,80,,,,,,80,,
,,Chiken lollipop,,,,0.5 Pc,280,140,,,,,,140,,
,,Egg roll,,,,2 Pc,50,100,,,,,,100,,
,,Chicken noodles,,,,1 Pc,150,150,,,,,,150,,
,,Chicken roll,,,,1 Pc,80,80,,,,,,80,,
,,Chicken fried rice,,,,2 Pc,150,300,,,,,,300,,
,,Chicken crispy,,,,1 Pc,100,100,,,,,,100,,
,,Chiken boneless,,,,1.5 Pc,150,225,,,,,,225,,
,,Paneer roll,,,,1 Pc,70,70,,,,,,70,,
,,Chicken roll,,,,1 Pc,80,80,,,,,,80,,
,,Chicken chilli,,,,2 Pc,200,400,,,,,,400,,
,,Egg roll,,,,3 Pc,50,150,,,,,,150,,
,,Chicken chilli,,,,0.5 Pc,200,100,,,,,,100,,
,,Paratha,,,,3 Pc,25,75,,,,,,75,,
,,Chicken fried rice,,,,0.5 Pc,150,75,,,,,,75,,
,,Chicken chilli,,,,0.5 Pc,200,100,,,,,,100,,
,,Chicken roll,,,,2 Pc,80,160,,,,,,160,,
28/04/2024,INV-00041,Cash,,,,,,,,,,,,,0,3104
,,Chicken crispy,,,,1 Pc,100,100,,,,,,100,,
,,Veg fried rice,,,,1 Pc,110,110,,,,,,110,,
,,Veg Burger,,,,2 Pc,50,100,,,,,,100,,
,,Chicken noodles,,,,1 Pc,150,150,,,,,,150,,
,,Paneer noodles,,,,0.5 Pc,170,85,,,,,,85,,
,,Chicken roll,,,,2 Pc,80,160,,,,,,160,,
,,Chicken roll,,,,1 Pc,80,80,,,,,,80,,
,,Egg roll,,,,1 Pc,50,50,,,,,,50,,
,,Veg Noodles,,,,1.5 Pc,110,165,,,,,,165,,
,,Chicken crispy,,,,1 Pc,100,100,,,,,,100,,
,,Paratha,,,,1 Pc,25,25,,,,,,25,,
,,Veg roll,,,,2 Pc,45,90,,,,,,90,,
,,Paneer noodles,,,,1 Pc,150,150,,,,,,150,,
,,Chiken Schezwan,,,,1 Pc,170,170,,,,,,170,,
,,Chicken noodles,,,,1 Pc,150,150,,,,,,150,,
,,Chicken chilli,,,,1 Pc,200,200,,,,,,200,,
,,Chicken roll,,,,1 Pc,80,80,,,,,,80,,
,,Chicken fried rice,,,,0.5 Pc,150,75,,,,,,75,,
,,Chicken roll,,,,6 Pc,80,480,,,,,,480,,
,,Chicken fried rice,,,,2 Pc,150,300,,,,,,300,,
,,Veg Manchurian,,,,1 Pc,129,129,,,,,,129,,
,,Veg roll,,,,1 Pc,45,45,,,,,,45,,
,,Chicken burger,,,,1 Pc,60,60,,,,,,60,,
,,Egg roll,,,,1 Pc,50,50,,,,,,50,,
29/04/2024,INV-00042,Cash,,,,,,,,,,,,,0,4435
,,Paneer fried rice,,,,0.5 Pc,150,75,,,,,,75,,
,,Paneer chilli,,,,0.5 Pc,180,90,,,,,,90,,
,,Paratha,,,,2 Pc,25,50,,,,,,50,,
,,Chicken roll,,,,1 Pc,80,80,,,,,,80,,
,,Paneer 65,,,,1 Pc,180,180,,,,,,180,,
,,Paratha,,,,4 Pc,25,100,,,,,,100,,
,,Veg Burger,,,,10 Pc,50,500,,,,,,500,,
,,Chicken burger,,,,1 Pc,60,60,,,,,,60,,
,,Chicken roll,,,,1 Pc,80,80,,,,,,80,,
,,Chicken roll,,,,3 Pc,80,240,,,,,,240,,
,,Veg roll,,,,1 Pc,45,45,,,,,,45,,
,,Egg roll,,,,1 Pc,50,50,,,,,,50,,
,,Chicken roll,,,,2 Pc,80,160,,,,,,160,,
,,Chicken roll,,,,1 Pc,80,80,,,,,,80,,
,,Chicken fried rice,,,,2.5 Pc,150,375,,,,,,375,,
,,Chiken lollipop,,,,1 Pc,280,280,,,,,,280,,
,,Chicken roll,,,,1 Pc,80,80,,,,,,80,,
,,Chiken boneless,,,,1 Pc,150,150,,,,,,150,,
,,Chicken fried rice,,,,1.5 Pc,150,225,,,,,,225,,
,,Chicken crispy,,,,1 Pc,100,100,,,,,,100,,
,,Bone chilly,,,,1 Pc,180,180,,,,,,180,,
,,Veg Burger,,,,3 Pc,50,150,,,,,,150,,
,,Veg Noodles,,,,1 Pc,110,110,,,,,,110,,
,,Chicken burger,,,,1 Pc,60,60,,,,,,60,,
,,Chiken boneless,,,,1.5 Pc,150,225,,,,,,225,,
,,Paneer chilli,,,,1 Pc,180,180,,,,,,180,,
,,Paratha,,,,2 Pc,25,50,,,,,,50,,
,,Veg Burger,,,,1 Pc,50,50,,,,,,50,,
,,Chicken roll,,,,1 Pc,80,80,,,,,,80,,
,,Chiken lollipop,,,,0.5 Pc,280,140,,,,,,140,,
,,Paratha,,,,1 Pc,25,25,,,,,,25,,
,,Chicken schezwan,,,,0.5 Pc,170,85,,,,,,85,,
,,Chicken crispy,,,,1 Pc,100,100,,,,,,100,,
30/04/2024,INV-00043,Cash,,,,,,,,,,,,,0,4249
,,Veg Manchurian,,,,1 Pc,129,129,,,,,,129,,
,,Veg fried rice,,,,1 Pc,110,110,,,,,,110,,
,,Chicken noodles,,,,0.5 Pc,150,75,,,,,,75,,
,,Egg roll,,,,1 Pc,50,50,,,,,,50,,
,,Veg Noodles,,,,1 Pc,110,110,,,,,,110,,
,,Chicken roll,,,,3 Pc,80,240,,,,,,240,,
,,Chiken lollipop,,,,0.5 Pc,280,140,,,,,,140,,
,,Chicken fried rice,,,,0.5 Pc,150,75,,,,,,75,,
,,Chiken boneless,,,,0.5 Pc,150,75,,,,,,75,,
,,Egg roll,,,,2 Pc,50,100,,,,,,100,,
,,Veg Burger,,,,1 Pc,50,50,,,,,,50,,
,,Veg roll,,,,1 Pc,45,45,,,,,,45,,
,,Chicken roll,,,,3 Pc,80,240,,,,,,240,,
,,Veg Burger,,,,1 Pc,50,50,,,,,,50,,
,,Chicken roll,,,,1 Pc,80,80,,,,,,80,,
,,French fries,,,,1 Pc,55,55,,,,,,55,,
,,Chicken noodles,,,,0.5 Pc,150,75,,,,,,75,,
,,French fries,,,,2 Pc,55,110,,,,,,110,,
,,Chicken chilli,,,,0.5 Pc,200,100,,,,,,100,,
,,Paratha,,,,1 Pc,25,25,,,,,,25,,
,,Paneer chilli,,,,0.5 Pc,180,90,,,,,,90,,
,,Paratha,,,,1 Pc,25,25,,,,,,25,,
,,Chicken chilli,,,,0.5 Pc,200,100,,,,,,100,,
,,Chicken noodles,,,,0.5 Pc,150,75,,,,,,75,,
,,Veg Noodles,,,,0.5 Pc,110,55,,,,,,55,,
,,Chicken fried rice,,,,0.5 Pc,150,75,,,,,,75,,
,,Chiken boneless,,,,0.5 Pc,150,75,,,,,,75,,
,,Paneer chilli,,,,1 Pc,180,180,,,,,,180,,
,,French fries,,,,2 Pc,55,110,,,,,,110,,
,,Chicken schezwan,,,,1 Pc,170,170,,,,,,170,,
,,Paratha,,,,3 Pc,25,75,,,,,,75,,
,,Paneer chilli,,,,1 Pc,180,180,,,,,,180,,
,,Paratha,,,,5 Pc,25,125,,,,,,125,,
,,French fries,,,,1 Pc,55,55,,,,,,55,,
,,Chicken roll,,,,1 Pc,80,80,,,,,,80,,
,,Paneer fried rice,,,,0.5 Pc,150,75,,,,,,75,,
,,Chicken noodles,,,,1 Pc,150,150,,,,,,150,,
,,Paratha,,,,6 Pc,25,150,,,,,,150,,
,,Chiken lollipop,,,,1 Pc,280,280,,,,,,280,,
,,Chiken boneless,,,,0.5 Pc,150,75,,,,,,75,,
,,Paratha,,,,1 Pc,25,25,,,,,,25,,
,,Paneer chilli,,,,0.5 Pc,180,90,,,,,,90,,
01/05/2024,INV-00001,Cash,,,,,,,,,,,,,0,440
,,Veg fried rice,,,,1.5 Pc,120,180,,,,,,180,,
,,Chiken boneless,,,,1 Pc,150,150,,,,,,150,,
,,Chicken chilli,,,,0.5 Pc,220,110,,,,,,110,,
01/05/2024,INV-00002,Cash,,,,,,,,,,,,,0,450
,,Chicken noodles,,,,3 Pc,150,450,,,,,,450,,
01/05/2024,INV-00003,Cash,,,,,,,,,,,,,0,280
,,Chiken lollipop,,,,1 Pc,280,280,,,,,,280,,
01/05/2024,INV-00004,Cash,,,,,,,,,,,,,0,80
,,Chicken roll,,,,1 Pc,80,80,,,,,,80,,
01/05/2024,INV-00005,Cash,,,,,,,,,,,,,0,50
,,Egg roll,,,,1 Pc,50,50,,,,,,50,,
01/05/2024,INV-00006,Cash,,,,,,,,,,,,,0,130
,,Veg Burger,,,,1 Pc,50,50,,,,,,50,,
,,Chicken roll,,,,1 Pc,80,80,,,,,,80,,
01/05/2024,INV-00007,Cash,,,,,,,,,,,,,0,180
,,Paneer chilli,,,,1 Pc,180,180,,,,,,180,,
01/05/2024,INV-00008,Cash,,,,,,,,,,,,,0,220
,,Veg Noodles,,,,0.5 Pc,140,70,,,,,,70,,
,,Veg Burger,,,,2 Pc,75,150,,,,,,150,,
01/05/2024,INV-00009,Cash,,,,,,,,,,,,,0,1760
,,Chiken Schezwan,,,,1 Pc,170,170,,,,,,170,,
,,Soup,,,,1 Pc,100,100,,,,,,100,,
,,Paratha,,,,4 Pc,25,100,,,,,,100,,
,,Chicken chilli,,,,1 Pc,200,200,,,,,,200,,
,,Chicken roll,,,,1 Pc,100,100,,,,,,100,,
,,Veg Noodles,,,,1 Pc,110,110,,,,,,110,,
,,Paratha,,,,5 Pc,25,125,,,,,,125,,
,,Bone chilly,,,,0.5 Pc,220,110,,,,,,110,,
,,Chiken boneless,,,,0.5 Pc,170,85,,,,,,85,,
,,Veg Noodles,,,,0.5 Pc,120,60,,,,,,60,,
,,Paneer roll,,,,2 Pc,70,140,,,,,,140,,
,,Chiken lollipop,,,,0.5 Pc,310,155,,,,,,155,,
,,Chiken lollipop,,,,0.5 Pc,310,155,,,,,,155,,
,,Chiken boneless,,,,1 Pc,150,150,,,,,,150,,
02/05/2024,INV-00010,Cash,,,,,,,,,,,,,0,3705
,,Chicken fried rice,,,,1 Pc,160,160,,,,,,160,,
,,Chiken boneless,,,,0.5 Pc,170,85,,,,,,85,,
,,Paratha,,,,1 Pc,25,25,,,,,,25,,
,,French fries,,,,1 Pc,55,55,,,,,,55,,
,,Chicken roll,,,,3 Pc,80,240,,,,,,240,,
,,Chicken chilli,,,,0.5 Pc,220,110,,,,,,110,,
,,Veg Noodles,,,,1 Pc,110,110,,,,,,110,,
,,Veg Noodles,,,,0.5 Pc,120,60,,,,,,60,,
,,Chicken noodles,,,,1 Pc,150,150,,,,,,150,,
,,Veg Noodles,,,,1 Pc,120,120,,,,,,120,,
,,Chicken roll,,,,1 Pc,80,80,,,,,,80,,
,,Chiken lollipop,,,,1 Pc,280,280,,,,,,280,,
,,Veg Noodles,,,,1 Pc,110,110,,,,,,110,,
,,French fries,,,,1 Pc,55,55,,,,,,55,,
,,Chicken roll,,,,2 Pc,80,160,,,,,,160,,
,,Chicken roll,,,,1 Pc,80,80,,,,,,80,,
,,Chicken roll,,,,1 Pc,80,80,,,,,,80,,
,,Veg Burger,,,,1 Pc,50,50,,,,,,50,,
,,Chicken roll,,,,6 Pc,80,480,,,,,,480,,
,,Chiken lollipop,,,,1 Pc,280,280,,,,,,280,,
,,Veg roll,,,,2 Pc,45,90,,,,,,90,,
,,Veg Noodles,,,,0.5 Pc,120,60,,,,,,60,,
,,Chicken noodles,,,,2 Pc,80,160,,,,,,160,,
,,Chicken noodles,,,,0.5 Pc,160,80,,,,,,80,,
,,Chiken boneless,,,,1 Pc,85,85,,,,,,85,,
,,Chicken noodles,,,,1 Pc,160,160,,,,,,160,,
,,Veg Noodles,,,,0.5 Pc,120,60,,,,,,60,,
,,Chicken crispy,,,,1 Pc,100,100,,,,,,100,,
,,Veg Noodles,,,,0.5 Pc,120,60,,,,,,60,,
,,Chicken roll,,,,1 Pc,80,80,,,,,,80,,
03/05/2024,INV-00011,Cash,,,,,,,,,,,,,0,2230
,,Chicken roll,,,,1 Pc,80,80,,,,,,80,,
,,Egg roll,,,,1 Pc,60,60,,,,,,60,,
,,Chicken roll,,,,2 Pc,80,160,,,,,,160,,
,,Chiken boneless,,,,0.5 Pc,170,85,,,,,,85,,
,,Paratha,,,,2 Pc,25,50,,,,,,50,,
,,Egg burger,,,,1 Pc,30,30,,,,,,30,,
,,Veg Burger,,,,1 Pc,65,65,,,,,,65,,
,,Chicken chilli,,,,0.5 Pc,220,110,,,,,,110,,
,,Chicken fried rice,,,,0.5 Pc,160,80,,,,,,80,,
,,Veg Noodles,,,,2 Pc,110,220,,,,,,220,,
,,Paneer roll,,,,3 Pc,80,240,,,,,,240,,
,,Veg Burger,,,,1 Pc,50,50,,,,,,50,,
,,Chicken roll,,,,2 Pc,80,160,,,,,,160,,
,,Chicken noodles,,,,1 Pc,160,160,,,,,,160,,
,,Chicken roll,,,,2 Pc,80,160,,,,,,160,,
,,Chicken roll,,,,1 Pc,80,80,,,,,,80,,
,,Chiken boneless,,,,0.5 Pc,170,85,,,,,,85,,
,,Chiken Schezwan,,,,0.5 Pc,180,90,,,,,,90,,
,,Chiken boneless,,,,0.5 Pc,170,85,,,,,,85,,
,,Chicken roll,,,,1 Pc,80,80,,,,,,80,,
,,Egg roll,,,,2 Pc,50,100,,,,,,100,,
04/05/2024,INV-00012,Cash,,,,,,,,,,,,,0,3060
,,Chicken roll,,,,1 Pc,80,80,,,,,,80,,
,,Egg roll,,,,1 Pc,50,50,,,,,,50,,
,,Chicken crispy,,,,1 Pc,100,100,,,,,,100,,
,,Chicken roll,,,,1 Pc,80,80,,,,,,80,,
,,Chicken noodles,,,,0.5 Pc,160,80,,,,,,80,,
,,Paneer noodles,,,,0.5 Pc,160,80,,,,,,80,,
,,French fries,,,,2 Pc,55,110,,,,,,110,,
,,Chicken fried rice,,,,1 Pc,150,150,,,,,,150,,
,,Chicken noodles,,,,1 Pc,150,150,,,,,,150,,
,,Chiken boneless,,,,1 Pc,150,150,,,,,,150,,
,,Chiken boneless,,,,2 Pc,150,300,,,,,,300,,
,,Chicken noodles,,,,0.5 Pc,180,90,,,,,,90,,
,,Chiken boneless,,,,1 Pc,150,150,,,,,,150,,
,,Chicken fried rice,,,,1 Pc,150,150,,,,,,150,,
,,Chicken roll,,,,1 Pc,80,80,,,,,,80,,
,,Veg Noodles,,,,0.5 Pc,120,60,,,,,,60,,
,,Egg roll,,,,1 Pc,60,60,,,,,,60,,
,,Paneer roll,,,,1 Pc,70,70,,,,,,70,,
,,Egg roll,,,,2 Pc,50,100,,,,,,100,,
,,Chicken roll,,,,2 Pc,80,160,,,,,,160,,
,,Chicken roll,,,,1 Pc,80,80,,,,,,80,,
,,Chicken roll,,,,1 Pc,100,100,,,,,,100,,
,,Chiken Manchurian,,,,2 Pc,160,320,,,,,,320,,
,,Chicken roll,,,,3 Pc,80,240,,,,,,240,,
,,Paneer roll,,,,1 Pc,70,70,,,,,,70,,
05/05/2024,INV-00013,Cash,,,,,,,,,,,,,0,3775
,,Chicken fried rice,,,,1 Pc,200,200,,,,,,200,,
,,Chicken 65,,,,1 Pc,220,220,,,,,,220,,
,,Veg roll,,,,2 Pc,45,90,,,,,,90,,
,,Chicken noodles,,,,1 Pc,150,150,,,,,,150,,
,,Veg Burger,,,,3 Pc,50,150,,,,,,150,,
,,Veg Noodles,,,,0.5 Pc,120,60,,,,,,60,,
,,Chicken fried rice,,,,1.5 Pc,153.33,230,,,,,,230,,
,,Veg Burger,,,,1 Pc,50,50,,,,,,50,,
,,Veg Burger,,,,1 Pc,50,50,,,,,,50,,
,,Chicken schezwan,,,,0.5 Pc,180,90,,,,,,90,,
,,Chicken fried rice,,,,1 Pc,150,150,,,,,,150,,
,,Chicken roll,,,,4 Pc,90,360,,,,,,360,,
,,Chicken roll,,,,1 Pc,90,90,,,,,,90,,
,,Chicken roll,,,,1 Pc,80,80,,,,,,80,,
,,French fries,,,,1 Pc,55,55,,,,,,55,,
,,Chicken noodles,,,,1.5 Pc,153.33,230,,,,,,230,,
,,Chiken boneless,,,,1 Pc,150,150,,,,,,150,,
,,Veg Noodles,,,,1 Pc,110,110,,,,,,110,,
,,Chicken noodles,,,,0.5 Pc,160,80,,,,,,80,,
,,Soup,,,,1 Pc,100,100,,,,,,100,,
,,Chiken boneless,,,,1 Pc,150,150,,,,,,150,,
,,Paratha,,,,4 Pc,25,100,,,,,,100,,
,,Paneer roll,,,,2 Pc,70,140,,,,,,140,,
,,Veg Noodles,,,,0.5 Pc,120,60,,,,,,60,,
,,Chicken noodles,,,,2 Pc,150,300,,,,,,300,,
,,Chicken roll,,,,1 Pc,80,80,,,,,,80,,
,,Veg Burger,,,,5 Pc,50,250,,,,,,250,,
06/05/2024,INV-00014,Cash,,,,,,,,,,,,,0,2980
,,Chicken roll,,,,1 Pc,90,90,,,,,,90,,
,,Veg Burger,,,,2 Pc,50,100,,,,,,100,,
,,Chicken roll,,,,2 Pc,90,180,,,,,,180,,
,,Chicken roll,,,,1 Pc,80,80,,,,,,80,,
,,Egg roll,,,,3 Pc,60,180,,,,,,180,,
,,French fries,,,,1 Pc,55,55,,,,,,55,,
,,Chicken roll,,,,3 Pc,80,240,,,,,,240,,
,,Chicken chilli,,,,1 Pc,200,200,,,,,,200,,
,,Chiken Schezwan,,,,0.5 Pc,180,90,,,,,,90,,
,,Chicken roll,,,,1 Pc,80,80,,,,,,80,,
,,Veg Noodles,,,,1 Pc,110,110,,,,,,110,,
,,Egg roll,,,,1 Pc,60,60,,,,,,60,,
,,Chicken noodles,,,,0.5 Pc,160,80,,,,,,80,,
,,Chicken roll,,,,1 Pc,80,80,,,,,,80,,
,,Chicken roll,,,,1 Pc,80,80,,,,,,80,,
,,Chicken roll,,,,2 Pc,90,180,,,,,,180,,
,,Chicken roll,,,,2 Pc,90,180,,,,,,180,,
,,Chiken boneless,,,,0.5 Pc,170,85,,,,,,85,,
,,Chicken crispy,,,,1 Pc,100,100,,,,,,100,,
,,Chiken boneless,,,,1 Pc,150,150,,,,,,150,,
,,Paratha,,,,8 Pc,25,200,,,,,,200,,
,,Chicken roll,,,,1 Pc,100,100,,,,,,100,,
,,Chiken lollipop,,,,1 Pc,280,280,,,,,,280,,
07/05/2024,INV-00015,Cash,,,,,,,,,,,,,0,2515
,,Veg roll,,,,1 Pc,45,45,,,,,,45,,
,,Chicken burger,,,,1 Pc,60,60,,,,,,60,,
,,Veg Burger,,,,1 Pc,50,50,,,,,,50,,
,,Veg Noodles,,,,0.5 Pc,120,60,,,,,,60,,
,,Paneer noodles,,,,0.5 Pc,160,80,,,,,,80,,
,,Chicken roll,,,,2 Pc,80,160,,,,,,160,,
,,Chicken burger,,,,1 Pc,60,60,,,,,,60,,
,,Chicken fried rice,,,,0.5 Pc,160,80,,,,,,80,,
,,Chicken noodles,,,,0.5 Pc,180,90,,,,,,90,,
,,Veg Noodles,,,,1 Pc,130,130,,,,,,130,,
,,Chicken roll,,,,1 Pc,80,80,,,,,,80,,
,,Chicken fried rice,,,,0.5 Pc,150,75,,,,,,75,,
,,Chiken boneless,,,,0.5 Pc,150,75,,,,,,75,,
,,Chiken boneless,,,,1 Pc,150,150,,,,,,150,,
,,Paratha,,,,5 Pc,25,125,,,,,,125,,
,,Chicken crispy,,,,1 Pc,100,100,,,,,,100,,
,,Chicken schezwan,,,,1 Pc,170,170,,,,,,170,,
,,Chicken roll,,,,1 Pc,80,80,,,,,,80,,
,,Chicken 65,,,,1 Pc,220,220,,,,,,220,,
,,Paratha,,,,3 Pc,25,75,,,,,,75,,
,,Chicken roll,,,,2 Pc,80,160,,,,,,160,,
,,Chicken crispy,,,,2 Pc,100,200,,,,,,200,,
,,Veg Noodles,,,,1 Pc,110,110,,,,,,110,,
,,Chicken roll,,,,1 Pc,80,80,,,,,,80,,
09/05/2024,INV-00017,Cash,,,,,,,,,,,,,0.5,4025
,,French fries,,,,1 Pc,55,55,,,,,,55,,
,,Chicken noodles,,,,0.5 Pc,150,75,,,,,,75,,
,,Egg fried rice,,,,0.5 Pc,130,65,,,,,,65,,
,,Chicken roll,,,,1 Pc,90,90,,,,,,90,,
,,Veg Burger,,,,2 Pc,50,100,,,,,,100,,
,,Chicken burger,,,,1 Pc,60,60,,,,,,60,,
,,Veg roll,,,,2 Pc,45,90,,,,,,90,,
,,Veg Burger,,,,2 Pc,50,100,,,,,,100,,
,,Paratha,,,,3 Pc,25,75,,,,,,75,,
,,Chicken noodles,,,,1 Pc,150,150,,,,,,150,,
,,Chicken noodles,,,,0.5 Pc,150,75,,,,,,75,,
,,Chicken roll,,,,3 Pc,80,240,,,,,,240,,
,,Chicken roll,,,,1 Pc,80,80,,,,,,80,,
,,Egg roll,,,,1 Pc,50,50,,,,,,50,,
,,Egg burger,,,,1 Pc,30,30,,,,,,30,,
,,Chicken roll,,,,1 Pc,80,80,,,,,,80,,
,,Chicken fried rice,,,,1 Pc,150,150,,,,,,150,,
,,Chicken crispy,,,,1 Pc,100,100,,,,,,100,,
,,Chicken fried rice,,,,1.5 Pc,150,225,,,,,,225,,
,,Chicken crispy,,,,1 Pc,100,100,,,,,,100,,
,,Chicken roll,,,,1 Pc,80,80,,,,,,80,,
,,Paneer roll,,,,1 Pc,70,70,,,,,,70,,
,,Veg roll,,,,2 Pc,45,90,,,,,,90,,
,,Veg Noodles,,,,1 Pc,110,110,,,,,,110,,
,,Chiken lollipop,,,,0.5 Pc,280,140,,,,,,140,,
,,Veg Noodles,,,,1 Pc,110,110,,,,,,110,,
,,Veg Manchurian,,,,0.5 Pc,129,64.5,,,,,,64.5,,
,,Egg burger,,,,1 Pc,30,30,,,,,,30,,
,,Chicken fried rice,,,,0.5 Pc,150,75,,,,,,75,,
,,Chicken roll,,,,2 Pc,80,160,,,,,,160,,
,,Paneer roll,,,,4 Pc,70,280,,,,,,280,,
,,Chiken lollipop,,,,1 Pc,280,280,,,,,,280,,
,,Paratha,,,,6 Pc,25,150,,,,,,150,,
,,Egg roll,,,,1 Pc,50,50,,,,,,50,,
,,Chicken chilli,,,,1 Pc,200,200,,,,,,200,,
,,Veg roll,,,,2 Pc,45,90,,,,,,90,,
,,French fries,,,,1 Pc,55,55,,,,,,55,,
10/05/2024,INV-00018,Cash,,,,,,,,,,,,,0,2705
,,Chicken burger,,,,1 Pc,60,60,,,,,,60,,
,,Veg Burger,,,,1 Pc,50,50,,,,,,50,,
,,Chicken roll,,,,1 Pc,80,80,,,,,,80,,
,,Veg Burger,,,,1 Pc,50,50,,,,,,50,,
,,Chicken noodles,,,,0.5 Pc,150,75,,,,,,75,,
,,Chicken fried rice,,,,0.5 Pc,150,75,,,,,,75,,
,,Chicken noodles,,,,0.5 Pc,150,75,,,,,,75,,
,,Chicken roll,,,,1 Pc,80,80,,,,,,80,,
,,Chiken lollipop,,,,0.5 Pc,280,140,,,,,,140,,
,,Chicken noodles,,,,1 Pc,150,150,,,,,,150,,
,,Chicken schezwan,,,,1 Pc,170,170,,,,,,170,,
,,French fries,,,,1 Pc,55,55,,,,,,55,,
,,Chicken roll,,,,1 Pc,80,80,,,,,,80,,
,,Chicken noodles,,,,0.5 Pc,150,75,,,,,,75,,
,,Chicken burger,,,,7 Pc,60,420,,,,,,420,,
,,Chicken 65,,,,1 Pc,220,220,,,,,,220,,
,,Chicken burger,,,,1 Pc,60,60,,,,,,60,,
,,Chicken noodles,,,,1 Pc,150,150,,,,,,150,,
,,Chicken noodles,,,,1 Pc,150,150,,,,,,150,,
,,Chicken roll,,,,1 Pc,80,80,,,,,,80,,
,,Egg roll,,,,1 Pc,50,50,,,,,,50,,
,,Chicken roll,,,,2 Pc,80,160,,,,,,160,,
,,Egg roll,,,,1 Pc,50,50,,,,,,50,,
,,Chicken fried rice,,,,1 Pc,150,150,,,,,,150,,
11/05/2024,INV-00020,Cash,,,,,,,,,,,,,0,3184
,,Chicken roll,,,,1 Pc,80,80,,,,,,80,,
,,Chicken roll,,,,1 Pc,80,80,,,,,,80,,
,,Chicken roll,,,,1 Pc,80,80,,,,,,80,,
,,Chicken roll,,,,1 Pc,80,80,,,,,,80,,
,,Chicken fried rice,,,,1 Pc,150,150,,,,,,150,,
,,Chicken noodles,,,,2 Pc,150,300,,,,,,300,,
,,Egg roll,,,,1 Pc,50,50,,,,,,50,,
,,Chicken roll,,,,2 Pc,80,160,,,,,,160,,
,,Chicken roll,,,,3 Pc,80,240,,,,,,240,,
,,Egg roll,,,,1 Pc,50,50,,,,,,50,,
,,Chicken roll,,,,2 Pc,80,160,,,,,,160,,
,,Egg noodles,,,,1 Pc,130,130,,,,,,130,,
,,Paneer noodles,,,,0.5 Pc,170,85,,,,,,85,,
,,Egg fried rice,,,,0.5 Pc,130,65,,,,,,65,,
,,Chicken roll,,,,1 Pc,80,80,,,,,,80,,
,,Chiken boneless,,,,0.5 Pc,150,75,,,,,,75,,
,,Chicken roll,,,,1 Pc,80,80,,,,,,80,,
,,Chicken crispy,,,,1 Pc,100,100,,,,,,100,,
,,Chicken noodles,,,,2 Pc,150,300,,,,,,300,,
,,Chiken boneless,,,,1 Pc,150,150,,,,,,150,,
,,Veg Manchurian,,,,1 Pc,129,129,,,,,,129,,
,,Chicken noodles,,,,0.5 Pc,150,75,,,,,,75,,
,,Chicken roll,,,,1 Pc,80,80,,,,,,80,,
,,Veg Noodles,,,,0.5 Pc,110,55,,,,,,55,,
,,Chicken chilli,,,,1 Pc,200,200,,,,,,200,,
,,Paneer roll,,,,1 Pc,70,70,,,,,,70,,
,,Chicken roll,,,,1 Pc,80,80,,,,,,80,,
12/05/2024,INV-00021,Cash,,,,,,,,,,,,,0,4470
,,Chiken boneless,,,,1 Pc,150,150,,,,,,150,,
,,Paratha,,,,3 Pc,25,75,,,,,,75,,
,,Chicken crispy,,,,2 Pc,100,200,,,,,,200,,
,,Chicken burger,,,,4 Pc,60,240,,,,,,240,,
,,Chicken fried rice,,,,0.5 Pc,150,75,,,,,,75,,
,,Chicken crispy,,,,1 Pc,100,100,,,,,,100,,
,,Veg Noodles,,,,1 Pc,110,110,,,,,,110,,
,,Chicken burger,,,,2 Pc,60,120,,,,,,120,,
,,Paratha,,,,4 Pc,25,100,,,,,,100,,
,,Chiken boneless,,,,1 Pc,150,150,,,,,,150,,
,,Egg burger,,,,2 Pc,30,60,,,,,,60,,
,,Veg roll,,,,1 Pc,45,45,,,,,,45,,
,,Chicken noodles,,,,1 Pc,150,150,,,,,,150,,
,,Chiken boneless,,,,1 Pc,150,150,,,,,,150,,
,,Chicken roll,,,,1 Pc,80,80,,,,,,80,,
,,Chicken roll,,,,1 Pc,80,80,,,,,,80,,
,,Chicken chilli,,,,1 Pc,200,200,,,,,,200,,
,,Egg burger,,,,2 Pc,30,60,,,,,,60,,
,,Veg fried rice,,,,1.5 Pc,110,165,,,,,,165,,
,,Chiken lollipop,,,,0.5 Pc,280,140,,,,,,140,,
,,Chiken boneless,,,,1 Pc,150,150,,,,,,150,,
,,Soup,,,,1.5 Pc,100,150,,,,,,150,,
,,Chicken roll,,,,2 Pc,80,160,,,,,,160,,
,,Chicken roll,,,,1 Pc,80,80,,,,,,80,,
,,Chiken boneless,,,,1.5 Pc,150,225,,,,,,225,,
,,Paratha,,,,6 Pc,25,150,,,,,,150,,
,,Chicken noodles,,,,1 Pc,150,150,,,,,,150,,
,,Chicken fried rice,,,,1 Pc,150,150,,,,,,150,,
,,Chicken roll,,,,1 Pc,80,80,,,,,,80,,
,,Chicken noodles,,,,1.5 Pc,150,225,,,,,,225,,
,,Chiken boneless,,,,1 Pc,150,150,,,,,,150,,
,,Chicken roll,,,,2 Pc,80,160,,,,,,160,,
,,Chiken lollipop,,,,0.5 Pc,280,140,,,,,,140,,
,,Paratha,,,,2 Pc,25,50,,,,,,50,,
13/05/2024,INV-00022,Cash,,,,,,,,,,,,,0,2080
,,Soup,,,,1 Pc,60,60,,,,,,60,,
,,Chicken fried rice,,,,0.5 Pc,150,75,,,,,,75,,
,,Chicken fried rice,,,,1 Pc,150,150,,,,,,150,,
,,Chiken boneless,,,,1 Pc,150,150,,,,,,150,,
,,Paratha,,,,3 Pc,25,75,,,,,,75,,
,,Chicken roll,,,,1 Pc,80,80,,,,,,80,,
,,Chicken chilli,,,,0.5 Pc,200,100,,,,,,100,,
,,Paratha,,,,2 Pc,25,50,,,,,,50,,
,,Egg roll,,,,3 Pc,50,150,,,,,,150,,
,,Chicken burger,,,,1 Pc,60,60,,,,,,60,,
,,Chicken roll,,,,1 Pc,80,80,,,,,,80,,
,,Chicken noodles,,,,0.5 Pc,150,75,,,,,,75,,
,,Chicken schezwan,,,,0.5 Pc,170,85,,,,,,85,,
,,Chicken noodles,,,,1 Pc,150,150,,,,,,150,,
,,Chicken crispy,,,,2 Pc,100,200,,,,,,200,,
,,Chicken roll,,,,1 Pc,80,80,,,,,,80,,
,,Chicken roll,,,,1 Pc,80,80,,,,,,80,,
,,Chicken roll,,,,1 Pc,80,80,,,,,,80,,
,,Chicken fried rice,,,,1 Pc,150,150,,,,,,150,,
,,Chicken chilli,,,,0.5 Pc,200,100,,,,,,100,,
,,Paratha,,,,2 Pc,25,50,,,,,,50,,
01/06/2024,INV-00044,Cash,,,,,,,,,,,,,0.5,4630
,,Chicken burger,,,,1 Pc,60,60,,,,,,60,,
,,French fries,,,,1 Pc,55,55,,,,,,55,,
,,Veg roll,,,,1 Pc,45,45,,,,,,45,,
,,Chicken noodles,,,,1 Pc,150,150,,,,,,150,,
,,Chicken burger,,,,2 Pc,60,120,,,,,,120,,
,,Chicken burger,,,,4 Pc,60,240,,,,,,240,,
,,Chicken roll,,,,5 Pc,80,400,,,,,,400,,
,,French fries,,,,1 Pc,55,55,,,,,,55,,
,,Paneer noodles,,,,1 Pc,170,170,,,,,,170,,
,,Egg roll,,,,1 Pc,50,50,,,,,,50,,
,,Chicken noodles,,,,0.5 Pc,150,75,,,,,,75,,
,,Chicken roll,,,,3 Pc,80,240,,,,,,240,,
,,Chicken roll,,,,3 Pc,80,240,,,,,,240,,
,,Chicken burger,,,,1 Pc,60,60,,,,,,60,,
,,French fries,,,,1 Pc,55,55,,,,,,55,,
,,Chicken roll,,,,1 Pc,80,80,,,,,,80,,
,,Veg Manchurian,,,,0.5 Pc,129,64.5,,,,,,64.5,,
,,Chicken 65,,,,1 Pc,220,220,,,,,,220,,
,,Chicken fried rice,,,,1 Pc,150,150,,,,,,150,,
,,Chicken roll,,,,1 Pc,80,80,,,,,,80,,
,,Chicken roll,,,,3 Pc,80,240,,,,,,240,,
,,Chicken burger,,,,1 Pc,60,60,,,,,,60,,
,,Chicken chilli,,,,1 Pc,200,200,,,,,,200,,
,,Paratha,,,,4 Pc,25,100,,,,,,100,,
,,Chicken roll,,,,1 Pc,80,80,,,,,,80,,
,,Chicken crispy,,,,1 Pc,100,100,,,,,,100,,
,,Chicken roll,,,,1 Pc,80,80,,,,,,80,,
,,Chicken noodles,,,,3 Pc,150,450,,,,,,450,,
,,Chicken schezwan,,,,0.5 Pc,170,85,,,,,,85,,
,,Chicken fried rice,,,,0.5 Pc,150,75,,,,,,75,,
,,Chicken chilli,,,,1 Pc,200,200,,,,,,200,,
,,Chicken chilli,,,,1 Pc,200,200,,,,,,200,,
,,Chiken boneless,,,,0.5 Pc,150,75,,,,,,75,,
,,Chicken fried rice,,,,0.5 Pc,150,75,,,,,,75,,
01/06/2024,INV-00067,Cash,,,,,,,,,,,,,0,660
,,Chicken Rice Half,,,,2 Pc,80,160,,,,,,160,,
,,Chiken boneless,,,,1 Pc,150,150,,,,,,150,,
,,Paneer roll,,,,1 Pc,70,70,,,,,,70,,
,,Veg Noodles,,,,1 Pc,110,110,,,,,,110,,
,,Chiken boneless,,,,1 Pc,150,150,,,,,,150,,
,,Water 1 lit,,,,1 Pc,20,20,,,,,,20,,
02/06/2024,INV-00045,Cash,,,,,,,,,,,,,0,3805
,,Paneer roll,,,,2 Pc,70,140,,,,,,140,,
,,Chicken fried rice,,,,1 Pc,150,150,,,,,,150,,
,,Chiken Manchurian,,,,1 Pc,160,160,,,,,,160,,
,,Chicken burger,,,,2 Pc,60,120,,,,,,120,,
,,Chicken noodles,,,,1 Pc,150,150,,,,,,150,,
,,Egg roll,,,,1 Pc,50,50,,,,,,50,,
,,Chicken roll,,,,1 Pc,80,80,,,,,,80,,
,,Egg roll,,,,3 Pc,50,150,,,,,,150,,
,,Chicken roll,,,,1 Pc,80,80,,,,,,80,,
,,Chicken roll,,,,1 Pc,80,80,,,,,,80,,
,,Chicken crispy,,,,1 Pc,100,100,,,,,,100,,
,,Paratha,,,,2 Pc,25,50,,,,,,50,,
,,Chicken roll,,,,2 Pc,80,160,,,,,,160,,
,,French fries,,,,1 Pc,55,55,,,,,,55,,
,,Egg roll,,,,2 Pc,50,100,,,,,,100,,
,,Paneer noodles,,,,0.5 Pc,170,85,,,,,,85,,
,,Chiken lollipop,,,,1.5 Pc,280,420,,,,,,420,,
,,Chicken roll,,,,2 Pc,80,160,,,,,,160,,
,,Chicken fried rice,,,,1 Pc,150,150,,,,,,150,,
,,Chiken boneless,,,,1 Pc,150,150,,,,,,150,,
,,Veg Noodles,,,,1 Pc,110,110,,,,,,110,,
,,Chicken noodles,,,,2 Pc,150,300,,,,,,300,,
,,Veg Noodles,,,,0.5 Pc,110,55,,,,,,55,,
,,Chicken chilli,,,,0.5 Pc,200,100,,,,,,100,,
,,Chicken fried rice,,,,0.5 Pc,150,75,,,,,,75,,
,,Chiken boneless,,,,0.5 Pc,150,75,,,,,,75,,
,,Paratha,,,,4 Pc,25,100,,,,,,100,,
,,Chicken chilli,,,,1 Pc,200,200,,,,,,200,,
,,Chicken chilli,,,,1 Pc,200,200,,,,,,200,,
03/06/2024,INV-00046,Cash,,,,,,,,,,,,,0.5,3545
,,Chicken fried rice,,,,1 Pc,150,150,,,,,,150,,
,,Chicken chilli,,,,1 Pc,200,200,,,,,,200,,
,,Paratha,,,,2 Pc,25,50,,,,,,50,,
,,Chicken fried rice,,,,0.5 Pc,150,75,,,,,,75,,
,,Chicken roll,,,,1 Pc,80,80,,,,,,80,,
,,Egg roll,,,,1 Pc,50,50,,,,,,50,,
,,Veg Burger,,,,1 Pc,50,50,,,,,,50,,
,,Chicken burger,,,,1 Pc,60,60,,,,,,60,,
,,Chiken lollipop,,,,0.5 Pc,280,140,,,,,,140,,
,,Chicken roll,,,,1 Pc,80,80,,,,,,80,,
,,Chicken noodles,,,,1.5 Pc,150,225,,,,,,225,,
,,Veg Noodles,,,,0.5 Pc,110,55,,,,,,55,,
,,Veg Manchurian,,,,0.5 Pc,129,64.5,,,,,,64.5,,
,,Egg roll,,,,3 Pc,50,150,,,,,,150,,
,,Chiken lollipop,,,,0.5 Pc,280,140,,,,,,140,,
,,Chicken noodles,,,,1 Pc,150,150,,,,,,150,,
,,Chicken noodles,,,,0.5 Pc,150,75,,,,,,75,,
,,Egg roll,,,,1 Pc,50,50,,,,,,50,,
,,Chiken lollipop,,,,1 Pc,280,280,,,,,,280,,
,,Chicken burger,,,,1 Pc,60,60,,,,,,60,,
,,Veg Burger,,,,2 Pc,50,100,,,,,,100,,
,,Chicken fried rice,,,,1 Pc,150,150,,,,,,150,,
,,Chicken noodles,,,,0.5 Pc,150,75,,,,,,75,,
,,Bone chilly,,,,0.5 Pc,180,90,,,,,,90,,
,,Chiken lollipop,,,,0.5 Pc,280,140,,,,,,140,,
,,Chicken fried rice,,,,1 Pc,150,150,,,,,,150,,
,,Chicken roll,,,,1 Pc,80,80,,,,,,80,,
,,Chicken roll,,,,1 Pc,80,80,,,,,,80,,
,,Chicken crispy,,,,2 Pc,100,200,,,,,,200,,
,,Veg Noodles,,,,0.5 Pc,110,55,,,,,,55,,
,,Chicken roll,,,,1 Pc,80,80,,,,,,80,,
,,Chicken roll,,,,1 Pc,80,80,,,,,,80,,
,,Chicken roll,,,,1 Pc,80,80,,,,,,80,,
04/06/2024,INV-00047,Cash,,,,,,,,,,,,,0,2195
,,Chiken lollipop,,,,1 Pc,280,280,,,,,,280,,
,,Chiken boneless,,,,0.5 Pc,150,75,,,,,,75,,
,,Egg roll,,,,2 Pc,50,100,,,,,,100,,
,,Paneer noodles,,,,1 Pc,170,170,,,,,,170,,
,,Chicken burger,,,,1 Pc,60,60,,,,,,60,,
,,Chicken noodles,,,,1.5 Pc,150,225,,,,,,225,,
,,Chiken boneless,,,,1 Pc,150,150,,,,,,150,,
,,Chicken burger,,,,2 Pc,0,0,,,,,,0,,
,,Veg Noodles,,,,0.5 Pc,110,55,,,,,,55,,
,,French fries,,,,1 Pc,55,55,,,,,,55,,
,,Egg roll,,,,1 Pc,50,50,,,,,,50,,
,,Veg fried rice,,,,0.5 Pc,110,55,,,,,,55,,
,,Egg roll,,,,1 Pc,50,50,,,,,,50,,
,,French fries,,,,1 Pc,55,55,,,,,,55,,
,,Egg noodles,,,,1 Pc,130,130,,,,,,130,,
,,Veg Noodles,,,,0.5 Pc,110,55,,,,,,55,,
,,Chiken lollipop,,,,1 Pc,280,280,,,,,,280,,
,,Chicken crispy,,,,1 Pc,100,100,,,,,,100,,
,,French fries,,,,1 Pc,55,55,,,,,,55,,
,,Chicken burger,,,,1 Pc,60,60,,,,,,60,,
,,Chicken roll,,,,1 Pc,80,80,,,,,,80,,
,,French fries,,,,1 Pc,55,55,,,,,,55,,
05/06/2024,INV-00048,Cash,,,,,,,,,,,,,0,4610
,,Paneer roll,,,,2 Pc,70,140,,,,,,140,,
,,Veg Burger,,,,2 Pc,50,100,,,,,,100,,
,,Chicken roll,,,,2 Pc,80,160,,,,,,160,,
,,Veg Burger,,,,1 Pc,50,50,,,,,,50,,
,,Chicken roll,,,,2 Pc,80,160,,,,,,160,,
,,Egg roll,,,,1 Pc,50,50,,,,,,50,,
,,Veg roll,,,,1 Pc,45,45,,,,,,45,,
,,Veg Noodles,,,,0.5 Pc,110,55,,,,,,55,,
,,Egg burger,,,,1 Pc,30,30,,,,,,30,,
,,Veg Burger,,,,2 Pc,50,100,,,,,,100,,
,,Veg Noodles,,,,0.5 Pc,110,55,,,,,,55,,
,,Egg roll,,,,3 Pc,50,150,,,,,,150,,
,,Egg roll,,,,1 Pc,50,50,,,,,,50,,
,,Chicken chilli,,,,1 Pc,200,200,,,,,,200,,
,,Chicken roll,,,,1 Pc,80,80,,,,,,80,,
,,Paneer roll,,,,2 Pc,70,140,,,,,,140,,
,,Chicken noodles,,,,3 Pc,150,450,,,,,,450,,
,,Chicken fried rice,,,,2 Pc,150,300,,,,,,300,,
,,Chicken chilli,,,,1 Pc,200,200,,,,,,200,,
,,Chicken roll,,,,1 Pc,80,80,,,,,,80,,
,,Chicken roll,,,,1 Pc,80,80,,,,,,80,,
,,Chiken boneless,,,,1 Pc,150,150,,,,,,150,,
,,Chicken roll,,,,2 Pc,80,160,,,,,,160,,
,,Chicken crispy,,,,1 Pc,100,100,,,,,,100,,
,,Chicken crispy,,,,1 Pc,100,100,,,,,,100,,
,,Chicken roll,,,,2 Pc,80,160,,,,,,160,,
,,French fries,,,,1 Pc,55,55,,,,,,55,,
,,Veg Noodles,,,,1 Pc,110,110,,,,,,110,,
,,Egg noodles,,,,1 Pc,130,130,,,,,,130,,
,,Egg roll,,,,2 Pc,50,100,,,,,,100,,
,,Paneer roll,,,,2 Pc,70,140,,,,,,140,,
,,Paneer roll,,,,1 Pc,70,70,,,,,,70,,
,,Chicken noodles,,,,0.5 Pc,150,75,,,,,,75,,
,,Chicken roll,,,,2 Pc,80,160,,,,,,160,,
,,French fries,,,,1 Pc,55,55,,,,,,55,,
,,Veg Noodles,,,,0.5 Pc,110,55,,,,,,55,,
,,Chicken roll,,,,3 Pc,80,240,,,,,,240,,
,,Chicken fried rice,,,,0.5 Pc,150,75,,,,,,75,,
06/06/2024,INV-00049,Cash,,,,,,,,,,,,,0.5,3220
,,Paneer fried rice,,,,1 Pc,150,150,,,,,,150,,
,,Veg Noodles,,,,1 Pc,110,110,,,,,,110,,
,,Veg Burger,,,,1 Pc,50,50,,,,,,50,,
,,Chicken fried rice,,,,0.5 Pc,150,75,,,,,,75,,
,,Veg Burger,,,,1 Pc,50,50,,,,,,50,,
,,Chiken lollipop,,,,0.5 Pc,280,140,,,,,,140,,
,,Chicken roll,,,,1 Pc,80,80,,,,,,80,,
,,Paneer chilli,,,,0.5 Pc,180,90,,,,,,90,,
,,Paneer roll,,,,2 Pc,70,140,,,,,,140,,
,,Chicken roll,,,,2 Pc,80,160,,,,,,160,,
,,Chicken noodles,,,,0.5 Pc,150,75,,,,,,75,,
,,Chicken noodles,,,,1 Pc,150,150,,,,,,150,,
,,Veg Manchurian,,,,0.5 Pc,129,64.5,,,,,,64.5,,
,,Chicken crispy,,,,1 Pc,100,100,,,,,,100,,
,,Paratha,,,,2 Pc,25,50,,,,,,50,,
,,Veg Noodles,,,,1.5 Pc,110,165,,,,,,165,,
,,Chicken fried rice,,,,0.5 Pc,150,75,,,,,,75,,
,,Chicken chilli,,,,1 Pc,200,200,,,,,,200,,
,,Veg Noodles,,,,1 Pc,110,110,,,,,,110,,
,,Chicken crispy,,,,2 Pc,100,200,,,,,,200,,
,,Paneer chilli,,,,1 Pc,180,180,,,,,,180,,
,,Chicken noodles,,,,1 Pc,150,150,,,,,,150,,
,,French fries,,,,1 Pc,55,55,,,,,,55,,
,,Veg Noodles,,,,0.5 Pc,110,55,,,,,,55,,
,,Chiken lollipop,,,,1 Pc,280,280,,,,,,280,,
,,Paratha,,,,4 Pc,25,100,,,,,,100,,
,,Chiken lollipop,,,,0.5 Pc,280,140,,,,,,140,,
,,Paratha,,,,1 Pc,25,25,,,,,,25,,
07/06/2024,INV-00050,Cash,,,,,,,,,,,,,0,2370
,,Veg Burger,,,,2 Pc,50,100,,,,,,100,,
,,Veg roll,,,,1 Pc,45,45,,,,,,45,,
,,Paneer chilli,,,,0.5 Pc,180,90,,,,,,90,,
,,Veg fried rice,,,,0.5 Pc,110,55,,,,,,55,,
,,Chicken crispy,,,,1 Pc,100,100,,,,,,100,,
,,Chicken noodles,,,,0.5 Pc,150,75,,,,,,75,,
,,Chiken boneless,,,,1 Pc,150,150,,,,,,150,,
,,Chicken fried rice,,,,1 Pc,150,150,,,,,,150,,
,,Veg Noodles,,,,0.5 Pc,110,55,,,,,,55,,
,,Chicken roll,,,,1 Pc,80,80,,,,,,80,,
,,Egg roll,,,,1 Pc,50,50,,,,,,50,,
,,Chicken burger,,,,1 Pc,60,60,,,,,,60,,
,,Chicken roll,,,,2 Pc,80,160,,,,,,160,,
,,Chiken lollipop,,,,0.5 Pc,280,140,,,,,,140,,
,,Chiken boneless,,,,0.5 Pc,150,75,,,,,,75,,
,,Chicken fried rice,,,,1 Pc,150,150,,,,,,150,,
,,Soup,,,,1 Pc,50,50,,,,,,50,,
,,Chicken noodles,,,,1 Pc,190,190,,,,,,190,,
,,Chicken noodles,,,,0.5 Pc,150,75,,,,,,75,,
,,Chicken fried rice,,,,0.5 Pc,150,75,,,,,,75,,
,,Chiken boneless,,,,0.5 Pc,150,75,,,,,,75,,
,,Chiken lollipop,,,,0.5 Pc,280,140,,,,,,140,,
,,Egg roll,,,,3 Pc,50,150,,,,,,150,,
,,Chicken roll,,,,1 Pc,80,80,,,,,,80,,
08/06/2024,INV-00051,Cash,,,,,,,,,,,,,0,3625
,,Chicken noodles,,,,1 Pc,150,150,,,,,,150,,
,,Chiken boneless,,,,1 Pc,150,150,,,,,,150,,
,,Chicken fried rice,,,,0.5 Pc,150,75,,,,,,75,,
,,Veg Noodles,,,,1 Pc,110,110,,,,,,110,,
,,Paneer roll,,,,1 Pc,70,70,,,,,,70,,
,,Chicken roll,,,,1 Pc,80,80,,,,,,80,,
,,Chicken noodles,,,,0.5 Pc,150,75,,,,,,75,,
,,French fries,,,,1 Pc,55,55,,,,,,55,,
,,Veg Burger,,,,1 Pc,50,50,,,,,,50,,
,,Egg burger,,,,1 Pc,30,30,,,,,,30,,
,,Paneer noodles,,,,0.5 Pc,170,85,,,,,,85,,
,,Veg Burger,,,,1 Pc,50,50,,,,,,50,,
,,Chicken roll,,,,1 Pc,80,80,,,,,,80,,
,,Chicken roll,,,,3 Pc,80,240,,,,,,240,,
,,Egg roll,,,,1 Pc,50,50,,,,,,50,,
,,Chicken noodles,,,,1 Pc,150,150,,,,,,150,,
,,Chicken chilli,,,,1 Pc,200,200,,,,,,200,,
,,Chicken roll,,,,2 Pc,80,160,,,,,,160,,
,,Chicken roll,,,,1 Pc,80,80,,,,,,80,,
,,Chicken roll,,,,1 Pc,80,80,,,,,,80,,
,,Egg roll,,,,1 Pc,50,50,,,,,,50,,
,,Bone chilly,,,,1 Pc,180,180,,,,,,180,,
,,Chicken crispy,,,,1 Pc,100,100,,,,,,100,,
,,Chicken roll,,,,1 Pc,80,80,,,,,,80,,
,,Chiken Manchurian,,,,1 Pc,160,160,,,,,,160,,
,,Chicken roll,,,,1 Pc,80,80,,,,,,80,,
,,Chicken roll,,,,2 Pc,80,160,,,,,,160,,
,,Veg roll,,,,1 Pc,45,45,,,,,,45,,
,,Chicken roll,,,,1 Pc,80,80,,,,,,80,,
,,Chicken roll,,,,1 Pc,80,80,,,,,,80,,
,,Egg roll,,,,1 Pc,50,50,,,,,,50,,
,,Chicken roll,,,,2 Pc,80,160,,,,,,160,,
,,Chicken chilli,,,,1 Pc,200,200,,,,,,200,,
,,Paneer chilli,,,,1 Pc,180,180,,,,,,180,,
09/06/2024,INV-00052,Cash,,,,,,,,,,,,,0,4819
,,Egg roll,,,,2 Pc,50,100,,,,,,100,,
,,Chicken roll,,,,1 Pc,80,80,,,,,,80,,
,,Paratha,,,,4 Pc,25,100,,,,,,100,,
,,Veg fried rice,,,,1 Pc,110,110,,,,,,110,,
,,Paneer chilli,,,,2 Pc,180,360,,,,,,360,,
,,Egg roll,,,,1 Pc,50,50,,,,,,50,,
,,Paneer chilli,,,,0.5 Pc,180,90,,,,,,90,,
,,Veg Burger,,,,2 Pc,50,100,,,,,,100,,
,,Chicken roll,,,,3 Pc,80,240,,,,,,240,,
,,Chicken noodles,,,,1 Pc,150,150,,,,,,150,,
,,Chicken fried rice,,,,0.5 Pc,150,75,,,,,,75,,
,,Egg roll,,,,2 Pc,50,100,,,,,,100,,
,,Chicken roll,,,,2 Pc,80,160,,,,,,160,,
,,Chiken lollipop,,,,0.5 Pc,280,140,,,,,,140,,
,,Chicken crispy,,,,1 Pc,100,100,,,,,,100,,
,,Paratha,,,,4 Pc,25,100,,,,,,100,,
,,Chicken roll,,,,2 Pc,80,160,,,,,,160,,
,,Veg roll,,,,1 Pc,45,45,,,,,,45,,
,,Paratha,,,,4 Pc,25,100,,,,,,100,,
,,Chiken boneless,,,,1 Pc,150,150,,,,,,150,,
,,Veg Noodles,,,,1 Pc,110,110,,,,,,110,,
,,Veg Noodles,,,,1 Pc,110,110,,,,,,110,,
,,Chicken roll,,,,2 Pc,80,160,,,,,,160,,
,,Chicken noodles,,,,2 Pc,150,300,,,,,,300,,
,,Chicken fried rice,,,,2 Pc,150,300,,,,,,300,,
,,Chicken chilli,,,,1 Pc,200,200,,,,,,200,,
,,Veg Noodles,,,,1 Pc,110,110,,,,,,110,,
,,Veg Manchurian,,,,1 Pc,129,129,,,,,,129,,
,,Chiken boneless,,,,0.5 Pc,150,75,,,,,,75,,
,,Chicken crispy,,,,1 Pc,100,100,,,,,,100,,
,,Chicken noodles,,,,1 Pc,150,150,,,,,,150,,
,,Chiken lollipop,,,,1 Pc,280,280,,,,,,280,,
,,Chicken roll,,,,2 Pc,80,160,,,,,,160,,
,,Egg roll,,,,1 Pc,50,50,,,,,,50,,
,,Chicken noodles,,,,0.5 Pc,150,75,,,,,,75,,
10/06/2024,INV-00053,Cash,,,,,,,,,,,,,0.5,3814
,,Chiken lollipop,,,,1 Pc,280,280,,,,,,280,,
,,Paratha,,,,2 Pc,25,50,,,,,,50,,
,,Chicken fried rice,,,,0.5 Pc,150,75,,,,,,75,,
,,Chicken roll,,,,2 Pc,80,160,,,,,,160,,
,,Chicken noodles,,,,0.5 Pc,150,75,,,,,,75,,
,,Chicken roll,,,,3 Pc,80,240,,,,,,240,,
,,Chicken noodles,,,,1 Pc,150,150,,,,,,150,,
,,Chiken boneless,,,,1 Pc,150,150,,,,,,150,,
,,Egg burger,,,,1 Pc,30,30,,,,,,30,,
,,Chicken roll,,,,1 Pc,80,80,,,,,,80,,
,,French fries,,,,2 Pc,55,110,,,,,,110,,
,,Chicken roll,,,,1 Pc,80,80,,,,,,80,,
,,Chicken noodles,,,,1 Pc,150,150,,,,,,150,,
,,Chicken noodles,,,,0.5 Pc,150,75,,,,,,75,,
,,Chicken roll,,,,1 Pc,80,80,,,,,,80,,
,,Veg Manchurian,,,,0.5 Pc,129,64.5,,,,,,64.5,,
,,Paneer chilli,,,,0.5 Pc,180,90,,,,,,90,,
,,Veg Noodles,,,,2 Pc,110,220,,,,,,220,,
,,Veg Manchurian,,,,1 Pc,129,129,,,,,,129,,
,,Chicken fried rice,,,,1.5 Pc,150,225,,,,,,225,,
,,Chicken roll,,,,1 Pc,80,80,,,,,,80,,
,,Chiken lollipop,,,,1 Pc,280,280,,,,,,280,,
,,Paratha,,,,3 Pc,25,75,,,,,,75,,
,,Chiken lollipop,,,,1 Pc,280,280,,,,,,280,,
,,Paratha,,,,5 Pc,25,125,,,,,,125,,
,,Chicken fried rice,,,,0.5 Pc,150,75,,,,,,75,,
,,Veg Burger,,,,1 Pc,50,50,,,,,,50,,
,,Chicken roll,,,,2 Pc,80,160,,,,,,160,,
,,Chicken fried rice,,,,0.5 Pc,150,75,,,,,,75,,
,,Egg roll,,,,2 Pc,50,100,,,,,,100,,
11/06/2024,INV-00054,Cash,,,,,,,,,,,,,0,4074
,,Chicken noodles,,,,0.5 Pc,150,75,,,,,,75,,
,,Chicken roll,,,,2 Pc,80,160,,,,,,160,,
,,Egg roll,,,,2 Pc,50,100,,,,,,100,,
,,Chicken roll,,,,1 Pc,80,80,,,,,,80,,
,,Paneer roll,,,,1 Pc,70,70,,,,,,70,,
,,Chicken roll,,,,1 Pc,80,80,,,,,,80,,
,,Chicken fried rice,,,,0.5 Pc,150,75,,,,,,75,,
,,Veg Noodles,,,,1 Pc,110,110,,,,,,110,,
,,Chicken fried rice,,,,1 Pc,150,150,,,,,,150,,
,,Chiken Manchurian,,,,1 Pc,160,160,,,,,,160,,
,,Egg burger,,,,1 Pc,30,30,,,,,,30,,
,,Veg Noodles,,,,0.5 Pc,110,55,,,,,,55,,
,,Chiken lollipop,,,,0.5 Pc,280,140,,,,,,140,,
,,Chicken chilli,,,,1 Pc,200,200,,,,,,200,,
,,Bone chilly,,,,1 Pc,180,180,,,,,,180,,
,,Chiken Schezwan,,,,0.5 Pc,170,85,,,,,,85,,
,,Paratha,,,,2 Pc,25,50,,,,,,50,,
,,Chicken roll,,,,1 Pc,80,80,,,,,,80,,
,,Egg roll,,,,1 Pc,50,50,,,,,,50,,
,,Paneer chilli,,,,0.5 Pc,180,90,,,,,,90,,
,,Paneer chilli,,,,1 Pc,180,180,,,,,,180,,
,,Veg Manchurian,,,,1 Pc,129,129,,,,,,129,,
,,Paratha,,,,6 Pc,25,150,,,,,,150,,
,,Paneer roll,,,,2 Pc,70,140,,,,,,140,,
,,Chiken lollipop,,,,0.5 Pc,280,140,,,,,,140,,
,,Chicken chilli,,,,1 Pc,200,200,,,,,,200,,
,,Veg Noodles,,,,1 Pc,110,110,,,,,,110,,
,,Chicken roll,,,,1 Pc,80,80,,,,,,80,,
,,Egg roll,,,,2 Pc,50,100,,,,,,100,,
,,French fries,,,,2 Pc,55,110,,,,,,110,,
,,Chicken roll,,,,1 Pc,80,80,,,,,,80,,
,,Chicken fried rice,,,,1.5 Pc,150,225,,,,,,225,,
,,Chicken chilli,,,,0.5 Pc,200,100,,,,,,100,,
,,French fries,,,,2 Pc,55,110,,,,,,110,,
,,Chicken chilli,,,,0.5 Pc,200,100,,,,,,100,,
,,Egg roll,,,,1 Pc,50,50,,,,,,50,,
,,Egg roll,,,,1 Pc,50,50,,,,,,50,,
12/06/2024,INV-00055,Cash,,,,,,,,,,,,,0,4154
,,Chicken roll,,,,1 Pc,80,80,,,,,,80,,
,,Chicken crispy,,,,1 Pc,100,100,,,,,,100,,
,,Chicken 65,,,,0.5 Pc,220,110,,,,,,110,,
,,Chiken lollipop,,,,0.5 Pc,280,140,,,,,,140,,
,,Chicken roll,,,,1 Pc,80,80,,,,,,80,,
,,Chicken roll,,,,2 Pc,80,160,,,,,,160,,
,,Veg Burger,,,,1 Pc,50,50,,,,,,50,,
,,Veg Noodles,,,,0.5 Pc,110,55,,,,,,55,,
,,Veg Manchurian,,,,1 Pc,129,129,,,,,,129,,
,,Chiken boneless,,,,1 Pc,150,150,,,,,,150,,
,,Chicken fried rice,,,,0.5 Pc,150,75,,,,,,75,,
,,Chicken roll,,,,1 Pc,80,80,,,,,,80,,
,,Chicken fried rice,,,,0.5 Pc,150,75,,,,,,75,,
,,Chicken burger,,,,2 Pc,60,120,,,,,,120,,
,,Egg roll,,,,1 Pc,50,50,,,,,,50,,
,,Egg roll,,,,1 Pc,50,50,,,,,,50,,
,,Egg roll,,,,2 Pc,50,100,,,,,,100,,
,,Chicken noodles,,,,1 Pc,150,150,,,,,,150,,
,,Veg Noodles,,,,0.5 Pc,110,55,,,,,,55,,
,,Egg roll,,,,3 Pc,50,150,,,,,,150,,
,,Bone chilly,,,,1 Pc,180,180,,,,,,180,,
,,Paratha,,,,5 Pc,25,125,,,,,,125,,
,,Paneer chilli,,,,0.5 Pc,180,90,,,,,,90,,
,,Veg roll,,,,1 Pc,45,45,,,,,,45,,
,,Chicken roll,,,,1 Pc,80,80,,,,,,80,,
,,Chicken roll,,,,1 Pc,80,80,,,,,,80,,
,,Chicken noodles,,,,1 Pc,150,150,,,,,,150,,
,,Chicken chilli,,,,2 Pc,200,400,,,,,,400,,
,,Chicken noodles,,,,1 Pc,150,150,,,,,,150,,
,,Chicken roll,,,,1 Pc,80,80,,,,,,80,,
,,Paneer roll,,,,1 Pc,70,70,,,,,,70,,
,,Veg Noodles,,,,0.5 Pc,110,55,,,,,,55,,
,,Veg fried rice,,,,0.5 Pc,110,55,,,,,,55,,
,,Veg Noodles,,,,0.5 Pc,110,55,,,,,,55,,
,,Chicken chilli,,,,0.5 Pc,200,100,,,,,,100,,
,,Chicken fried rice,,,,0.5 Pc,150,75,,,,,,75,,
,,Chicken noodles,,,,0.5 Pc,150,75,,,,,,75,,
,,Chiken lollipop,,,,0.5 Pc,280,140,,,,,,140,,
,,Chicken chilli,,,,0.5 Pc,200,100,,,,,,100,,
,,Paneer chilli,,,,0.5 Pc,180,90,,,,,,90,,
13/06/2024,INV-00056,Cash,,,,,,,,,,,,,0,4125
,,Paratha,,,,3 Pc,25,75,,,,,,75,,
,,Chiken boneless,,,,0.5 Pc,150,75,,,,,,75,,
,,Chicken fried rice,,,,1 Pc,150,150,,,,,,150,,
,,French fries,,,,1 Pc,55,55,,,,,,55,,
,,Chicken roll,,,,2 Pc,80,160,,,,,,160,,
,,Chicken roll,,,,2 Pc,80,160,,,,,,160,,
,,Egg roll,,,,1 Pc,50,50,,,,,,50,,
,,Chicken fried rice,,,,0.5 Pc,150,75,,,,,,75,,
,,Chicken roll,,,,1 Pc,80,80,,,,,,80,,
,,Chicken burger,,,,1 Pc,60,60,,,,,,60,,
,,Chicken chilli,,,,1 Pc,200,200,,,,,,200,,
,,Chiken Manchurian,,,,0.5 Pc,160,80,,,,,,80,,
,,Veg Noodles,,,,0.5 Pc,110,55,,,,,,55,,
,,Chicken chilli,,,,1 Pc,200,200,,,,,,200,,
,,Chiken lollipop,,,,1 Pc,280,280,,,,,,280,,
,,Paratha,,,,2 Pc,25,50,,,,,,50,,
,,Chicken roll,,,,2 Pc,80,160,,,,,,160,,
,,Paneer roll,,,,2 Pc,70,140,,,,,,140,,
,,Chicken roll,,,,3 Pc,80,240,,,,,,240,,
,,Paneer chilli,,,,0.5 Pc,180,90,,,,,,90,,
,,Paneer roll,,,,1 Pc,70,70,,,,,,70,,
,,Egg roll,,,,1 Pc,50,50,,,,,,50,,
,,Paneer chilli,,,,1 Pc,180,180,,,,,,180,,
,,Paratha,,,,5 Pc,25,125,,,,,,125,,
,,Chicken chilli,,,,0.5 Pc,200,100,,,,,,100,,
,,Paneer roll,,,,4 Pc,70,280,,,,,,280,,
,,Chicken fried rice,,,,0.5 Pc,150,75,,,,,,75,,
,,Chiken Manchurian,,,,1 Pc,160,160,,,,,,160,,
,,Chicken fried rice,,,,0.5 Pc,150,75,,,,,,75,,
,,Chicken chilli,,,,0.5 Pc,200,100,,,,,,100,,
,,Chiken lollipop,,,,1 Pc,280,280,,,,,,280,,
,,Chiken lollipop,,,,0.5 Pc,280,140,,,,,,140,,
,,Veg Noodles,,,,0.5 Pc,110,55,,,,,,55,,
14/06/2024,INV-00057,Cash,,,,,,,,,,,,,0,2450
,,Chicken burger,,,,2 Pc,60,120,,,,,,120,,
,,French fries,,,,1 Pc,55,55,,,,,,55,,
,,Veg Noodles,,,,1 Pc,110,110,,,,,,110,,
,,Paneer chilli,,,,1 Pc,180,180,,,,,,180,,
,,Egg roll,,,,1 Pc,50,50,,,,,,50,,
,,Chicken roll,,,,1 Pc,80,80,,,,,,80,,
,,Chicken crispy,,,,1 Pc,100,100,,,,,,100,,
,,Paneer roll,,,,2 Pc,70,140,,,,,,140,,
,,Egg burger,,,,1 Pc,30,30,,,,,,30,,
,,Paneer noodles,,,,0.5 Pc,170,85,,,,,,85,,
,,Paratha,,,,2 Pc,25,50,,,,,,50,,
,,Chicken burger,,,,1 Pc,60,60,,,,,,60,,
,,Chicken noodles,,,,2 Pc,150,300,,,,,,300,,
,,Chicken roll,,,,1 Pc,80,80,,,,,,80,,
,,Chicken roll,,,,1 Pc,80,80,,,,,,80,,
,,Chicken roll,,,,1 Pc,80,80,,,,,,80,,
,,Chiken lollipop,,,,0.5 Pc,280,140,,,,,,140,,
,,Chicken roll,,,,2 Pc,80,160,,,,,,160,,
,,Chicken roll,,,,1 Pc,80,80,,,,,,80,,
,,Paneer roll,,,,1 Pc,70,70,,,,,,70,,
,,Chiken boneless,,,,0.5 Pc,150,75,,,,,,75,,
,,Paratha,,,,2 Pc,25,50,,,,,,50,,
,,Chicken chilli,,,,1 Pc,200,200,,,,,,200,,
,,Chicken fried rice,,,,0.5 Pc,150,75,,,,,,75,,
15/06/2024,INV-00058,Cash,,,,,,,,,,,,,0.5,4100
,,Chicken fried rice,,,,0.5 Pc,150,75,,,,,,75,,
,,Veg roll,,,,3 Pc,45,135,,,,,,135,,
,,Veg Noodles,,,,0.5 Pc,110,55,,,,,,55,,
,,Chicken noodles,,,,0.5 Pc,150,75,,,,,,75,,
,,Veg Noodles,,,,1 Pc,110,110,,,,,,110,,
,,Paneer chilli,,,,0.5 Pc,180,90,,,,,,90,,
,,Paneer noodles,,,,1 Pc,170,170,,,,,,170,,
,,Veg Burger,,,,1 Pc,50,50,,,,,,50,,
,,Egg roll,,,,1 Pc,50,50,,,,,,50,,
,,Egg noodles,,,,0.5 Pc,130,65,,,,,,65,,
,,Veg Noodles,,,,1.5 Pc,110,165,,,,,,165,,
,,Chicken chilli,,,,1 Pc,200,200,,,,,,200,,
,,Chicken burger,,,,2 Pc,60,120,,,,,,120,,
,,Chicken noodles,,,,1 Pc,150,150,,,,,,150,,
,,Chicken roll,,,,1 Pc,80,80,,,,,,80,,
,,Chicken roll,,,,1 Pc,80,80,,,,,,80,,
,,Egg burger,,,,1 Pc,30,30,,,,,,30,,
,,Egg roll,,,,3 Pc,50,150,,,,,,150,,
,,Chicken noodles,,,,1 Pc,150,150,,,,,,150,,
,,Chiken boneless,,,,0.5 Pc,150,75,,,,,,75,,
,,Chicken fried rice,,,,0.5 Pc,150,75,,,,,,75,,
,,Veg roll,,,,2 Pc,45,90,,,,,,90,,
,,Chicken noodles,,,,1 Pc,150,150,,,,,,150,,
,,Chicken burger,,,,2 Pc,60,120,,,,,,120,,
,,Chicken fried rice,,,,1 Pc,150,150,,,,,,150,,
,,Chiken lollipop,,,,1 Pc,280,280,,,,,,280,,
,,Chicken chilli,,,,1 Pc,200,200,,,,,,200,,
,,Veg Manchurian,,,,0.5 Pc,129,64.5,,,,,,64.5,,
,,Chicken chilli,,,,0.5 Pc,200,100,,,,,,100,,
,,Egg fried rice,,,,0.5 Pc,130,65,,,,,,65,,
,,Egg roll,,,,1 Pc,50,50,,,,,,50,,
,,Chicken fried rice,,,,1 Pc,150,150,,,,,,150,,
,,Chicken crispy,,,,1 Pc,100,100,,,,,,100,,
,,Chicken roll,,,,1 Pc,80,80,,,,,,80,,
,,Chiken lollipop,,,,0.5 Pc,280,140,,,,,,140,,
,,Egg roll,,,,2 Pc,50,100,,,,,,100,,
,,Veg Noodles,,,,1 Pc,110,110,,,,,,110,,
16/06/2024,INV-00059,Cash,,,,,,,,,,,,,0,4145
,,Paneer roll,,,,1 Pc,70,70,,,,,,70,,
,,Veg Noodles,,,,0.5 Pc,110,55,,,,,,55,,
,,Veg Burger,,,,2 Pc,50,100,,,,,,100,,
,,Veg Noodles,,,,1 Pc,110,110,,,,,,110,,
,,Chicken roll,,,,2 Pc,80,160,,,,,,160,,
,,Chicken noodles,,,,0.5 Pc,150,75,,,,,,75,,
,,Egg roll,,,,1 Pc,50,50,,,,,,50,,
,,Chicken noodles,,,,1 Pc,150,150,,,,,,150,,
,,Chicken chilli,,,,0.5 Pc,200,100,,,,,,100,,
,,Chicken chilli,,,,1.5 Pc,200,300,,,,,,300,,
,,Chicken noodles,,,,1 Pc,150,150,,,,,,150,,
,,Chicken fried rice,,,,2 Pc,150,300,,,,,,300,,
,,Paneer chilli,,,,1.5 Pc,180,270,,,,,,270,,
,,Chiken lollipop,,,,1 Pc,280,280,,,,,,280,,
,,Paratha,,,,5 Pc,25,125,,,,,,125,,
,,Chicken fried rice,,,,0.5 Pc,150,75,,,,,,75,,
,,Chicken roll,,,,2 Pc,80,160,,,,,,160,,
,,French fries,,,,1 Pc,55,55,,,,,,55,,
,,Paratha,,,,6 Pc,25,150,,,,,,150,,
,,Chicken burger,,,,1 Pc,60,60,,,,,,60,,
,,Chicken roll,,,,1 Pc,80,80,,,,,,80,,
,,Veg Noodles,,,,0.5 Pc,110,55,,,,,,55,,
,,Paneer chilli,,,,0.5 Pc,180,90,,,,,,90,,
,,Paneer roll,,,,1 Pc,70,70,,,,,,70,,
,,Chicken roll,,,,2 Pc,80,160,,,,,,160,,
,,Egg roll,,,,1 Pc,50,50,,,,,,50,,
,,Chicken noodles,,,,0.5 Pc,150,75,,,,,,75,,
,,Egg roll,,,,1 Pc,50,50,,,,,,50,,
,,Chicken roll,,,,2 Pc,80,160,,,,,,160,,
,,French fries,,,,1 Pc,55,55,,,,,,55,,
,,Chicken roll,,,,1 Pc,80,80,,,,,,80,,
,,Chicken burger,,,,1 Pc,60,60,,,,,,60,,
,,Chicken roll,,,,1 Pc,80,80,,,,,,80,,
,,Chicken roll,,,,3 Pc,80,240,,,,,,240,,
,,Veg roll,,,,1 Pc,45,45,,,,,,45,,
23/06/2024,INV-00061,Cash,,,,,,,,,,,,,0,4934
,,Chicken burger,,,,2 Pc,60,120,,,,,,120,,
,,Chiken Manchurian,,,,1 Pc,160,160,,,,,,160,,
,,Paratha,,,,2 Pc,25,50,,,,,,50,,
,,Chicken Rice Half,,,,1 Pc,80,80,,,,,,80,,
,,Chicken Boneless Half,,,,1 Pc,85,85,,,,,,85,,
,,Double eggs Roll,,,,1 Pc,60,60,,,,,,60,,
,,Double eggs Roll,,,,1 Pc,60,60,,,,,,60,,
,,Chicken burger,,,,1 Pc,60,60,,,,,,60,,
,,Chicken burger,,,,2 Pc,60,120,,,,,,120,,
,,Chicken burger,,,,1 Pc,60,60,,,,,,60,,
,,Paneer roll,,,,2 Pc,70,140,,,,,,140,,
,,Chicken roll,,,,1 Pc,80,80,,,,,,80,,
,,Chiken boneless,,,,1 Pc,150,150,,,,,,150,,
,,Chicken fried rice,,,,1 Pc,150,150,,,,,,150,,
,,Water 1 lit,,,,1 Pc,20,20,,,,,,20,,
,,Chicken roll,,,,1 Pc,80,80,,,,,,80,,
,,Veg Noodles,,,,1 Pc,110,110,,,,,,110,,
,,Paneer roll,,,,1 Pc,70,70,,,,,,70,,
,,Paneer cheese roll,,,,1 Pc,80,80,,,,,,80,,
,,Chicken burger,,,,1 Pc,60,60,,,,,,60,,
,,Paneer Manchurian,,,,1 Pc,155,155,,,,,,155,,
,,Chicken roll,,,,1 Pc,80,80,,,,,,80,,
,,Chicken burger,,,,3 Pc,60,180,,,,,,180,,
,,Chicken cheese burger,,,,1 Pc,80,80,,,,,,80,,
,,Chicken chilli,,,,2 Pc,180,360,,,,,,360,,
,,Chicken fried rice,,,,2 Pc,150,300,,,,,,300,,
,,Chiken boneless,,,,1 Pc,150,150,,,,,,150,,
,,Water 1 lit,,,,1 Pc,20,20,,,,,,20,,
,,Paneer roll,,,,3 Pc,70,210,,,,,,210,,
,,Chicken chilli,,,,1 Pc,200,200,,,,,,200,,
,,Paratha,,,,4 Pc,25,100,,,,,,100,,
,,Chicken schezwan,,,,1 Pc,170,170,,,,,,170,,
,,Paratha,,,,2 Pc,25,50,,,,,,50,,
,,Veg noodles Half,,,,1 Pc,60,60,,,,,,60,,
,,Veg Manchurian,,,,1 Pc,129,129,,,,,,129,,
,,French fries,,,,1 Pc,55,55,,,,,,55,,
,,Chicken Noodles Half,,,,1 Pc,80,80,,,,,,80,,
,,Chicken crispy,,,,1 Pc,100,100,,,,,,100,,
,,Paratha,,,,3 Pc,25,75,,,,,,75,,
,,Chicken lolipop Full,,,,1 Pc,280,280,,,,,,280,,
,,Chicken Lolipop Half,,,,1 Pc,155,155,,,,,,155,,
,,Chicken fried rice,,,,1 Pc,150,150,,,,,,150,,
24/06/2024,INV-00060,Cash,,,,,,,,,,,,,0,4565
,,Chicken fried rice,,,,1 Pc,150,150,,,,,,150,,
,,Chiken boneless,,,,1 Pc,150,150,,,,,,150,,
,,Chicken burger,,,,2 Pc,60,120,,,,,,120,,
,,Water 1 lit,,,,1 Pc,20,20,,,,,,20,,
,,Chicken Rice Half,,,,1 Pc,80,80,,,,,,80,,
,,Chicken roll,,,,2 Pc,80,160,,,,,,160,,
,,Chicken roll,,,,1 Pc,80,80,,,,,,80,,
,,Chicken roll,,,,1 Pc,80,80,,,,,,80,,
,,Chicken cheese burger,,,,2 Pc,80,160,,,,,,160,,
,,Egg burger,,,,1 Pc,30,30,,,,,,30,,
,,French fries,,,,1 Pc,55,55,,,,,,55,,
,,Veg Rice Half,,,1,1 Pc,60,60,,,,,,60,,
,,Chicken Noodles Half,,,,1 Pc,80,80,,,,,,80,,
,,Chicken Noodles Half,,,,1 Pc,80,80,,,,,,80,,
,,Chicken chilli,,,,1 Pc,200,200,,,,,,200,,
,,Paratha,,,,2 Pc,25,50,,,,,,50,,
,,Paneer chilli Half,,,,1 Pc,100,100,,,,,,100,,
,,Chicken cheese burger,,,,1 Pc,80,80,,,,,,80,,
,,French fries,,,,1 Pc,55,55,,,,,,55,,
,,Chicken roll,,,,2 Pc,80,160,,,,,,160,,
,,Chicken crispy,,,,1 Pc,100,100,,,,,,100,,
,,Water 1 lit,,,,1 Pc,20,20,,,,,,20,,
,,Chiken boneless,,,,2 Pc,150,300,,,,,,300,,
,,Veg Noodles,,,,1 Pc,110,110,,,,,,110,,
,,Chiken boneless,,,,1 Pc,150,150,,,,,,150,,
,,Chicken Schezwan Rice,,,,2 Pc,90,180,,,,,,180,,
,,Chicken Rice Half,,,,1 Pc,80,80,,,,,,80,,
,,Chicken Boneless Half,,,,1 Pc,85,85,,,,,,85,,
,,Paratha,,,,5 Pc,25,125,,,,,,125,,
,,Chicken lolipop Full,,,,1 Pc,280,280,,,,,,280,,
,,Paratha,,,,10 Pc,25,250,,,,,,250,,
,,Chicken Lolipop Half,,,,1 Pc,155,155,,,,,,155,,
,,Chicken burger,,,,1 Pc,60,60,,,,,,60,,
,,Chicken Lolipop Half,,,,1 Pc,155,155,,,,,,155,,
,,Paratha,,,,2 Pc,25,50,,,,,,50,,
,,Chicken Noodles Half,,,,1 Pc,80,80,,,,,,80,,
,,Chicken noodles,,,,2 Pc,150,300,,,,,,300,,
,,Chicken roll,,,,1 Pc,80,80,,,,,,80,,
,,French fries,,,,1 Pc,55,55,,,,,,55,,
25/06/2024,INV-00062,Cash,,,,,,,,,,,,,0,3004
,,Paneer chilli,,,,0.5 Pc,200,100,,,,,,100,,
,,Paratha,,,,2 Pc,25,50,,,,,,50,,
,,Veg cheese burger,,,,1 Pc,75,75,,,,,,75,,
,,Veg Manchurian,,,,1 Pc,129,129,,,,,,129,,
,,Water 1 lit,,,,1 Pc,20,20,,,,,,20,,
,,Chicken Noodles Half,,,,1 Pc,80,80,,,,,,80,,
,,Chicken Rice Half,,,,1 Pc,80,80,,,,,,80,,
,,Chicken Boneless Half,,,,1 Pc,85,85,,,,,,85,,
,,Paneer roll,,,,3 Pc,70,210,,,,,,210,,
,,Egg roll,,,,2 Pc,50,100,,,,,,100,,
,,Chicken Noodles Half,,,,1 Pc,80,80,,,,,,80,,
,,Egg roll,,,,1 Pc,50,50,,,,,,50,,
,,Chicken burger,,,,3 Pc,60,180,,,,,,180,,
,,Paneer chilli Half,,,,1 Pc,100,100,,,,,,100,,
,,Paneer chilli Half,,,,1 Pc,100,100,,,,,,100,,
,,Paratha,,,,2 Pc,25,50,,,,,,50,,
,,Chicken Rice Half,,,,2 Pc,80,160,,,,,,160,,
,,Chicken cheese burger,,,,1 Pc,80,80,,,,,,80,,
,,Chicken Noodles Half,,,,1 Pc,80,80,,,,,,80,,
,,Chicken crispy,,,,1 Pc,100,100,,,,,,100,,
,,Double eggs Roll,,,,1 Pc,60,60,,,,,,60,,
,,Chiken boneless,,,,1 Pc,150,150,,,,,,150,,
,,Paratha,,,,5 Pc,25,125,,,,,,125,,
,,Chicken chilli,,,,1 Pc,200,200,,,,,,200,,
,,Chicken chilli,,,,1 Pc,200,200,,,,,,200,,
,,Paneer chilli Half,,,,1 Pc,100,100,,,,,,100,,
,,Chicken combi roll,,,,1 Pc,100,100,,,,,,100,,
,,Chicken Noodles Half,,,,1 Pc,80,80,,,,,,80,,
,,Chicken Noodles Half,,,,1 Pc,80,80,,,,,,80,,
26/06/2024,INV-00063,Cash,,,,,,,,,,,,,0,3220
,,Double eggs Roll,,,,1 Pc,60,60,,,,,,60,,
,,Paneer Manchurian,,,,1 Pc,155,155,,,,,,155,,
,,Veg Rice Half,,,1,1 Pc,60,60,,,,,,60,,
,,Chicken crispy,,,,1 Pc,100,100,,,,,,100,,
,,Chicken roll,,,,2 Pc,80,160,,,,,,160,,
,,Double eggs Roll,,,,1 Pc,60,60,,,,,,60,,
,,Chicken Rice Half,,,,1 Pc,80,80,,,,,,80,,
,,Water 1 lit,,,,1 Pc,20,20,,,,,,20,,
,,Chicken Rice Half,,,,1 Pc,80,80,,,,,,80,,
,,Chicken Boneless Half,,,,1 Pc,85,85,,,,,,85,,
,,Veg Schezwan Rice,,,,1 Pc,130,130,,,,,,130,,
,,Chicken roll,,,,1 Pc,80,80,,,,,,80,,
,,Paneer roll,,,,1 Pc,70,70,,,,,,70,,
,,Chicken combi roll,,,,3 Pc,100,300,,,,,,300,,
,,Chicken Noodles Half,,,,1 Pc,80,80,,,,,,80,,
,,Chicken Rice Half,,,,1 Pc,80,80,,,,,,80,,
,,Chicken fried rice,,,,1 Pc,150,150,,,,,,150,,
,,Chicken chilli,,,,1 Pc,110,110,,,,,,110,,
,,Chicken burger,,,,4 Pc,60,240,,,,,,240,,
,,Chicken Rice Half,,,,1 Pc,80,80,,,,,,80,,
,,Chicken Rice Half,,,,1 Pc,80,80,,,,,,80,,
,,Chicken cheese roll,,,,2 Pc,90,180,,,,,,180,,
,,Egg roll,,,,1 Pc,50,50,,,,,,50,,
,,Chicken Rice Half,,,,2 Pc,80,160,,,,,,160,,
,,Chicken Rice Half,,,,2 Pc,80,160,,,,,,160,,
,,Chicken roll,,,,1 Pc,80,80,,,,,,80,,
,,Chicken chilli,,,,1 Pc,200,200,,,,,,200,,
,,Chicken Rice Half,,,,1 Pc,80,80,,,,,,80,,
,,Egg roll,,,,1 Pc,50,50,,,,,,50,,
28/06/2024,INV-00064,Cash,,,,,,,,,,,,,0,2750
,,Double eggs Roll,,,,1 Pc,60,60,,,,,,60,,
,,Veg roll,,,,1 Pc,45,45,,,,,,45,,
,,Veg Burger,,,,1 Pc,50,50,,,,,,50,,
,,Chicken cheese roll,,,,1 Pc,90,90,,,,,,90,,
,,Chicken roll,,,,1 Pc,80,80,,,,,,80,,
,,Chicken crispy,,,,1 Pc,100,100,,,,,,100,,
,,Water 1 lit,,,,1 Pc,20,20,,,,,,20,,
,,Chicken noodles,,,,1 Pc,150,150,,,,,,150,,
,,Veg Manchurian,,,,1 Pc,75,75,,,,,,75,,
,,Paratha,,,,2 Pc,25,50,,,,,,50,,
,,Chiken boneless,,,,1 Pc,150,150,,,,,,150,,
,,Chicken noodles,,,,1 Pc,150,150,,,,,,150,,
,,Chiken boneless,,,,1 Pc,150,150,,,,,,150,,
,,Chicken Schezwan Rice,,,,1 Pc,90,90,,,,,,90,,
,,Chicken Noodles Half,,,,1 Pc,80,80,,,,,,80,,
,,Paneer chilli,,,,1.5 Pc,180,270,,,,,,270,,
,,Paratha,,,,5 Pc,25,125,,,,,,125,,
,,Chicken chilli,,,,1 Pc,200,200,,,,,,200,,
,,Chicken combi roll,,,,1 Pc,100,100,,,,,,100,,
,,Chicken Lolipop Half,,,,1 Pc,155,155,,,,,,155,,
,,Paratha,,,,2 Pc,25,50,,,,,,50,,
,,French fries,,,,1 Pc,55,55,,,,,,55,,
,,Chiken Manchurian,,,,1 Pc,200,200,,,,,,200,,
,,Chicken roll,,,,1 Pc,80,80,,,,,,80,,
,,Chicken cheese burger,,,,1 Pc,75,75,,,,,,75,,
,,Egg roll,,,,2 Pc,50,100,,,,,,100,,
28/06/2024,INV-00065,Cash,,,,,,,,,,,,,0,1920
,,Chicken chilli,,,,0.5 Pc,220,110,,,,,,110,,
,,Paratha,,,,2 Pc,30,60,,,,,,60,,
,,Veg cheese burger,,,,2 Pc,65,130,,,,,,130,,
,,Veg Burger,,,,2 Pc,50,100,,,,,,100,,
,,Chicken combi roll,,,,2 Pc,100,200,,,,,,200,,
,,Veg Noodles,,,,2 Pc,110,220,,,,,,220,,
,,Chiken boneless,,,,1 Pc,150,150,,,,,,150,,
,,Chicken Boneless Half,,,,1 Pc,85,85,,,,,,85,,
,,Chicken cheese burger,,,,1 Pc,75,75,,,,,,75,,
,,Water 1 lit,,,,1 Pc,20,20,,,,,,20,,
,,Chicken noodles,,,,3 Pc,150,450,,,,,,450,,
,,Chicken roll,,,,2 Pc,80,160,,,,,,160,,
,,Double eggs Roll,,,,1 Pc,60,60,,,,,,60,,
,,Chicken chilli,,,,0.5 Pc,200,100,,,,,,100,,
29/06/2024,INV-00066,Cash,,,,,,,,,,,,,0,5844
,,Veg noodles Half,,,,1 Pc,60,60,,,,,,60,,
,,Double eggs Roll,,,,1 Pc,60,60,,,,,,60,,
,,Water 1 lit,,,,1 Pc,20,20,,,,,,20,,
,,Double eggs Roll,,,,1 Pc,60,60,,,,,,60,,
,,Chicken roll,,,,1 Pc,80,80,,,,,,80,,
,,Chicken cheese burger,,,,2 Pc,75,150,,,,,,150,,
,,Chiken lollipop,,,,1 Pc,280,280,,,,,,280,,
,,Chicken crispy,,,,1 Pc,100,100,,,,,,100,,
,,Chicken roll,,,,1 Pc,80,80,,,,,,80,,
,,Chicken Noodles Half,,,,1 Pc,80,80,,,,,,80,,
,,Paratha,,,,6 Pc,25,150,,,,,,150,,
,,Chiken boneless,,,,1 Pc,150,150,,,,,,150,,
,,Chicken crispy,,,,2 Pc,100,200,,,,,,200,,
,,Chicken roll,,,,1 Pc,80,80,,,,,,80,,
,,Paneer roll,,,,1 Pc,70,70,,,,,,70,,
,,Chicken burger,,,,4 Pc,60,240,,,,,,240,,
,,Chicken noodles,,,,1 Pc,150,150,,,,,,150,,
,,Chicken crispy,,,,3 Pc,100,300,,,,,,300,,
,,Chicken burger,,,,1 Pc,60,60,,,,,,60,,
,,Paneer chilli Half,,,,1 Pc,100,100,,,,,,100,,
,,Veg noodles Half,,,,1 Pc,60,60,,,,,,60,,
,,Chicken fried rice,,,,1 Pc,150,150,,,,,,150,,
,,Veg Burger,,,,2 Pc,50,100,,,,,,100,,
,,Egg burger,,,,1 Pc,40,40,,,,,,40,,
,,Paneer roll,,,,1 Pc,70,70,,,,,,70,,
,,Veg Schezwan Rice Half,,,,1 Pc,70,70,,,,,,70,,
,,Chicken Noodles Half,,,,3 Pc,80,240,,,,,,240,,
,,Water 1 lit,,,,1 Pc,20,20,,,,,,20,,
,,Veg Burger,,,,1 Pc,50,50,,,,,,50,,
,,Chicken roll,,,,1 Pc,80,80,,,,,,80,,
,,Chicken Combination Rice,,,,1 Pc,180,180,,,,,,180,,
,,Veg Manchurian,,,,1 Pc,129,129,,,,,,129,,
,,Double eggs Roll,,,,1 Pc,60,60,,,,,,60,,
,,Egg  chicken roll,,,,1 Pc,90,90,,,,,,90,,
,,Chicken Rice Half,,,,1 Pc,80,80,,,,,,80,,
,,Chicken Rice Half,,,,1 Pc,80,80,,,,,,80,,
,,Chicken crispy,,,,1 Pc,100,100,,,,,,100,,
,,Chicken roll,,,,1 Pc,80,80,,,,,,80,,
,,Water 1 lit,,,,1 Pc,20,20,,,,,,20,,
,,Chilli Half,,,,1 Pc,110,110,,,,,,110,,
,,Paratha,,,,6 Pc,25,150,,,,,,150,,
,,Veg Noodles,,,,1 Pc,110,110,,,,,,110,,
,,Chicken roll,,,,1 Pc,80,80,,,,,,80,,
,,Chicken cheese roll,,,,1 Pc,90,90,,,,,,90,,
,,Chicken Boneless Half,,,,1 Pc,85,85,,,,,,85,,
,,Chicken Rice Half,,,,1 Pc,80,80,,,,,,80,,
,,Paratha,,,,2 Pc,25,50,,,,,,50,,
,,Chiken boneless,,,,1 Pc,150,150,,,,,,150,,
,,Egg Rice,,,,1 Pc,70,70,,,,,,70,,
,,Chicken Rice Half,,,,1 Pc,80,80,,,,,,80,,
,,Chiken boneless,,,,1 Pc,150,150,,,,,,150,,
,,Water 1 lit,,,,1 Pc,20,20,,,,,,20,,
,,Chicken fried rice,,,,3 Pc,150,450,,,,,,450,,
30/06/2024,INV-00068,Cash,,,,,,,,,,,,,0,4875
,,Chicken Rice Half,,,,2 Pc,80,160,,,,,,160,,
,,Chiken boneless,,,,1 Pc,150,150,,,,,,150,,
,,Paneer roll,,,,1 Pc,70,70,,,,,,70,,
,,Veg Noodles,,,,1 Pc,110,110,,,,,,110,,
,,Chiken boneless,,,,1 Pc,150,150,,,,,,150,,
,,Water 1 lit,,,,1 Pc,20,20,,,,,,20,,
,,Double eggs Roll,,,,3 Pc,60,180,,,,,,180,,
,,Veg Burger,,,,2 Pc,50,100,,,,,,100,,
,,Chicken burger,,,,1 Pc,60,60,,,,,,60,,
,,Veg roll,,,,1 Pc,45,45,,,,,,45,,
,,Paneer roll,,,,1 Pc,70,70,,,,,,70,,
,,Chicken crispy,,,,1 Pc,100,100,,,,,,100,,
,,Chicken chilli,,,,1 Pc,180,180,,,,,,180,,
,,Chicken noodles,,,,1 Pc,140,140,,,,,,140,,
,,Chicken noodles,,,,4 Pc,150,600,,,,,,600,,
,,Chicken chilli,,,,1 Pc,200,200,,,,,,200,,
,,Chicken burger,,,,1 Pc,60,60,,,,,,60,,
,,Chicken roll,,,,1 Pc,80,80,,,,,,80,,
,,Chicken crispy,,,,2 Pc,100,200,,,,,,200,,
,,Paratha,,,,2 Pc,25,50,,,,,,50,,
,,Chicken noodles,,,,1 Pc,150,150,,,,,,150,,
,,Veg Manchurian,,,,0.5 Pc,150,75,,,,,,75,,
,,Chicken burger,,,,1 Pc,60,60,,,,,,60,,
,,Chicken burger,,,,1 Pc,60,60,,,,,,60,,
,,Chicken Rice Half,,,,1 Pc,80,80,,,,,,80,,
,,Chicken roll,,,,1 Pc,80,80,,,,,,80,,
,,Chicken roll,,,,2 Pc,80,160,,,,,,160,,
,,Chicken cheese roll,,,,1 Pc,90,90,,,,,,90,,
,,Chicken cheese roll,,,,1 Pc,90,90,,,,,,90,,
,,Chicken roll,,,,2 Pc,80,160,,,,,,160,,
,,Chicken crispy,,,,1 Pc,100,100,,,,,,100,,
,,Water 1 lit,,,,1 Pc,20,20,,,,,,20,,
,,Chicken fried rice,,,,2 Pc,150,300,,,,,,300,,
,,Chiken Manchurian,,,,1 Pc,160,160,,,,,,160,,
,,Chicken Rice Half,,,,1 Pc,80,80,,,,,,80,,
,,Chicken combi roll,,,,1 Pc,100,100,,,,,,100,,
,,Chicken cheese roll,,,,1 Pc,90,90,,,,,,90,,
,,Chicken burger,,,,1 Pc,60,60,,,,,,60,,
,,Paratha,,,,3 Pc,25,75,,,,,,75,,
,,Paneer chilli Half,,,,1 Pc,100,100,,,,,,100,,
,,Chicken burger,,,,1 Pc,60,60,,,,,,60,,
01/07/2024,INV-00069,Cash,,,,,,,,,,,,,0,4440
,,Chicken fried rice,,,,1 Pc,150,150,,,,,,150,,
,,Veg Burger,,,,1 Pc,50,50,,,,,,50,,
,,Veg Schezwan Rice Half,,,,1 Pc,70,70,,,,,,70,,
,,Water 500 ml,,,,1 Pc,10,10,,,,,,10,,
,,Veg cheese burger,,,,1 Pc,65,65,,,,,,65,,
,,Chicken cheese burger,,,,2 Pc,75,150,,,,,,150,,
,,Chicken crispy,,,,1 Pc,100,100,,,,,,100,,
,,Chicken burger,,,,2 Pc,60,120,,,,,,120,,
,,Egg  chicken roll,,,,2 Pc,90,180,,,,,,180,,
,,Chicken noodles,,,,1 Pc,150,150,,,,,,150,,
,,Egg roll,,,,1 Pc,50,50,,,,,,50,,
,,Water 500 ml,,,,1 Pc,10,10,,,,,,10,,
,,Double eggs Roll,,,,1 Pc,60,60,,,,,,60,,
,,Chicken burger,,,,1 Pc,60,60,,,,,,60,,
,,Chicken burger,,,,4 Pc,60,240,,,,,,240,,
,,Chicken Rice Half,,,,1 Pc,80,80,,,,,,80,,
,,Chicken roll,,,,1 Pc,80,80,,,,,,80,,
,,Veg Noodles,,,,1 Pc,110,110,,,,,,110,,
,,Chicken roll,,,,1 Pc,80,80,,,,,,80,,
,,Veg roll,,,,2 Pc,45,90,,,,,,90,,
,,Chicken chilli,,,,1 Pc,200,200,,,,,,200,,
,,Double eggs Roll,,,,2 Pc,60,120,,,,,,120,,
,,Chicken lolipop Full,,,,1 Pc,280,280,,,,,,280,,
,,Bone chilly,,,,1 Pc,180,180,,,,,,180,,
,,Chicken roll,,,,1 Pc,80,80,,,,,,80,,
,,Chicken Rice Half,,,,1 Pc,80,80,,,,,,80,,
,,Paneer chilli Half,,,,1 Pc,100,100,,,,,,100,,
,,Paneer chilli,,,,1 Pc,180,180,,,,,,180,,
,,Chicken fried rice,,,,1 Pc,150,150,,,,,,150,,
,,Chilli Half,,,,1 Pc,110,110,,,,,,110,,
,,Chicken noodles,,,,1 Pc,150,150,,,,,,150,,
,,Paneer chilli Half,,,,1 Pc,100,100,,,,,,100,,
,,Chicken Noodles Half,,,,1 Pc,80,80,,,,,,80,,
,,Chicken Boneless Half,,,,1 Pc,85,85,,,,,,85,,
,,Paratha,,,,3 Pc,25,75,,,,,,75,,
,,Chicken chilli,,,,1 Pc,200,200,,,,,,200,,
,,Chicken Lolipop Half,,,,1 Pc,155,155,,,,,,155,,
,,Paratha,,,,2 Pc,25,50,,,,,,50,,
,,Chicken Noodles Half,,,,1 Pc,80,80,,,,,,80,,
,,Chicken Rice Half,,,,1 Pc,80,80,,,,,,80,,
02/07/2024,INV-00070,Cash,,,,,,,,,,,,,0.5,4598
,,Paneer cheese roll,,,,1 Pc,80,80,,,,,,80,,
,,Chicken fried rice,,,,2 Pc,150,300,,,,,,300,,
,,Chicken chilli,,,,1 Pc,200,200,,,,,,200,,
,,Chicken Rice Half,,,,2 Pc,80,160,,,,,,160,,
,,Chicken roll,,,,2 Pc,80,160,,,,,,160,,
,,Veg roll,,,,2 Pc,45,90,,,,,,90,,
,,Veg Schezwan Rice,,,,2 Pc,130,260,,,,,,260,,
,,Chicken noodles,,,,1 Pc,150,150,,,,,,150,,
,,Chicken Double Cheese Burger,,,,1 Pc,85,85,,,,,,85,,
,,Veg roll,,,,2 Pc,45,90,,,,,,90,,
,,Chicken cheese roll,,,,1 Pc,90,90,,,,,,90,,
,,Water 500 ml,,,,1 Pc,10,10,,,,,,10,,
,,Veg Manchurian,,,,1 Pc,129,129,,,,,,129,,
,,Veg cheese burger,,,,2 Pc,65,130,,,,,,130,,
,,Chicken roll,,,,1 Pc,80,80,,,,,,80,,
,,Veg roll,,,,1 Pc,45,45,,,,,,45,,
,,Water 1 lit,,,,1 Pc,20,20,,,,,,20,,
,,Chicken roll,,,,1 Pc,80,80,,,,,,80,,
,,Chicken burger,,,,1 Pc,60,60,,,,,,60,,
,,Chicken Noodles Half,,,,1 Pc,80,80,,,,,,80,,
,,Veg Noodles,,,,1 Pc,110,110,,,,,,110,,
,,Veg Manchurian,,,,0.5 Pc,129,64.5,,,,,,64.5,,
,,Paneer roll,,,,1 Pc,70,70,,,,,,70,,
,,Chicken Noodles Half,,,,1 Pc,80,80,,,,,,80,,
,,Chicken Rice Half,,,,1 Pc,80,80,,,,,,80,,
,,Veg Manchurian,,,,1 Pc,129,129,,,,,,129,,
,,Veg Manchurian,,,,0.5 Pc,140,70,,,,,,70,,
,,Paneer roll,,,,2 Pc,70,140,,,,,,140,,
,,Veg Rice Half,,,1,1 Pc,60,60,,,,,,60,,
,,Paneer Noodles Half,,,,1 Pc,80,80,,,,,,80,,
,,Paneer roll,,,,1 Pc,70,70,,,,,,70,,
,,Chicken lolipop Full,,,,1 Pc,280,280,,,,,,280,,
,,Paratha,,,,3 Pc,25,75,,,,,,75,,
,,Paneer chilli Half,,,,1 Pc,100,100,,,,,,100,,
,,Double eggs chicken roll,,,,1 Pc,100,100,,,,,,100,,
,,Egg roll,,,,1 Pc,50,50,,,,,,50,,
,,Chicken combi roll,,,,1 Pc,100,100,,,,,,100,,
,,Chicken fried rice,,,,2 Pc,150,300,,,,,,300,,
,,Chicken Rice Half,,,,1 Pc,80,80,,,,,,80,,
,,Egg roll,,,,1 Pc,50,50,,,,,,50,,
,,Chicken roll,,,,1 Pc,80,80,,,,,,80,,
,,Chicken Rice Half,,,,1 Pc,80,80,,,,,,80,,
,,Chocolate Shake,,,,1 Pc,50,50,,,,,,50,,
03/07/2024,INV-00071,Cash,,,,,,,,,,,,,0,6344
,,Chicken cheese roll,,,,2 Pc,90,180,,,,,,180,,
,,Veg noodles Half,,,,1 Pc,60,60,,,,,,60,,
,,Chicken Rice Half,,,,1 Pc,80,80,,,,,,80,,
,,Veg Noodles,,,,1 Pc,110,110,,,,,,110,,
,,Veg Manchurian,,,,1 Pc,129,129,,,,,,129,,
,,Veg Schezwan Noodles Half,,,,1 Pc,70,70,,,,,,70,,
,,Veg roll,,,,3 Pc,45,135,,,,,,135,,
,,Veg Schezwan Noodles Half,,,,3 Pc,70,210,,,,,,210,,
,,Water 1 lit,,,,1 Pc,20,20,,,,,,20,,
,,Chicken noodles,,,,1 Pc,150,150,,,,,,150,,
,,Chicken roll,,,,1 Pc,80,80,,,,,,80,,
,,Paneer Noodles Half,,,,1 Pc,80,80,,,,,,80,,
,,Egg roll,,,,1 Pc,50,50,,,,,,50,,
,,Water 1 lit,,,,1 Pc,20,20,,,,,,20,,
,,Chicken roll,,,,1 Pc,80,80,,,,,,80,,
,,Veg Burger,,,,1 Pc,50,50,,,,,,50,,
,,Chicken noodles,,,,1 Pc,150,150,,,,,,150,,
,,Chicken lolipop Full,,,,1 Pc,280,280,,,,,,280,,
,,Chicken Noodles Half,,,,2 Pc,80,160,,,,,,160,,
,,Chicken Rice Half,,,,1 Pc,80,80,,,,,,80,,
,,Chicken noodles,,,,1 Pc,150,150,,,,,,150,,
,,Chiken Manchurian,,,,1 Pc,160,160,,,,,,160,,
,,Chicken cheese roll,,,,1 Pc,90,90,,,,,,90,,
,,Egg burger,,,,1 Pc,30,30,,,,,,30,,
,,Chicken lolipop Full,,,,1 Pc,280,280,,,,,,280,,
,,Paratha,,,,2 Pc,25,50,,,,,,50,,
,,Chiken Manchurian,,,,1.5 Pc,160,240,,,,,,240,,
,,Paneer chilli,,,,1 Pc,180,180,,,,,,180,,
,,Chicken roll,,,,2 Pc,80,160,,,,,,160,,
,,Water 1 lit,,,,1 Pc,20,20,,,,,,20,,
,,Chilli Half,,,,1 Pc,110,110,,,,,,110,,
,,Double eggs Roll,,,,1 Pc,60,60,,,,,,60,,
,,Chicken fried rice,,,,1 Pc,150,150,,,,,,150,,
,,Chilli Half,,,,1 Pc,110,110,,,,,,110,,
,,Paratha,,,,2 Pc,25,50,,,,,,50,,
,,Chicken Double Cheese Burger,,,,2 Pc,85,170,,,,,,170,,
,,Paneer roll,,,,1 Pc,70,70,,,,,,70,,
,,Chicken roll,,,,1 Pc,80,80,,,,,,80,,
,,Chicken roll,,,,2 Pc,80,160,,,,,,160,,
,,Chiken Manchurian,,,,1.5 Pc,160,240,,,,,,240,,
,,Chicken lolipop Full,,,,1 Pc,280,280,,,,,,280,,
,,Paratha,,,,4 Pc,25,100,,,,,,100,,
,,Chicken Lolipop Half,,,,1 Pc,155,155,,,,,,155,,
,,Chicken Manchurian Half,,,,1 Pc,90,90,,,,,,90,,
,,Chicken roll,,,,1 Pc,80,80,,,,,,80,,
,,Double eggs chicken roll,,,,1 Pc,100,100,,,,,,100,,
,,Chicken Noodles Half,,,,1 Pc,80,80,,,,,,80,,
,,Veg cheese burger,,,,2 Pc,65,130,,,,,,130,,
,,Veg Burger,,,,1 Pc,50,50,,,,,,50,,
,,Chicken Boneless Half,,,,1 Pc,85,85,,,,,,85,,
,,Paratha,,,,2 Pc,25,50,,,,,,50,,
,,Chicken chilli,,,,1 Pc,200,200,,,,,,200,,
,,Chicken crispy,,,,1 Pc,100,100,,,,,,100,,
,,Chilli Half,,,,1 Pc,110,110,,,,,,110,,
04/07/2024,INV-00072,Cash,,,,,,,,,,,,,-0.1,3899
,,Chicken roll,,,,2 Pc,80,160,,,,,,160,,
,,Double eggs Roll,,,,1 Pc,60,60,,,,,,60,,
,,Chicken combi roll,,,,1 Pc,100,100,,,,,,100,,
,,Veg Burger,,,,1 Pc,50,50,,,,,,50,,
,,Chicken burger,,,,2 Pc,60,120,,,,,,120,,
,,Veg Burger,,,,2 Pc,50,100,,,,,,100,,
,,Chicken fried rice,,,,1 Pc,150,150,,,,,,150,,
,,Chiken Manchurian,,,,1 Pc,160,160,,,,,,160,,
,,Chicken noodles,,,,1 Pc,150,150,,,,,,150,,
,,Chiken boneless,,,,1 Pc,150,150,,,,,,150,,
,,Paneer Noodles Half,,,,1 Pc,80,80,,,,,,80,,
,,Chicken burger,,,,5 Pc,60,300,,,,,,300,,
,,Chicken noodles,,,,1 Pc,140.1,140.1,,,,,,140.1,,
,,Chicken chilli,,,,1 Pc,180,180,,,,,,180,,
,,Chicken Boneless Half,,,,1 Pc,85,85,,,,,,85,,
,,Chicken roll,,,,2 Pc,80,160,,,,,,160,,
,,Chicken roll,,,,1 Pc,80,80,,,,,,80,,
,,Veg Noodles,,,,1 Pc,110,110,,,,,,110,,
,,Soup,,,,1 Pc,100,100,,,,,,100,,
,,Chicken roll,,,,1 Pc,80,80,,,,,,80,,
,,Chicken schezwan,,,,1 Pc,170,170,,,,,,170,,
,,Paratha,,,,3 Pc,25,75,,,,,,75,,
,,Chicken crispy,,,,1 Pc,100,100,,,,,,100,,
,,Water 1 lit,,,,1 Pc,20,20,,,,,,20,,
,,Chicken Boneless Half,,,,1 Pc,80,80,,,,,,80,,
,,Chicken Rice Half,,,,1 Pc,80,80,,,,,,80,,
,,Veg Manchurian,,,,1 Pc,129,129,,,,,,129,,
,,Veg Noodles,,,,1 Pc,110,110,,,,,,110,,
,,Chicken roll,,,,2 Pc,80,160,,,,,,160,,
,,Chicken lolipop Full,,,,1 Pc,280,280,,,,,,280,,
,,Paratha,,,,4 Pc,25,100,,,,,,100,,
,,Chicken Noodles Half,,,,1 Pc,80,80,,,,,,80,,
05/07/2024,INV-00074,Cash,,,,,,,,,,,,,0,3670
,,Chicken burger,,,,1 Pc,60,60,,,,,,60,,
,,Chicken crispy,,,,1 Pc,100,100,,,,,,100,,
,,Water 500 ml,,,,1 Pc,10,10,,,,,,10,,
,,Paneer Noodles Half,,,,1 Pc,80,80,,,,,,80,,
,,Water 500 ml,,,,1 Pc,10,10,,,,,,10,,
,,Veg roll,,,,1 Pc,45,45,,,,,,45,,
,,Water 1 lit,,,,1 Pc,20,20,,,,,,20,,
,,Veg roll,,,,2 Pc,45,90,,,,,,90,,
,,Veg Burger,,,,1 Pc,50,50,,,,,,50,,
,,Veg roll,,,,1 Pc,45,45,,,,,,45,,
,,Veg roll,,,,1 Pc,45,45,,,,,,45,,
,,Water 500 ml,,,,1 Pc,10,10,,,,,,10,,
,,Veg Burger,,,,1 Pc,50,50,,,,,,50,,
,,Water 500 ml,,,,1 Pc,10,10,,,,,,10,,
,,Veg Burger,,,,1 Pc,50,50,,,,,,50,,
,,Water 500 ml,,,,1 Pc,10,10,,,,,,10,,
,,Double eggs Roll,,,,1 Pc,60,60,,,,,,60,,
,,Water 500 ml,,,,1 Pc,10,10,,,,,,10,,
,,Veg roll,,,,1 Pc,45,45,,,,,,45,,
,,Water 500 ml,,,,1 Pc,10,10,,,,,,10,,
,,Chicken noodles,,,,1 Pc,150,150,,,,,,150,,
,,Chicken roll,,,,3 Pc,80,240,,,,,,240,,
,,Veg Noodles,,,,1 Pc,110,110,,,,,,110,,
,,Water 1 lit,,,,1 Pc,20,20,,,,,,20,,
,,Veg Burger,,,,1 Pc,50,50,,,,,,50,,
,,Chicken roll,,,,2 Pc,80,160,,,,,,160,,
,,Double eggs Roll,,,,1 Pc,60,60,,,,,,60,,
,,Paneer cheese roll,,,,1 Pc,80,80,,,,,,80,,
,,Egg roll,,,,1 Pc,50,50,,,,,,50,,
,,Double eggs Roll,,,,1 Pc,60,60,,,,,,60,,
,,Veg roll,,,,4 Pc,45,180,,,,,,180,,
,,Chicken Noodles Half,,,,1 Pc,80,80,,,,,,80,,
,,Chicken Schezwan Noodles Half,,,,1 Pc,90,90,,,,,,90,,
,,Chicken chilli,,,,1 Pc,200,200,,,,,,200,,
,,Paratha,,,,5 Pc,25,125,,,,,,125,,
,,Veg cheese burger,,,,2 Pc,65,130,,,,,,130,,
,,Paneer chilli,,,,1 Pc,180,180,,,,,,180,,
,,Chicken combi roll,,,,1 Pc,100,100,,,,,,100,,
,,Chicken roll,,,,1 Pc,80,80,,,,,,80,,
,,Chicken Noodles Half,,,,2 Pc,80,160,,,,,,160,,
,,Water 500 ml,,,,2 Pc,10,20,,,,,,20,,
,,Chicken Noodles Half,,,,1 Pc,80,80,,,,,,80,,
,,Chicken Lolipop Half,,,,1 Pc,155,155,,,,,,155,,
,,Double eggs Roll,,,,2 Pc,60,120,,,,,,120,,
,,Chicken Rice Half,,,,1 Pc,80,80,,,,,,80,,
,,Chicken combi roll,,,,1 Pc,100,100,,,,,,100,,
06/07/2024,INV-00075,Cash,,,,,,,,,,,,,0,5950
,,Chicken noodles,,,,1 Pc,150,150,,,,,,150,,
,,Chiken boneless,,,,1 Pc,150,150,,,,,,150,,
,,Chicken Schezwan Rice,,,,1 Pc,90,90,,,,,,90,,
,,Egg roll,,,,1 Pc,50,50,,,,,,50,,
,,Chicken crispy,,,,1 Pc,100,100,,,,,,100,,
,,Chicken noodles,,,,1 Pc,150,150,,,,,,150,,
,,Paneer roll,,,,1 Pc,70,70,,,,,,70,,
,,Veg roll,,,,1 Pc,45,45,,,,,,45,,
,,Chicken roll,,,,1 Pc,80,80,,,,,,80,,
,,Paneer roll,,,,1 Pc,70,70,,,,,,70,,
,,Egg roll,,,,1 Pc,50,50,,,,,,50,,
,,Veg roll,,,,1 Pc,45,45,,,,,,45,,
,,Chicken lolipop Full,,,,1 Pc,280,280,,,,,,280,,
,,Chiken boneless,,,,1 Pc,150,150,,,,,,150,,
,,Veg Manchurian,,,,1 Pc,130,130,,,,,,130,,
,,Chicken cheese roll,,,,3 Pc,90,270,,,,,,270,,
,,Double eggs Roll,,,,4 Pc,60,240,,,,,,240,,
,,Chicken roll,,,,3 Pc,80,240,,,,,,240,,
,,Chicken burger,,,,1 Pc,60,60,,,,,,60,,
,,Chicken Noodles Half,,,,1 Pc,80,80,,,,,,80,,
,,Chicken roll,,,,5 Pc,80,400,,,,,,400,,
,,Veg Noodles,,,,2 Pc,110,220,,,,,,220,,
,,Chiken boneless,,,,1 Pc,150,150,,,,,,150,,
,,Paratha,,,,5 Pc,25,125,,,,,,125,,
,,Chicken chilli,,,,1 Pc,200,200,,,,,,200,,
,,Chilli Half,,,,1 Pc,110,110,,,,,,110,,
,,Paratha,,,,2 Pc,25,50,,,,,,50,,
,,Chicken Schezwan Noodles Half,,,,1 Pc,90,90,,,,,,90,,
,,Chicken roll,,,,1 Pc,80,80,,,,,,80,,
,,Veg Noodles,,,,1 Pc,110,110,,,,,,110,,
,,Veg Manchurian,,,,1 Pc,75,75,,,,,,75,,
,,Chicken chilli,,,,1 Pc,200,200,,,,,,200,,
,,Chicken Rice Half,,,,1 Pc,80,80,,,,,,80,,
,,Chicken chilli,,,,1 Pc,200,200,,,,,,200,,
,,Paneer chilli Half,,,,1 Pc,100,100,,,,,,100,,
,,Chicken Noodles Half,,,,1 Pc,80,80,,,,,,80,,
,,Paneer chilli,,,,1 Pc,180,180,,,,,,180,,
,,Paratha,,,,6 Pc,25,150,,,,,,150,,
,,Chicken Rice Half,,,,2 Pc,80,160,,,,,,160,,
,,Water 1 lit,,,,1 Pc,20,20,,,,,,20,,
,,Chicken cheese roll,,,,3 Pc,90,270,,,,,,270,,
,,Paneer cheese roll,,,,1 Pc,80,80,,,,,,80,,
,,Chicken chilli,,,,1 Pc,180,180,,,,,,180,,
,,Chicken noodles,,,,1 Pc,140,140,,,,,,140,,
07/07/2024,INV-00076,Cash,,,,,,,,,,,,,0,4820
,,Chilli Half,,,,1 Pc,110,110,,,,,,110,,
,,Paratha,,,,4 Pc,25,100,,,,,,100,,
,,Veg Burger,,,,1 Pc,50,50,,,,,,50,,
,,Egg Rice,,,,1 Pc,70,70,,,,,,70,,
,,Chicken fried rice,,,,1 Pc,150,150,,,,,,150,,
,,Chicken noodles,,,,1 Pc,140,140,,,,,,140,,
,,Chicken fried rice,,,,1 Pc,140,140,,,,,,140,,
,,Veg cheese burger,,,,2 Pc,65,130,,,,,,130,,
,,Chicken cheese burger,,,,1 Pc,75,75,,,,,,75,,
,,Chicken roll,,,,3 Pc,80,240,,,,,,240,,
,,Chicken roll,,,,2 Pc,80,160,,,,,,160,,
,,Chicken roll,,,,4 Pc,80,320,,,,,,320,,
,,Chicken Rice Half,,,,1 Pc,80,80,,,,,,80,,
,,Veg Noodles,,,,1 Pc,110,110,,,,,,110,,
,,Chicken Rice Half,,,,1 Pc,80,80,,,,,,80,,
,,Chicken Noodles Half,,,,1 Pc,80,80,,,,,,80,,
,,Paneer Schezwan Noodles Full,,,,1 Pc,170,170,,,,,,170,,
,,Chicken crispy,,,,1 Pc,100,100,,,,,,100,,
,,Chicken noodles,,,,1 Pc,150,150,,,,,,150,,
,,Chicken Noodles Half,,,,1 Pc,80,80,,,,,,80,,
,,Chicken Rice Half,,,,1 Pc,80,80,,,,,,80,,
,,Veg Noodles,,,,2 Pc,110,220,,,,,,220,,
,,Chicken Lolipop Half,,,,1 Pc,155,155,,,,,,155,,
,,Veg Burger,,,,1 Pc,50,50,,,,,,50,,
,,Chicken noodles,,,,2 Pc,140,280,,,,,,280,,
,,Chicken chilli,,,,1 Pc,180,180,,,,,,180,,
,,Chicken Schezwan Noodles Half,,,,1 Pc,90,90,,,,,,90,,
,,Paneer chilli,,,,1 Pc,180,180,,,,,,180,,
,,Veg Noodles,,,,1 Pc,110,110,,,,,,110,,
,,Chicken fried rice,,,,3 Pc,150,450,,,,,,450,,
,,Chicken chilli,,,,1 Pc,150,150,,,,,,150,,
,,Chicken crispy,,,,1 Pc,100,100,,,,,,100,,
,,Double eggs Roll,,,,4 Pc,60,240,,,,,,240,,
08/07/2024,INV-00077,Cash,,,,,,,,,,,,,0,3235
,,Water 1 lit,,,,1 Pc,20,20,,,,,,20,,
,,Egg burger,,,,1 Pc,30,30,,,,,,30,,
,,Veg Burger,,,,1 Pc,50,50,,,,,,50,,
,,Water 1 lit,,,,1 Pc,20,20,,,,,,20,,
,,Veg noodles Half,,,,1 Pc,60,60,,,,,,60,,
,,Veg Schezwan Noodles Half,,,,1 Pc,70,70,,,,,,70,,
,,Chicken roll,,,,1 Pc,80,80,,,,,,80,,
,,Chicken Schezwan Noodles Half,,,,2 Pc,90,180,,,,,,180,,
,,Chicken crispy,,,,1 Pc,100,100,,,,,,100,,
,,Paratha,,,,2 Pc,25,50,,,,,,50,,
,,Water 500 ml,,,,1 Pc,10,10,,,,,,10,,
,,Double eggs Roll,,,,1 Pc,60,60,,,,,,60,,
,,Double eggs Roll,,,,1 Pc,60,60,,,,,,60,,
,,Double eggs Roll,,,,1 Pc,60,60,,,,,,60,,
,,Water 500 ml,,,,1 Pc,10,10,,,,,,10,,
,,Veg Burger,,,,1 Pc,50,50,,,,,,50,,
,,Chicken roll,,,,2 Pc,80,160,,,,,,160,,
,,Paneer roll,,,,1 Pc,70,70,,,,,,70,,
,,Veg Burger,,,,2 Pc,50,100,,,,,,100,,
,,Chicken cheese roll,,,,1 Pc,90,90,,,,,,90,,
,,Chicken triple Noodles,,,,1 Pc,190,190,,,,,,190,,
,,Double eggs Roll,,,,1 Pc,60,60,,,,,,60,,
,,Chicken burger,,,,2 Pc,60,120,,,,,,120,,
,,Veg Manchurian Half,,,,1 Pc,75,75,,,,,,75,,
,,Chicken roll,,,,2 Pc,80,160,,,,,,160,,
,,Water 1 lit,,,,1 Pc,20,20,,,,,,20,,
,,Chicken burger,,,,1 Pc,60,60,,,,,,60,,
,,Paratha,,,,6 Pc,25,150,,,,,,150,,
,,Chiken boneless,,,,1 Pc,150,150,,,,,,150,,
,,Paratha,,,,4 Pc,25,100,,,,,,100,,
,,Chicken chilli,,,,1.5 Pc,200,300,,,,,,300,,
,,Chicken Lolipop Half,,,,1 Pc,150,150,,,,,,150,,
,,Chiken Schezwan,,,,1 Pc,170,170,,,,,,170,,
,,Chicken chilli,,,,1 Pc,200,200,,,,,,200,,
09/07/2024,INV-00078,Cash,,,,,,,,,,,,,0,4395
,,Paneer roll,,,,2 Pc,70,140,,,,,,140,,
,,Double eggs Roll,,,,1 Pc,60,60,,,,,,60,,
,,Veg Burger,,,,1 Pc,50,50,,,,,,50,,
,,Veg roll,,,,2 Pc,45,90,,,,,,90,,
,,Egg roll,,,,1 Pc,50,50,,,,,,50,,
,,Veg cheese burger,,,,1 Pc,75,75,,,,,,75,,
,,Water 500 ml,,,,1 Pc,10,10,,,,,,10,,
,,Chicken noodles,,,,1 Pc,150,150,,,,,,150,,
,,Chicken noodles,,,,2 Pc,150,300,,,,,,300,,
,,Paneer Manchurian,,,,1 Pc,155,155,,,,,,155,,
,,Paneer roll,,,,1 Pc,70,70,,,,,,70,,
,,Chicken egg roll single,,,,2 Pc,90,180,,,,,,180,,
,,Chicken roll,,,,1 Pc,80,80,,,,,,80,,
,,Chicken egg roll single,,,,1 Pc,90,90,,,,,,90,,
,,Chicken cheese roll,,,,1 Pc,90,90,,,,,,90,,
,,Paneer roll,,,,2 Pc,70,140,,,,,,140,,
,,Double eggs Roll,,,,1 Pc,60,60,,,,,,60,,
,,Chicken cheese burger,,,,1 Pc,75,75,,,,,,75,,
,,Chicken Schezwan roll,,,,3 Pc,90,270,,,,,,270,,
,,Chicken cheese roll,,,,1 Pc,90,90,,,,,,90,,
,,Paneer cheese roll,,,,1 Pc,80,80,,,,,,80,,
,,Chicken chilli,,,,1 Pc,180,180,,,,,,180,,
,,Chicken noodles,,,,1 Pc,140,140,,,,,,140,,
,,Chicken cheese roll,,,,1 Pc,90,90,,,,,,90,,
,,Chicken double eggs Roll,,,,1 Pc,100,100,,,,,,100,,
,,Chicken roll,,,,1 Pc,80,80,,,,,,80,,
,,Veg Noodles,,,,1 Pc,110,110,,,,,,110,,
,,Chiken boneless,,,,1 Pc,150,150,,,,,,150,,
,,Chicken burger,,,,1 Pc,60,60,,,,,,60,,
,,French fries,,,,1 Pc,55,55,,,,,,55,,
,,Chicken burger,,,,1 Pc,60,60,,,,,,60,,
,,Chicken lolipop Full,,,,1 Pc,280,280,,,,,,280,,
,,Paratha,,,,4 Pc,25,100,,,,,,100,,
,,Paneer noodles,,,,1 Pc,150,150,,,,,,150,,
,,French fries,,,,1 Pc,55,55,,,,,,55,,
,,Veg Noodles,,,,1 Pc,110,110,,,,,,110,,
,,Paneer chilli Half,,,,1 Pc,100,100,,,,,,100,,
,,Chicken Noodles Half,,,,1 Pc,100,100,,,,,,100,,
,,Paneer Schezwan Noodles Half,,,,1 Pc,90,90,,,,,,90,,
,,Chicken Rice Half,,,,1 Pc,80,80,,,,,,80,,
10/07/2024,INV-00079,Cash,,,,,,,,,,,,,0,2825
,,Chicken crispy,,,,1 Pc,100,100,,,,,,100,,
,,Paratha,,,,2 Pc,25,50,,,,,,50,,
,,Double eggs Roll,,,,1 Pc,60,60,,,,,,60,,
,,Chicken burger,,,,1 Pc,60,60,,,,,,60,,
,,Chicken Schezwan Rice,,,,1 Pc,90,90,,,,,,90,,
,,Double eggs Roll,,,,1 Pc,60,60,,,,,,60,,
,,Chicken Rice Half,,,,1 Pc,80,80,,,,,,80,,
,,Water 500 ml,,,,2 Pc,10,20,,,,,,20,,
,,Egg roll,,,,2 Pc,50,100,,,,,,100,,
,,Chiken boneless,,,,1 Pc,150,150,,,,,,150,,
,,Chicken fried rice,,,,1 Pc,150,150,,,,,,150,,
,,Chicken roll,,,,1 Pc,80,80,,,,,,80,,
,,Chicken Rice Half,,,,1 Pc,80,80,,,,,,80,,
,,Double eggs Roll,,,,2 Pc,60,120,,,,,,120,,
,,Veg noodles Half,,,,2 Pc,60,120,,,,,,120,,
,,Chiken boneless,,,,1 Pc,150,150,,,,,,150,,
,,Chicken Lolipop Half,,,,1 Pc,155,155,,,,,,155,,
,,Chilli Half,,,,1 Pc,110,110,,,,,,110,,
,,Veg noodles Half,,,,1 Pc,60,60,,,,,,60,,
,,Paneer roll,,,,1 Pc,70,70,,,,,,70,,
,,Chicken roll,,,,2 Pc,80,160,,,,,,160,,
,,Paneer roll,,,,2 Pc,70,140,,,,,,140,,
,,Paneer roll,,,,1 Pc,70,70,,,,,,70,,
,,Veg Burger,,,,1 Pc,50,50,,,,,,50,,
,,Chicken combi roll,,,,1 Pc,100,100,,,,,,100,,
,,Veg Burger,,,,1 Pc,50,50,,,,,,50,,
,,Double eggs Roll,,,,1 Pc,60,60,,,,,,60,,
,,Veg noodles Half,,,,1 Pc,60,60,,,,,,60,,
,,Veg noodles Half,,,,1 Pc,60,60,,,,,,60,,
,,Double eggs Roll,,,,1 Pc,60,60,,,,,,60,,
,,Chicken noodles,,,,1 Pc,150,150,,,,,,150,,
11/07/2024,INV-00080,Cash,,,,,,,,,,,,,0,6195
,,Veg Burger,,,,1 Pc,50,50,,,,,,50,,
,,Egg burger,,,,1 Pc,30,30,,,,,,30,,
,,Chicken fried rice,,,,2 Pc,150,300,,,,,,300,,
,,Chicken noodles,,,,1 Pc,150,150,,,,,,150,,
,,Veg noodles Half,,,,1 Pc,60,60,,,,,,60,,
,,Veg noodles Half,,,,1 Pc,60,60,,,,,,60,,
,,Chicken cheese roll,,,,1 Pc,90,90,,,,,,90,,
,,Double eggs chicken roll,,,,1 Pc,100,100,,,,,,100,,
,,Chicken roll,,,,2 Pc,80,160,,,,,,160,,
,,Water 1 lit,,,,1 Pc,20,20,,,,,,20,,
,,Egg burger,,,,1 Pc,35,35,,,,,,35,,
,,Egg roll,,,,1 Pc,50,50,,,,,,50,,
,,Double eggs Roll,,,,1 Pc,60,60,,,,,,60,,
,,Double eggs Roll,,,,1 Pc,60,60,,,,,,60,,
,,Chicken burger,,,,1 Pc,60,60,,,,,,60,,
,,Veg Burger,,,,1 Pc,50,50,,,,,,50,,
,,Double eggs Roll,,,,1 Pc,60,60,,,,,,60,,
,,Double eggs Roll,,,,1 Pc,60,60,,,,,,60,,
,,Chicken cheese burger,,,,1 Pc,75,75,,,,,,75,,
,,Chicken roll,,,,3 Pc,80,240,,,,,,240,,
,,Paneer roll,,,,2 Pc,70,140,,,,,,140,,
,,Chicken Rice Half,,,,1 Pc,80,80,,,,,,80,,
,,Chicken fried rice,,,,1 Pc,150,150,,,,,,150,,
,,Chicken egg roll single,,,,1 Pc,90,90,,,,,,90,,
,,Chicken combi roll,,,,2 Pc,100,200,,,,,,200,,
,,Veg Burger,,,,6 Pc,50,300,,,,,,300,,
,,Chicken roll,,,,2 Pc,80,160,,,,,,160,,
,,French fries,,,,1 Pc,55,55,,,,,,55,,
,,Chicken roll,,,,1 Pc,80,80,,,,,,80,,
,,Chicken burger,,,,2 Pc,60,120,,,,,,120,,
,,Veg Burger,,,,4 Pc,50,200,,,,,,200,,
,,Chicken burger,,,,1 Pc,60,60,,,,,,60,,
,,Double eggs Roll,,,,1 Pc,60,60,,,,,,60,,
,,Chicken burger,,,,2 Pc,60,120,,,,,,120,,
,,Chicken Noodles Half,,,,1 Pc,80,80,,,,,,80,,
,,Paratha,,,,4 Pc,25,100,,,,,,100,,
,,Chiken boneless,,,,1 Pc,150,150,,,,,,150,,
,,Chicken chilli,,,,1 Pc,180,180,,,,,,180,,
,,Chicken noodles,,,,1 Pc,140,140,,,,,,140,,
,,Chicken Schezwan Rice,,,,1 Pc,90,90,,,,,,90,,
,,Paneer roll,,,,1 Pc,70,70,,,,,,70,,
,,Veg noodles Half,,,,1 Pc,60,60,,,,,,60,,
,,Paneer Schezwan Roll,,,,1 Pc,80,80,,,,,,80,,
,,Chilli Half,,,,1 Pc,110,110,,,,,,110,,
,,Chicken Lolipop Half,,,,1 Pc,155,155,,,,,,155,,
,,Paneer roll,,,,3 Pc,70,210,,,,,,210,,
,,Chicken crispy,,,,1 Pc,100,100,,,,,,100,,
,,Veg noodles Half,,,,1 Pc,60,60,,,,,,60,,
,,Water 1 lit,,,,1 Pc,20,20,,,,,,20,,
,,Chicken Lolipop Half,,,,1 Pc,155,155,,,,,,155,,
,,Chicken Rice Half,,,,1 Pc,80,80,,,,,,80,,
,,Chicken Boneless Half,,,,1 Pc,85,85,,,,,,85,,
,,Chicken Lolipop Half,,,,1 Pc,155,155,,,,,,155,,
,,Chicken roll,,,,2 Pc,80,160,,,,,,160,,
,,Paneer roll,,,,1 Pc,70,70,,,,,,70,,
,,Chicken roll,,,,2 Pc,80,160,,,,,,160,,
,,Chicken burger,,,,1 Pc,60,60,,,,,,60,,
,,Chicken Rice Half,,,,1 Pc,80,80,,,,,,80,,
12/07/2024,INV-00081,Cash,,,,,,,,,,,,,0,4820
,,French fries,,,,1 Pc,55,55,,,,,,55,,
,,Water 500 ml,,,,2 Pc,10,20,,,,,,20,,
,,Chicken roll,,,,3 Pc,80,240,,,,,,240,,
,,Chicken fried rice,,,,1 Pc,150,150,,,,,,150,,
,,Paratha,,,,5 Pc,25,125,,,,,,125,,
,,Paneer chilli,,,,1 Pc,180,180,,,,,,180,,
,,Chicken fried rice,,,,1 Pc,150,150,,,,,,150,,
,,Chiken boneless,,,,1 Pc,150,150,,,,,,150,,
,,Chicken roll,,,,2 Pc,80,160,,,,,,160,,
,,Veg Noodles,,,,2 Pc,110,220,,,,,,220,,
,,Chicken Rice Half,,,,1 Pc,80,80,,,,,,80,,
,,Chicken roll,,,,1 Pc,80,80,,,,,,80,,
,,Veg cheese burger,,,,2 Pc,75,150,,,,,,150,,
,,Chocolate Shake,,,,2 Pc,50,100,,,,,,100,,
,,Chicken roll,,,,1 Pc,80,80,,,,,,80,,
,,Egg roll,,,,1 Pc,50,50,,,,,,50,,
,,Chicken Noodles Half,,,,2 Pc,80,160,,,,,,160,,
,,Chicken burger,,,,4 Pc,60,240,,,,,,240,,
,,Double eggs Roll,,,,2 Pc,60,120,,,,,,120,,
,,Chicken burger,,,,2 Pc,60,120,,,,,,120,,
,,Veg noodles Half,,,,1 Pc,60,60,,,,,,60,,
,,Double eggs Roll,,,,1 Pc,60,60,,,,,,60,,
,,Egg burger,,,,1 Pc,30,30,,,,,,30,,
,,Chicken cheese roll,,,,2 Pc,90,180,,,,,,180,,
,,Chicken Double Cheese Burger,,,,1 Pc,85,85,,,,,,85,,
,,Veg Burger,,,,1 Pc,50,50,,,,,,50,,
,,Chicken crispy,,,,2 Pc,100,200,,,,,,200,,
,,Veg Noodles,,,,1 Pc,110,110,,,,,,110,,
,,Chilli Half,,,,1 Pc,110,110,,,,,,110,,
,,Paratha,,,,2 Pc,25,50,,,,,,50,,
,,Veg Noodles,,,,1 Pc,110,110,,,,,,110,,
,,Veg noodles Half,,,,1 Pc,60,60,,,,,,60,,
,,Paratha,,,,3 Pc,25,75,,,,,,75,,
,,Chiken boneless,,,,1 Pc,150,150,,,,,,150,,
,,Chicken Rice Half,,,,1 Pc,80,80,,,,,,80,,
,,Chicken Boneless Half,,,,1 Pc,85,85,,,,,,85,,
,,Paratha,,,,4 Pc,25,100,,,,,,100,,
,,Chicken crispy,,,,2 Pc,100,200,,,,,,200,,
,,Chicken Lolipop Half,,,,1 Pc,155,155,,,,,,155,,
,,Chicken Rice Half,,,,1 Pc,80,80,,,,,,80,,
,,Chicken Noodles Half,,,,1 Pc,80,80,,,,,,80,,
,,Chicken Rice Half,,,,1 Pc,80,80,,,,,,80,,
13/07/2024,INV-00082,Cash,,,,,,,,,,,,,0,2885
,,Chicken cheese roll,,,,1 Pc,90,90,,,,,,90,,
,,Chicken Schezwan Rice,,,,1 Pc,90,90,,,,,,90,,
,,Paneer cheese roll,,,,1 Pc,80,80,,,,,,80,,
,,Egg roll,,,,2 Pc,50,100,,,,,,100,,
,,Chicken roll,,,,3 Pc,80,240,,,,,,240,,
,,Chicken burger,,,,1 Pc,60,60,,,,,,60,,
,,Double eggs Roll,,,,1 Pc,60,60,,,,,,60,,
,,Egg burger,,,,2 Pc,35,70,,,,,,70,,
,,Egg roll,,,,2 Pc,50,100,,,,,,100,,
,,Paneer roll,,,,1 Pc,70,70,,,,,,70,,
,,Egg burger,,,,1 Pc,30,30,,,,,,30,,
,,Paneer Schezwan Roll,,,,1 Pc,80,80,,,,,,80,,
,,Chicken lolipop Full,,,,2 Pc,280,560,,,,,,560,,
,,Chicken Rice Half,,,,1 Pc,80,80,,,,,,80,,
,,Chicken roll,,,,1 Pc,80,80,,,,,,80,,
,,Water 500 ml,,,,2 Pc,10,20,,,,,,20,,
,,Chicken roll,,,,1 Pc,80,80,,,,,,80,,
,,Egg burger,,,,1 Pc,30,30,,,,,,30,,
,,Chicken crispy,,,,1 Pc,100,100,,,,,,100,,
,,Chicken lolipop Full,,,,1 Pc,280,280,,,,,,280,,
,,Paratha,,,,2 Pc,25,50,,,,,,50,,
,,Chiken boneless,,,,1 Pc,150,150,,,,,,150,,
,,Chicken roll,,,,1 Pc,80,80,,,,,,80,,
,,Paratha,,,,1 Pc,25,25,,,,,,25,,
,,Chicken lolipop Full,,,,1 Pc,280,280,,,,,,280,,
14/07/2024,INV-00083,Cash,,,,,,,,,,,,,0,3435
,,Chicken roll,,,,2 Pc,80,160,,,,,,160,,
,,Veg noodles Half,,,,1 Pc,60,60,,,,,,60,,
,,Veg cheese burger,,,,1 Pc,65,65,,,,,,65,,
,,French fries,,,,1 Pc,55,55,,,,,,55,,
,,Chicken Schezwan Noodles Half,,,,1 Pc,90,90,,,,,,90,,
,,Veg Manchurian,,,,1 Pc,130,130,,,,,,130,,
,,Chicken burger,,,,1 Pc,60,60,,,,,,60,,
,,Chicken combi roll,,,,2 Pc,100,200,,,,,,200,,
,,Chicken burger,,,,2 Pc,60,120,,,,,,120,,
,,Chicken Noodles Half,,,,1 Pc,80,80,,,,,,80,,
,,Paneer chilli Half,,,,1 Pc,100,100,,,,,,100,,
,,Paratha,,,,2 Pc,25,50,,,,,,50,,
,,Water 500 ml,,,,1 Pc,10,10,,,,,,10,,
,,Paratha,,,,6 Pc,25,150,,,,,,150,,
,,Chicken Lolipop Half,,,,1 Pc,155,155,,,,,,155,,
,,Chicken fried rice,,,,1 Pc,200,200,,,,,,200,,
,,Chiken boneless,,,,1 Pc,150,150,,,,,,150,,
,,Chicken Lolipop Half,,,,1 Pc,155,155,,,,,,155,,
,,French fries,,,,1 Pc,55,55,,,,,,55,,
,,Chicken Manchurian Rice,,,,1 Pc,190,190,,,,,,190,,
,,Water 1 lit,,,,1 Pc,20,20,,,,,,20,,
,,Water 500 ml,,,,3 Pc,10,30,,,,,,30,,
,,Veg Noodles,,,,1 Pc,110,110,,,,,,110,,
,,Chicken Noodles Half,,,,1 Pc,80,80,,,,,,80,,
,,Soup,,,,1 Pc,100,100,,,,,,100,,
,,Soup,,,,2 Pc,100,200,,,,,,200,,
,,Chicken Manchurian Rice,,,,1 Pc,190,190,,,,,,190,,
,,Chicken 65,,,,1 Pc,220,220,,,,,,220,,
,,Chicken Schezwan Half,,,,1 Pc,95,95,,,,,,95,,
,,Chicken Lolipop Half,,,,1 Pc,155,155,,,,,,155,,
15/07/2024,INV-00084,Cash,,,,,,,,,,,,,0,4220
,,Paratha,,,,3 Pc,25,75,,,,,,75,,
,,Chicken crispy,,,,1 Pc,100,100,,,,,,100,,
,,Chocolate Shake,,,,1 Pc,60,60,,,,,,60,,
,,Chicken cheese roll,,,,2 Pc,90,180,,,,,,180,,
,,Double eggs Roll,,,,1 Pc,60,60,,,,,,60,,
,,Chicken double eggs Roll,,,,1 Pc,100,100,,,,,,100,,
,,Chicken roll,,,,3 Pc,80,240,,,,,,240,,
,,Chicken noodles,,,,1 Pc,150,150,,,,,,150,,
,,Chicken burger,,,,3 Pc,60,180,,,,,,180,,
,,Paneer fried rice,,,,1 Pc,150,150,,,,,,150,,
,,Chicken crispy,,,,1 Pc,100,100,,,,,,100,,
,,Veg roll,,,,1 Pc,45,45,,,,,,45,,
,,Veg roll,,,,1 Pc,45,45,,,,,,45,,
,,Veg Noodles,,,,1 Pc,110,110,,,,,,110,,
,,Chicken roll,,,,1 Pc,80,80,,,,,,80,,
,,Water 500 ml,,,,1 Pc,10,10,,,,,,10,,
,,Egg Rice,,,,2 Pc,70,140,,,,,,140,,
,,Chicken cheese roll,,,,1 Pc,90,90,,,,,,90,,
,,Chicken roll,,,,2 Pc,80,160,,,,,,160,,
,,Water 500 ml,,,,1 Pc,10,10,,,,,,10,,
,,Chiken boneless,,,,1 Pc,150,150,,,,,,150,,
,,Paratha,,,,2 Pc,25,50,,,,,,50,,
,,Chicken Rice Half,,,,1 Pc,80,80,,,,,,80,,
,,Chicken noodles,,,,1 Pc,150,150,,,,,,150,,
,,Water 1 lit,,,,1 Pc,20,20,,,,,,20,,
,,Chicken chilli,,,,2 Pc,200,400,,,,,,400,,
,,Paratha,,,,5 Pc,25,125,,,,,,125,,
,,Chicken Boneless Half,,,,1 Pc,85,85,,,,,,85,,
,,Chicken Rice Half,,,,1 Pc,80,80,,,,,,80,,
,,Chicken chilli,,,,2 Pc,180,360,,,,,,360,,
,,Chicken noodles,,,,1 Pc,140,140,,,,,,140,,
,,Chicken Boneless Half,,,,1 Pc,85,85,,,,,,85,,
,,Chicken schezwan,,,,1 Pc,170,170,,,,,,170,,
,,Chicken cheese roll,,,,1 Pc,90,90,,,,,,90,,
,,Water 500 ml,,,,1 Pc,10,10,,,,,,10,,
,,Double eggs Roll,,,,1 Pc,60,60,,,,,,60,,
,,Chicken Rice Half,,,,1 Pc,80,80,,,,,,80,,
16/07/2024,INV-00085,Cash,,,,,,,,,,,,,0,2020
,,Chicken roll,,,,1 Pc,80,80,,,,,,80,,
,,Chicken roll,,,,1 Pc,80,80,,,,,,80,,
,,Chicken Rice Half,,,,1 Pc,80,80,,,,,,80,,
,,Chicken roll,,,,2 Pc,80,160,,,,,,160,,
,,Chicken Rice Half,,,,1 Pc,80,80,,,,,,80,,
,,Chicken Boneless Half,,,,1 Pc,85,85,,,,,,85,,
,,Double eggs Roll,,,,1 Pc,60,60,,,,,,60,,
,,Chicken cheese roll,,,,1 Pc,90,90,,,,,,90,,
,,Chicken lolipop Full,,,,1 Pc,225,225,,,,,,225,,
,,Chicken combi roll,,,,3 Pc,100,300,,,,,,300,,
,,Veg Burger,,,,1 Pc,50,50,,,,,,50,,
,,Chicken burger,,,,3 Pc,60,180,,,,,,180,,
,,Veg Schezwan Full,,,,1 Pc,130,130,,,,,,130,,
,,Veg noodles Half,,,,1 Pc,60,60,,,,,,60,,
,,Chicken lolipop Full,,,,1 Pc,280,280,,,,,,280,,
,,Chicken Rice Half,,,,1 Pc,80,80,,,,,,80,,
17/07/2024,INV-00086,Cash,,,,,,,,,,,,,0,2575
,,Chicken roll,,,,2 Pc,80,160,,,,,,160,,
,,Chicken Noodles Half,,,,1 Pc,80,80,,,,,,80,,
,,Veg roll,,,,2 Pc,45,90,,,,,,90,,
,,Soup,,,,2 Pc,100,200,,,,,,200,,
,,Chicken noodles,,,,1 Pc,150,150,,,,,,150,,
,,Paneer noodles,,,,1 Pc,150,150,,,,,,150,,
,,Veg Manchurian Half,,,,1 Pc,75,75,,,,,,75,,
,,Chicken Noodles Half,,,,1 Pc,80,80,,,,,,80,,
,,Veg roll,,,,2 Pc,45,90,,,,,,90,,
,,Double eggs Roll,,,,1 Pc,60,60,,,,,,60,,
,,Chicken roll,,,,1 Pc,80,80,,,,,,80,,
,,Chicken Boneless Half,,,,1 Pc,85,85,,,,,,85,,
,,Veg roll,,,,1 Pc,45,45,,,,,,45,,
,,Chicken roll,,,,2 Pc,80,160,,,,,,160,,
,,Chicken combi roll,,,,2 Pc,100,200,,,,,,200,,
,,Chicken Noodles Half,,,,1 Pc,80,80,,,,,,80,,
,,Chicken roll,,,,3 Pc,80,240,,,,,,240,,
,,Veg Burger,,,,1 Pc,50,50,,,,,,50,,
,,French fries,,,,1 Pc,55,55,,,,,,55,,
,,Chilli Half,,,,1 Pc,110,110,,,,,,110,,
,,Paneer Manchurian,,,,1 Pc,155,155,,,,,,155,,
,,Chicken roll,,,,1 Pc,80,80,,,,,,80,,
,,Paneer chilli Half,,,,1 Pc,100,100,,,,,,100,,
18/07/2024,INV-00087,Cash,,,,,,,,,,,,,0,4310
,,Chicken egg roll single,,,,2 Pc,90,180,,,,,,180,,
,,Chicken crispy,,,,1 Pc,100,100,,,,,,100,,
,,Veg Noodles,,,,2 Pc,110,220,,,,,,220,,
,,Veg Burger,,,,1 Pc,50,50,,,,,,50,,
,,Egg roll,,,,2 Pc,50,100,,,,,,100,,
,,Chiken boneless,,,,1 Pc,150,150,,,,,,150,,
,,Veg Burger,,,,1 Pc,50,50,,,,,,50,,
,,Chicken roll,,,,3 Pc,80,240,,,,,,240,,
,,Veg Burger,,,,1 Pc,50,50,,,,,,50,,
,,Chicken roll,,,,1 Pc,80,80,,,,,,80,,
,,Double eggs Roll,,,,2 Pc,60,120,,,,,,120,,
,,Veg noodles Half,,,,2 Pc,60,120,,,,,,120,,
,,Chicken Boneless Half,,,,1 Pc,85,85,,,,,,85,,
,,Veg Noodles,,,,1 Pc,110,110,,,,,,110,,
,,Chilli Half,,,,1 Pc,110,110,,,,,,110,,
,,Chicken noodles,,,,1 Pc,150,150,,,,,,150,,
,,Chiken boneless,,,,1 Pc,150,150,,,,,,150,,
,,Chiken Manchurian,,,,1 Pc,160,160,,,,,,160,,
,,Paratha,,,,3 Pc,25,75,,,,,,75,,
,,Chicken cheese roll,,,,1 Pc,90,90,,,,,,90,,
,,Chicken crispy,,,,1 Pc,100,100,,,,,,100,,
,,Chicken roll,,,,1 Pc,80,80,,,,,,80,,
,,Chiken boneless,,,,2 Pc,150,300,,,,,,300,,
,,Chicken roll,,,,4 Pc,80,320,,,,,,320,,
,,Chicken crispy,,,,1 Pc,100,100,,,,,,100,,
,,Chicken roll,,,,2 Pc,80,160,,,,,,160,,
,,Chicken fried rice,,,,1 Pc,150,150,,,,,,150,,
,,Chicken Rice Half,,,,1 Pc,80,80,,,,,,80,,
,,Chicken fried rice,,,,1 Pc,150,150,,,,,,150,,
,,Chicken cheese roll,,,,2 Pc,90,180,,,,,,180,,
,,Double eggs Roll,,,,2 Pc,60,120,,,,,,120,,
,,Egg roll,,,,1 Pc,50,50,,,,,,50,,
,,Paratha,,,,2 Pc,25,50,,,,,,50,,
,,Paneer Manchurian,,,,1 Pc,80,80,,,,,,80,,
19/07/2024,INV-00092,Cash,,,,,,,,,,,,,0,3540
,,Chicken Schezwan Rice,,,,1 Pc,90,90,,,,,,90,,
,,Water 500 ml,,,,1 Pc,10,10,,,,,,10,,
,,Chicken roll,,,,1 Pc,80,80,,,,,,80,,
,,Chicken fried rice,,,,1 Pc,150,150,,,,,,150,,
,,Chicken combi roll,,,,1 Pc,100,100,,,,,,100,,
,,Chicken noodles,,,,1 Pc,150,150,,,,,,150,,
,,Chicken noodles,,,,1 Pc,150,150,,,,,,150,,
,,Double eggs Roll,,,,2 Pc,60,120,,,,,,120,,
,,Paneer roll,,,,1 Pc,70,70,,,,,,70,,
,,Chicken roll,,,,2 Pc,80,160,,,,,,160,,
,,Chicken fried rice,,,,1 Pc,150,150,,,,,,150,,
,,Veg Burger,,,,1 Pc,50,50,,,,,,50,,
,,Chicken roll,,,,1 Pc,80,80,,,,,,80,,
,,Veg cheese burger,,,,1 Pc,65,65,,,,,,65,,
,,Veg roll,,,,2 Pc,45,90,,,,,,90,,
,,Double eggs Roll,,,,2 Pc,60,120,,,,,,120,,
,,Chicken Noodles Half,,,,1 Pc,80,80,,,,,,80,,
,,Chicken roll,,,,1 Pc,80,80,,,,,,80,,
,,Chicken fried rice,,,,1 Pc,150,150,,,,,,150,,
,,Chicken roll,,,,2 Pc,80,160,,,,,,160,,
,,Chicken Noodles Half,,,,1 Pc,80,80,,,,,,80,,
,,Chicken Boneless Half,,,,1 Pc,85,85,,,,,,85,,
,,Chicken combi roll,,,,1 Pc,100,100,,,,,,100,,
,,Chicken Rice Half,,,,2 Pc,80,160,,,,,,160,,
,,Chicken Manchurian Half,,,,1 Pc,90,90,,,,,,90,,
,,Veg Burger,,,,1 Pc,50,50,,,,,,50,,
,,Chicken egg roll single,,,,1 Pc,90,90,,,,,,90,,
,,Chiken boneless,,,,1 Pc,150,150,,,,,,150,,
,,Chicken chilli,,,,1 Pc,200,200,,,,,,200,,
,,Chicken Rice Half,,,,1 Pc,80,80,,,,,,80,,
,,Chicken crispy,,,,1 Pc,100,100,,,,,,100,,
,,Chicken crispy,,,,1 Pc,100,100,,,,,,100,,
,,Chicken roll,,,,1 Pc,80,80,,,,,,80,,
,,Chicken Noodles Half,,,,1 Pc,70,70,,,,,,70,,
20/07/2024,INV-00094,Cash,,,,,,,,,,,,,0,4744
,,Chicken roll,,,,1 Pc,80,80,,,,,,80,,
,,Paneer fried rice,,,,1 Pc,150,150,,,,,,150,,
,,French fries,,,,1 Pc,55,55,,,,,,55,,
,,Chicken Rice Half,,,,1 Pc,80,80,,,,,,80,,
,,Veg Noodles,,,,2 Pc,110,220,,,,,,220,,
,,Veg Manchurian,,,,1 Pc,129,129,,,,,,129,,
,,Egg burger,,,,1 Pc,35,35,,,,,,35,,
,,Paneer roll,,,,1 Pc,70,70,,,,,,70,,
,,Chicken roll,,,,1 Pc,80,80,,,,,,80,,
,,Egg burger,,,,2 Pc,40,80,,,,,,80,,
,,Veg noodles Half,,,,1 Pc,60,60,,,,,,60,,
,,Chicken combi roll,,,,2 Pc,100,200,,,,,,200,,
,,Chicken roll,,,,1 Pc,80,80,,,,,,80,,
,,Chicken crispy,,,,2 Pc,100,200,,,,,,200,,
,,Egg burger,,,,1 Pc,35,35,,,,,,35,,
,,Chicken burger,,,,2 Pc,60,120,,,,,,120,,
,,Chicken roll,,,,1 Pc,80,80,,,,,,80,,
,,Chicken Schezwan Noodles Half,,,,1 Pc,90,90,,,,,,90,,
,,Double eggs Roll,,,,1 Pc,60,60,,,,,,60,,
,,Chicken cheese roll,,,,6 Pc,90,540,,,,,,540,,
,,Chicken Schezwan Rice,,,,2 Pc,90,180,,,,,,180,,
,,Chicken noodles,,,,1 Pc,150,150,,,,,,150,,
,,Chicken chilli,,,,1 Pc,180,180,,,,,,180,,
,,Chicken roll,,,,1 Pc,75,75,,,,,,75,,
,,Chicken Rice Half,,,,1 Pc,80,80,,,,,,80,,
,,Paneer roll,,,,1 Pc,70,70,,,,,,70,,
,,Veg Rice Half,,,1,1 Pc,60,60,,,,,,60,,
,,Paneer chilli,,,,1 Pc,180,180,,,,,,180,,
,,Paratha,,,,3 Pc,25,75,,,,,,75,,
,,Soup,,,,1 Pc,100,100,,,,,,100,,
,,Chicken fried rice,,,,2 Pc,150,300,,,,,,300,,
,,Chicken lolipop Full,,,,1 Pc,280,280,,,,,,280,,
,,Chiken boneless,,,,1 Pc,150,150,,,,,,150,,
,,Chicken 65,,,,1 Pc,220,220,,,,,,220,,
,,Chicken chilli,,,,1 Pc,200,200,,,,,,200,,
21/07/2024,INV-00088,Cash,,,,,,,,,,,,,0,349
,,Veg Manchurian,,,,1 Pc,129,129,,,,,,129,,
,,Veg fried rice,,,,1 Pc,110,110,,,,,,110,,
,,Veg Noodles,,,,1 Pc,110,110,,,,,,110,,
21/07/2024,INV-00089,Transfer,,,,,,,,,,,,,0,350
,,Chicken fried rice,,,,1 Pc,150,150,,,,,,150,,
,,Chicken chilli,,,,1 Pc,200,200,,,,,,200,,
21/07/2024,INV-00090,Transfer,,,,,,,,,,,,,0,150
,,Veg Burger,,,,3 Pc,50,150,,,,,,150,,
21/07/2024,INV-00091,Transfer,,,,,,,,,,,,,0,80
,,Chicken roll,,,,1 Pc,80,80,,,,,,80,,
21/07/2024,INV-00093,Cash,,,,,,,,,,,,,0,235
,,Paneer Noodles Half,,,,1 Pc,80,80,,,,,,80,,
,,Chicken Lolipop Half,,,,1 Pc,155,155,,,,,,155,,
21/07/2024,INV-00095,Cash,,,,,,,,,,,,,0,180
,,Chicken egg roll single,,,,2 Pc,90,180,,,,,,180,,
21/07/2024,INV-00096,Cash,,,,,,,,,,,,,0,110
,,Veg fried rice,,,,1 Pc,110,110,,,,,,110,,
21/07/2024,INV-00097,Cash,,,,,,,,,,,,,0,210
,,Veg cheese burger,,,,3 Pc,70,210,,,,,,210,,
21/07/2024,INV-00098,Cash,,,,,,,,,,,,,0,155
,,Paneer Manchurian,,,,1 Pc,155,155,,,,,,155,,
21/07/2024,INV-00099,Cash,,,,,,,,,,,,,0,260
,,Chicken cheese burger,,,,2 Pc,75,150,,,,,,150,,
,,French fries,,,,2 Pc,55,110,,,,,,110,,
21/07/2024,INV-00100,Cash,,,,,,,,,,,,,0,150
,,Paneer noodles,,,,1 Pc,150,150,,,,,,150,,
21/07/2024,INV-00101,Cash,,,,,,,,,,,,,0,80
,,Chicken roll,,,,1 Pc,80,80,,,,,,80,,
21/07/2024,INV-00102,Cash,,,,,,,,,,,,,0,160
,,Chicken fried rice,,,,0.5 Pc,160,80,,,,,,80,,
,,Chicken fried rice,,,,0.5 Pc,160,80,,,,,,80,,
21/07/2024,INV-00103,Cash,,,,,,,,,,,,,0,550
,,Chicken noodles,,,,2 Pc,150,300,,,,,,300,,
,,Paratha,,,,4 Pc,25,100,,,,,,100,,
,,Chiken boneless,,,,1 Pc,150,150,,,,,,150,,
21/07/2024,INV-00104,Cash,,,,,,,,,,,,,0,320
,,Veg Burger,,,,2 Pc,50,100,,,,,,100,,
,,French fries,,,,2 Pc,55,110,,,,,,110,,
,,Chilli Half,,,,1 Pc,110,110,,,,,,110,,
21/07/2024,INV-00105,Cash,,,,,,,,,,,,,0,180
,,Paneer chilli,,,,1 Pc,180,180,,,,,,180,,
21/07/2024,INV-00106,Cash,,,,,,,,,,,,,0,110
,,Veg noodles Half,,,,1 Pc,60,60,,,,,,60,,
,,Egg roll,,,,1 Pc,50,50,,,,,,50,,
21/07/2024,INV-00107,Cash,,,,,,,,,,,,,0,165
,,Chicken Noodles Half,,,,1 Pc,80,80,,,,,,80,,
,,Chicken Boneless Half,,,,1 Pc,85,85,,,,,,85,,
21/07/2024,INV-00108,Cash,,,,,,,,,,,,,0,100
,,Paratha,,,,4 Pc,25,100,,,,,,100,,
21/07/2024,INV-00109,Cash,,,,,,,,,,,,,0,160
,,Chicken roll,,,,2 Pc,80,160,,,,,,160,,
21/07/2024,INV-00110,Cash,,,,,,,,,,,,,0,50
,,Egg roll,,,,1 Pc,50,50,,,,,,50,,
21/07/2024,INV-00111,Cash,,,,,,,,,,,,,0,80
,,Chicken roll,,,,1 Pc,80,80,,,,,,80,,
21/07/2024,INV-00112,Cash,,,,,,,,,,,,,0,200
,,Veg Schezwan Noodles Half,,,,2 Pc,70,140,,,,,,140,,
,,Chicken burger,,,,1 Pc,60,60,,,,,,60,,
21/07/2024,INV-00113,Cash,,,,,,,,,,,,,0,200
,,Chicken chilli,,,,1 Pc,200,200,,,,,,200,,
21/07/2024,INV-00114,Cash,,,,,,,,,,,,,0,100
,,Chicken egg roll single,,,,1 Pc,100,100,,,,,,100,,
21/07/2024,INV-00115,Cash,,,,,,,,,,,,,0,180
,,Chicken egg roll single,,,,2 Pc,90,180,,,,,,180,,
21/07/2024,INV-00116,Cash,,,,,,,,,,,,,0,70
,,Paneer roll,,,,1 Pc,70,70,,,,,,70,,
21/07/2024,INV-00117,Cash,,,,,,,,,,,,,0,229
,,Veg Burger,,,,2 Pc,50,100,,,,,,100,,
,,Veg Manchurian,,,,1 Pc,129,129,,,,,,129,,
21/07/2024,INV-00118,Cash,,,,,,,,,,,,,0,70
,,Paneer roll,,,,1 Pc,70,70,,,,,,70,,
21/07/2024,INV-00119,Cash,,,,,,,,,,,,,0,150
,,Chiken boneless,,,,1 Pc,150,150,,,,,,150,,
21/07/2024,INV-00120,Cash,,,,,,,,,,,,,0,50
,,Veg noodles Half,,,,1 Pc,50,50,,,,,,50,,
22/07/2024,INV-00121,Cash,,,,,,,,,,,,,0,2800
,,Chicken crispy,,,,1 Pc,100,100,,,,,,100,,
,,French fries,,,,1 Pc,55,55,,,,,,55,,
,,Chicken Noodles Half,,,,1 Pc,80,80,,,,,,80,,
,,Chicken noodles,,,,1 Pc,150,150,,,,,,150,,
,,Chicken Noodles Half,,,,3 Pc,80,240,,,,,,240,,
,,Veg roll,,,,1 Pc,45,45,,,,,,45,,
,,Veg noodles Half,,,,1 Pc,60,60,,,,,,60,,
,,Veg noodles Half,,,,1 Pc,60,60,,,,,,60,,
,,Chicken crispy,,,,1 Pc,100,100,,,,,,100,,
,,Chicken egg roll single,,,,1 Pc,90,90,,,,,,90,,
,,Chicken burger,,,,1 Pc,60,60,,,,,,60,,
,,Chicken roll,,,,1 Pc,80,80,,,,,,80,,
,,Chicken noodles,,,,1 Pc,150,150,,,,,,150,,
,,Egg noodles,,,,1 Pc,70,70,,,,,,70,,
,,Chicken lolipop Full,,,,1 Pc,280,280,,,,,,280,,
,,Chicken lolipop Full,,,,1 Pc,280,280,,,,,,280,,
,,Chicken crispy,,,,1 Pc,100,100,,,,,,100,,
,,Chiken boneless,,,,1 Pc,150,150,,,,,,150,,
,,Chicken Rice Half,,,,1 Pc,80,80,,,,,,80,,
,,Paneer chilli,,,,1 Pc,180,180,,,,,,180,,
,,Paneer Noodles Half,,,,1 Pc,80,80,,,,,,80,,
,,Chicken noodles,,,,1 Pc,150,150,,,,,,150,,
,,Paratha,,,,2 Pc,25,50,,,,,,50,,
,,Chilli Half,,,,1 Pc,110,110,,,,,,110,,
23/07/2024,INV-00122,Cash,,,,,,,,,,,,,0,2760
,,Chicken roll,,,,1 Pc,80,80,,,,,,80,,
,,Chicken Rice Half,,,,1 Pc,80,80,,,,,,80,,
,,Chicken Noodles Half,,,,1 Pc,80,80,,,,,,80,,
,,Veg Burger,,,,1 Pc,50,50,,,,,,50,,
,,Chicken roll,,,,1 Pc,80,80,,,,,,80,,
,,Chicken burger,,,,1 Pc,60,60,,,,,,60,,
,,Chicken Rice Half,,,,1 Pc,80,80,,,,,,80,,
,,Soup,,,,2 Pc,100,200,,,,,,200,,
,,French fries,,,,2 Pc,55,110,,,,,,110,,
,,Chicken burger,,,,2 Pc,60,120,,,,,,120,,
,,Chicken roll,,,,1 Pc,80,80,,,,,,80,,
,,Chicken egg roll single,,,,2 Pc,90,180,,,,,,180,,
,,Chicken Rice Half,,,,1 Pc,80,80,,,,,,80,,
,,Chicken Boneless Half,,,,1 Pc,85,85,,,,,,85,,
,,Paratha,,,,2 Pc,25,50,,,,,,50,,
,,Chiken boneless,,,,1 Pc,150,150,,,,,,150,,
,,Chicken egg roll single,,,,1 Pc,90,90,,,,,,90,,
,,Chicken crispy,,,,2 Pc,100,200,,,,,,200,,
,,Veg fried rice,,,,1 Pc,110,110,,,,,,110,,
,,Chicken crispy,,,,1 Pc,100,100,,,,,,100,,
,,Chicken burger,,,,1 Pc,60,60,,,,,,60,,
,,Chiken boneless,,,,2 Pc,150,300,,,,,,300,,
,,Chicken cheese roll,,,,2 Pc,90,180,,,,,,180,,
,,Paneer cheese roll,,,,1 Pc,80,80,,,,,,80,,
,,Chicken cheese burger,,,,1 Pc,75,75,,,,,,75,,
24/07/2024,INV-00123,Cash,,,,,,,,,,,,,0,2735
,,Veg Burger,,,,3 Pc,50,150,,,,,,150,,
,,Water 1 lit,,,,1 Pc,20,20,,,,,,20,,
,,Veg roll,,,,1 Pc,45,45,,,,,,45,,
,,Chicken noodles,,,,1 Pc,150,150,,,,,,150,,
,,Double eggs Roll,,,,1 Pc,60,60,,,,,,60,,
,,Chicken triple Noodles,,,,1 Pc,190,190,,,,,,190,,
,,Double eggs Roll,,,,2 Pc,60,120,,,,,,120,,
,,Chicken noodles,,,,1 Pc,150,150,,,,,,150,,
,,French fries,,,,1 Pc,55,55,,,,,,55,,
,,Chicken chilli,,,,1 Pc,200,200,,,,,,200,,
,,Paratha,,,,6 Pc,25,150,,,,,,150,,
,,Chicken crispy,,,,1 Pc,100,100,,,,,,100,,
,,Chicken roll,,,,2 Pc,80,160,,,,,,160,,
,,Egg burger,,,,1 Pc,30,30,,,,,,30,,
,,Chicken noodles,,,,1 Pc,150,150,,,,,,150,,
,,Chicken Noodles Half,,,,1 Pc,80,80,,,,,,80,,
,,Water 1 lit,,,,1 Pc,20,20,,,,,,20,,
,,Chicken Lolipop Half,,,,1 Pc,155,155,,,,,,155,,
,,Veg noodles Half,,,,2 Pc,60,120,,,,,,120,,
,,Chicken roll,,,,1 Pc,80,80,,,,,,80,,
,,Double eggs Roll,,,,1 Pc,60,60,,,,,,60,,
,,Chicken Noodles Half,,,,1 Pc,80,80,,,,,,80,,
,,Chicken roll,,,,2 Pc,80,160,,,,,,160,,
,,Chicken Rice Half,,,,1 Pc,80,80,,,,,,80,,
,,Chicken Schezwan Noodles Half,,,,1 Pc,90,90,,,,,,90,,
,,Chicken Rice Half,,,,1 Pc,80,80,,,,,,80,,
25/07/2024,INV-00124,Cash,,,,,,,,,,,,,0,3315
,,Chicken Double Cheese Burger,,,,1 Pc,85,85,,,,,,85,,
,,Paneer roll,,,,2 Pc,70,140,,,,,,140,,
,,Chicken roll,,,,1 Pc,80,80,,,,,,80,,
,,Chicken Boneless Half,,,,1 Pc,85,85,,,,,,85,,
,,Chicken Rice Half,,,,1 Pc,80,80,,,,,,80,,
,,Veg Double cheese Burger,,,,2 Pc,75,150,,,,,,150,,
,,French fries,,,,1 Pc,55,55,,,,,,55,,
,,Chicken cheese burger,,,,2 Pc,75,150,,,,,,150,,
,,Chicken roll,,,,1 Pc,80,80,,,,,,80,,
,,Chicken Noodles Half,,,,1 Pc,80,80,,,,,,80,,
,,Chicken Boneless Half,,,,1 Pc,85,85,,,,,,85,,
,,Chicken roll,,,,5 Pc,80,400,,,,,,400,,
,,Chicken fried rice,,,,1 Pc,150,150,,,,,,150,,
,,Chiken Manchurian,,,,1 Pc,160,160,,,,,,160,,
,,Egg burger,,,,1 Pc,30,30,,,,,,30,,
,,Chicken noodles,,,,1 Pc,150,150,,,,,,150,,
,,Chilli Half,,,,1 Pc,110,110,,,,,,110,,
,,French fries,,,,1 Pc,55,55,,,,,,55,,
,,Chicken Boneless Half,,,,1 Pc,80,80,,,,,,80,,
,,Chicken Schezwan Rice,,,,1 Pc,80,80,,,,,,80,,
,,Chicken roll,,,,1 Pc,80,80,,,,,,80,,
,,Veg Rice Half,,,1,3 Pc,60,180,,,,,,180,,
,,Paneer roll,,,,3 Pc,70,210,,,,,,210,,
,,Water 1 lit,,,,2 Pc,20,40,,,,,,40,,
,,Chicken noodles,,,,2 Pc,150,300,,,,,,300,,
,,Chiken Manchurian,,,,1 Pc,160,160,,,,,,160,,
,,Chicken burger,,,,1 Pc,60,60,,,,,,60,,
26/07/2024,INV-00125,Cash,,,,,,,,,,,,,0,2915
,,Chicken roll,,,,1 Pc,80,80,,,,,,80,,
,,Chicken Lolipop Half,,,,1 Pc,155,155,,,,,,155,,
,,Chicken noodles,,,,1 Pc,150,150,,,,,,150,,
,,Veg roll,,,,1 Pc,45,45,,,,,,45,,
,,Veg Burger,,,,1 Pc,50,50,,,,,,50,,
,,Chicken burger,,,,4 Pc,60,240,,,,,,240,,
,,Chicken roll,,,,3 Pc,80,240,,,,,,240,,
,,Chicken crispy,,,,1 Pc,100,100,,,,,,100,,
,,Chicken cheese burger,,,,5 Pc,80,400,,,,,,400,,
,,Chicken noodles,,,,1 Pc,150,150,,,,,,150,,
,,Paneer Noodles Half,,,,1 Pc,80,80,,,,,,80,,
,,Egg noodles,,,,1 Pc,130,130,,,,,,130,,
,,Chicken Noodles Half,,,,1 Pc,80,80,,,,,,80,,
,,Chicken double eggs Roll,,,,1 Pc,100,100,,,,,,100,,
,,Paneer roll,,,,1 Pc,70,70,,,,,,70,,
,,Veg roll,,,,1 Pc,45,45,,,,,,45,,
,,Veg noodles Half,,,,1 Pc,60,60,,,,,,60,,
,,Chicken roll,,,,1 Pc,80,80,,,,,,80,,
,,Chicken crispy,,,,1 Pc,100,100,,,,,,100,,
,,Veg noodles Half,,,,1 Pc,60,60,,,,,,60,,
,,Water 1 lit,,,,1 Pc,20,20,,,,,,20,,
,,Chicken crispy,,,,2 Pc,100,200,,,,,,200,,
,,Paneer chilli,,,,1 Pc,180,180,,,,,,180,,
,,Paratha,,,,4 Pc,25,100,,,,,,100,,
27/07/2024,INV-00126,Cash,,,,,,,,,,,,,0,4385
,,Veg Noodles,,,,2 Pc,110,220,,,,,,220,,
,,Chiken boneless,,,,1 Pc,150,150,,,,,,150,,
,,Soup,,,,1 Pc,100,100,,,,,,100,,
,,Chicken Rice Half,,,,1 Pc,80,80,,,,,,80,,
,,Chicken roll,,,,1 Pc,80,80,,,,,,80,,
,,Chicken burger,,,,7 Pc,60,420,,,,,,420,,
,,Paneer chilli,,,,1 Pc,180,180,,,,,,180,,
,,Paratha,,,,4 Pc,25,100,,,,,,100,,
,,Chicken egg roll single,,,,1 Pc,90,90,,,,,,90,,
,,Egg burger,,,,5 Pc,30,150,,,,,,150,,
,,Chicken Schezwan Rice,,,,1 Pc,90,90,,,,,,90,,
,,Paneer roll,,,,2 Pc,70,140,,,,,,140,,
,,Chicken roll,,,,1 Pc,80,80,,,,,,80,,
,,Chicken Noodles Half,,,,2 Pc,80,160,,,,,,160,,
,,Double eggs Roll,,,,3 Pc,60,180,,,,,,180,,
,,Veg noodles Half,,,,1 Pc,60,60,,,,,,60,,
,,French fries,,,,1 Pc,55,55,,,,,,55,,
,,Veg Double cheese Burger,,,,1 Pc,75,75,,,,,,75,,
,,French fries,,,,1 Pc,55,55,,,,,,55,,
,,Chicken Rice Half,,,,1 Pc,80,80,,,,,,80,,
,,Chicken crispy,,,,2 Pc,100,200,,,,,,200,,
,,Veg Noodles,,,,1 Pc,110,110,,,,,,110,,
,,French fries,,,,1 Pc,55,55,,,,,,55,,
,,Veg noodles Half,,,,1 Pc,60,60,,,,,,60,,
,,Chicken chilli,,,,1 Pc,200,200,,,,,,200,,
,,Chicken double eggs Roll,,,,1 Pc,100,100,,,,,,100,,
,,Chicken cheese roll,,,,2 Pc,90,180,,,,,,180,,
,,Chicken lolipop Full,,,,1 Pc,280,280,,,,,,280,,
,,Double eggs Roll,,,,1 Pc,60,60,,,,,,60,,
,,Chicken cheese roll,,,,1 Pc,90,90,,,,,,90,,
,,Chicken Schezwan Rice,,,,1 Pc,90,90,,,,,,90,,
,,Chicken fried rice,,,,1 Pc,150,150,,,,,,150,,
,,Paneer chilli,,,,1 Pc,180,180,,,,,,180,,
,,Chicken Boneless Half,,,,1 Pc,85,85,,,,,,85,,
28/07/2024,INV-00127,Cash,,,,,,,,,,,,,0,4474
,,Veg Burger,,,,1 Pc,50,50,,,,,,50,,
,,Veg Burger,,,,1 Pc,50,50,,,,,,50,,
,,Chicken roll,,,,2 Pc,80,160,,,,,,160,,
,,Chicken roll,,,,1 Pc,80,80,,,,,,80,,
,,Water 1 lit,,,,1 Pc,20,20,,,,,,20,,
,,Chicken roll,,,,5 Pc,80,400,,,,,,400,,
,,Chicken lolipop Full,,,,1 Pc,280,280,,,,,,280,,
,,French fries,,,,1 Pc,55,55,,,,,,55,,
,,Veg Burger,,,,1 Pc,50,50,,,,,,50,,
,,Veg noodles Half,,,,1 Pc,60,60,,,,,,60,,
,,Chicken burger,,,,1 Pc,60,60,,,,,,60,,
,,Chicken crispy,,,,1 Pc,100,100,,,,,,100,,
,,Chicken crispy,,,,1 Pc,100,100,,,,,,100,,
,,Chicken noodles,,,,1 Pc,150,150,,,,,,150,,
,,Chicken roll,,,,3 Pc,80,240,,,,,,240,,
,,Chicken cheese burger,,,,3 Pc,75,225,,,,,,225,,
,,Chicken burger,,,,3 Pc,60,180,,,,,,180,,
,,Chiken boneless,,,,1 Pc,150,150,,,,,,150,,
,,Chicken Schezwan Rice,,,,1 Pc,170,170,,,,,,170,,
,,Chicken roll,,,,1 Pc,80,80,,,,,,80,,
,,Water 1 lit,,,,1 Pc,20,20,,,,,,20,,
,,Veg noodles Half,,,,1 Pc,60,60,,,,,,60,,
,,Chicken double eggs Roll,,,,2 Pc,100,200,,,,,,200,,
,,Veg roll,,,,1 Pc,45,45,,,,,,45,,
,,Veg Manchurian,,,,1 Pc,129,129,,,,,,129,,
,,Chicken chilli,,,,1 Pc,200,200,,,,,,200,,
,,Chicken crispy,,,,1 Pc,100,100,,,,,,100,,
,,Paratha,,,,4 Pc,25,100,,,,,,100,,
,,Chicken fried rice,,,,1 Pc,150,150,,,,,,150,,
,,Chicken Noodles Half,,,,1 Pc,80,80,,,,,,80,,
,,Chicken roll,,,,1 Pc,80,80,,,,,,80,,
,,Chicken Noodles Half,,,,1 Pc,80,80,,,,,,80,,
,,Chicken roll,,,,1 Pc,80,80,,,,,,80,,
,,Chicken Rice Half,,,,1 Pc,80,80,,,,,,80,,
,,Chicken Rice Half,,,,1 Pc,80,80,,,,,,80,,
,,Chicken Noodles Half,,,,1 Pc,80,80,,,,,,80,,
,,Double eggs Roll,,,,2 Pc,60,120,,,,,,120,,
,,Egg roll,,,,1 Pc,50,50,,,,,,50,,
,,Chicken roll,,,,1 Pc,80,80,,,,,,80,,
29/07/2024,INV-00128,Cash,,,,,,,,,,,,,0,2544
,,Chicken Rice Half,,,,1 Pc,80,80,,,,,,80,,
,,French fries,,,,1 Pc,55,55,,,,,,55,,
,,Chicken crispy,,,,2 Pc,100,200,,,,,,200,,
,,Paratha,,,,2 Pc,25,50,,,,,,50,,
,,Chicken Rice Half,,,,2 Pc,80,160,,,,,,160,,
,,Chicken Lolipop Half,,,,1 Pc,155,155,,,,,,155,,
,,Paratha,,,,1 Pc,25,25,,,,,,25,,
,,Soup,,,,1 Pc,90,90,,,,,,90,,
,,Chicken noodles,,,,1 Pc,150,150,,,,,,150,,
,,Paneer roll,,,,1 Pc,70,70,,,,,,70,,
,,Veg Noodles,,,,1 Pc,110,110,,,,,,110,,
,,Double eggs Roll,,,,1 Pc,60,60,,,,,,60,,
,,Chicken cheese burger,,,,1 Pc,75,75,,,,,,75,,
,,French fries,,,,2 Pc,55,110,,,,,,110,,
,,Chicken chilli,,,,2 Pc,180,360,,,,,,360,,
,,Chicken noodles,,,,1 Pc,140,140,,,,,,140,,
,,Veg Burger,,,,1 Pc,50,50,,,,,,50,,
,,Veg Manchurian,,,,1 Pc,129,129,,,,,,129,,
,,Paneer Noodles Half,,,,1 Pc,80,80,,,,,,80,,
,,Veg roll,,,,1 Pc,45,45,,,,,,45,,
,,Chicken roll,,,,1 Pc,80,80,,,,,,80,,
,,Chicken noodles,,,,1 Pc,150,150,,,,,,150,,
,,Veg noodles Half,,,,1 Pc,60,60,,,,,,60,,
,,Double eggs Roll,,,,1 Pc,60,60,,,,,,60,,
30/07/2024,INV-00129,Cash,,,,,,,,,,,,,0,4890
,,Chicken Lolipop Half,,,,1 Pc,155,155,,,,,,155,,
,,Veg noodles Half,,,,5 Pc,60,300,,,,,,300,,
,,Chicken roll,,,,1 Pc,80,80,,,,,,80,,
,,Chicken roll,,,,2 Pc,80,160,,,,,,160,,
,,Chicken cheese roll,,,,2 Pc,90,180,,,,,,180,,
,,Double eggs Roll,,,,2 Pc,60,120,,,,,,120,,
,,Chicken Schezwan Noodles Half,,,,1 Pc,90,90,,,,,,90,,
,,Water 1 lit,,,,1 Pc,20,20,,,,,,20,,
,,French fries,,,,1 Pc,55,55,,,,,,55,,
,,Chicken cheese burger,,,,1 Pc,75,75,,,,,,75,,
,,Veg noodles Half,,,,1 Pc,60,60,,,,,,60,,
,,Chicken burger,,,,1 Pc,60,60,,,,,,60,,
,,Chocolate Shake,,,,1 Pc,70,70,,,,,,70,,
,,Chilli Half,,,,1 Pc,110,110,,,,,,110,,
,,Veg noodles Half,,,,2 Pc,60,120,,,,,,120,,
,,Water 1 lit,,,,1 Pc,20,20,,,,,,20,,
,,Paneer roll,,,,2 Pc,70,140,,,,,,140,,
,,Chicken roll,,,,3 Pc,80,240,,,,,,240,,
,,Chicken fried rice,,,,1 Pc,150,150,,,,,,150,,
,,Chicken noodles,,,,2 Pc,150,300,,,,,,300,,
,,Chicken Noodles Half,,,,1 Pc,80,80,,,,,,80,,
,,Chicken roll,,,,1 Pc,80,80,,,,,,80,,
,,Chicken crispy,,,,1 Pc,100,100,,,,,,100,,
,,Paneer roll,,,,1 Pc,70,70,,,,,,70,,
,,KitKat Shake,,,,2 Pc,70,140,,,,,,140,,
,,Double eggs Roll,,,,1 Pc,60,60,,,,,,60,,
,,Chiken boneless,,,,1 Pc,150,150,,,,,,150,,
,,Paratha,,,,3 Pc,25,75,,,,,,75,,
,,Chicken Schezwan Rice,,,,1 Pc,90,90,,,,,,90,,
,,Veg Noodles,,,,1 Pc,110,110,,,,,,110,,
,,Paneer chilli,,,,1 Pc,180,180,,,,,,180,,
,,Veg roll,,,,3 Pc,45,135,,,,,,135,,
,,Chiken boneless,,,,1 Pc,150,150,,,,,,150,,
,,Chiken Schezwan,,,,1 Pc,100,100,,,,,,100,,
,,Chicken chilli,,,,1 Pc,200,200,,,,,,200,,
,,Paneer chilli,,,,1 Pc,180,180,,,,,,180,,
,,Paneer fried rice,,,,1 Pc,150,150,,,,,,150,,
,,Veg Manchurian Half,,,,1 Pc,75,75,,,,,,75,,
,,Water 500 ml,,,,1 Pc,10,10,,,,,,10,,
,,Water 1 lit,,,,1 Pc,20,20,,,,,,20,,
,,Chicken roll,,,,2 Pc,80,160,,,,,,160,,
,,Chicken Noodles Half,,,,1 Pc,70,70,,,,,,70,,
31/07/2024,INV-00130,Cash,,,,,,,,,,,,,0,2995
,,Chicken roll,,,,1 Pc,80,80,,,,,,80,,
,,Veg noodles Half,,,,1 Pc,60,60,,,,,,60,,
,,Veg Burger,,,,1 Pc,50,50,,,,,,50,,
,,Paneer Schezwan Noodles Full,,,,1 Pc,170,170,,,,,,170,,
,,Paneer Schezwan Noodles Half,,,,1 Pc,90,90,,,,,,90,,
,,French fries,,,,1 Pc,55,55,,,,,,55,,
,,Paneer roll,,,,2 Pc,70,140,,,,,,140,,
,,Chiken boneless,,,,1 Pc,150,150,,,,,,150,,
,,Chicken chilli,,,,2 Pc,180,360,,,,,,360,,
,,Chicken noodles,,,,1 Pc,140,140,,,,,,140,,
,,Paratha,,,,2 Pc,25,50,,,,,,50,,
,,Chicken roll,,,,3 Pc,80,240,,,,,,240,,
,,Egg noodles,,,,1 Pc,70,70,,,,,,70,,
,,Egg burger,,,,2 Pc,30,60,,,,,,60,,
,,Chicken double eggs Roll,,,,1 Pc,100,100,,,,,,100,,
,,Chicken roll,,,,1 Pc,80,80,,,,,,80,,
,,Chicken burger,,,,1 Pc,60,60,,,,,,60,,
,,Chicken fried rice,,,,1 Pc,150,150,,,,,,150,,
,,Chicken Rice Half,,,,1 Pc,80,80,,,,,,80,,
,,Chicken chilli,,,,1 Pc,200,200,,,,,,200,,
,,Chicken crispy,,,,1 Pc,100,100,,,,,,100,,
,,Paneer roll,,,,2 Pc,70,140,,,,,,140,,
,,Double eggs Roll,,,,1 Pc,60,60,,,,,,60,,
,,Chicken egg roll single,,,,1 Pc,90,90,,,,,,90,,
,,Chicken roll,,,,1 Pc,80,80,,,,,,80,,
,,Chicken Noodles Half,,,,1 Pc,80,80,,,,,,80,,
,,Double eggs Roll,,,,1 Pc,60,60,,,,,,60,,
01/08/2024,INV-00131,Cash,,,,,,,,,,,,,0,5649
,,Veg noodles Half,,,,1 Pc,60,60,,,,,,60,,
,,Chicken noodles,,,,3 Pc,150,450,,,,,,450,,
,,Chiken Manchurian,,,,1 Pc,160,160,,,,,,160,,
,,Double eggs Roll,,,,1 Pc,60,60,,,,,,60,,
,,Soup,,,,1 Pc,100,100,,,,,,100,,
,,Chicken Noodles Half,,,,1 Pc,80,80,,,,,,80,,
,,Egg roll,,,,1 Pc,50,50,,,,,,50,,
,,Chicken chilli,,,,1 Pc,200,200,,,,,,200,,
,,Chicken Schezwan roll,,,,2 Pc,90,180,,,,,,180,,
,,Paneer Schezwan Roll,,,,1 Pc,80,80,,,,,,80,,
,,Chicken egg roll single,,,,1 Pc,90,90,,,,,,90,,
,,Egg roll,,,,2 Pc,50,100,,,,,,100,,
,,Chicken crispy,,,,2 Pc,100,200,,,,,,200,,
,,Veg Rice Half,,,1,1 Pc,60,60,,,,,,60,,
,,Paneer chilli Half,,,,1 Pc,100,100,,,,,,100,,
,,Chicken noodles,,,,1 Pc,150,150,,,,,,150,,
,,Chiken boneless,,,,1 Pc,150,150,,,,,,150,,
,,Chicken burger,,,,1 Pc,60,60,,,,,,60,,
,,Chicken lolipop Full,,,,1.5 Pc,280,420,,,,,,420,,
,,Chicken fried rice,,,,3 Pc,150,450,,,,,,450,,
,,Chicken noodles,,,,1 Pc,150,150,,,,,,150,,
,,Chicken roll,,,,1 Pc,80,80,,,,,,80,,
,,Chicken Rice Half,,,,1 Pc,70,70,,,,,,70,,
,,Chicken Noodles Half,,,,1 Pc,70,70,,,,,,70,,
,,Chicken burger,,,,1 Pc,60,60,,,,,,60,,
,,Chicken Noodles Half,,,,2 Pc,80,160,,,,,,160,,
,,Water 1 lit,,,,1 Pc,20,20,,,,,,20,,
,,Chicken Boneless Half,,,,1 Pc,80,80,,,,,,80,,
,,Chicken Rice Half,,,,1 Pc,80,80,,,,,,80,,
,,Paneer Combination Rice,,,,1 Pc,200,200,,,,,,200,,
,,Chicken Noodles Half,,,,1 Pc,80,80,,,,,,80,,
,,Double eggs Roll,,,,2 Pc,60,120,,,,,,120,,
,,Veg Schezwan Rice,,,,1 Pc,130,130,,,,,,130,,
,,Paneer chilli,,,,1 Pc,180,180,,,,,,180,,
,,Paratha,,,,8 Pc,25,200,,,,,,200,,
,,Veg Manchurian,,,,1 Pc,129,129,,,,,,129,,
,,Paneer roll,,,,3 Pc,70,210,,,,,,210,,
,,Paneer roll,,,,1 Pc,70,70,,,,,,70,,
,,Double eggs Roll,,,,2 Pc,60,120,,,,,,120,,
,,Chiken boneless,,,,1 Pc,150,150,,,,,,150,,
,,Chicken Schezwan Noodles Half,,,,1 Pc,90,90,,,,,,90,,
02/08/2024,INV-00132,Cash,,,,,,,,,,,,,0,4044
,,Veg Rice Half,,,1,1 Pc,60,60,,,,,,60,,
,,Chicken crispy,,,,1 Pc,100,100,,,,,,100,,
,,Chicken roll,,,,3 Pc,80,240,,,,,,240,,
,,Paratha,,,,2 Pc,25,50,,,,,,50,,
,,Bone Chilli Half,,,,1 Pc,100,100,,,,,,100,,
,,Chicken roll,,,,1 Pc,80,80,,,,,,80,,
,,Chicken Rice Half,,,,1 Pc,80,80,,,,,,80,,
,,Chicken Double Cheese Burger,,,,1 Pc,85,85,,,,,,85,,
,,Chicken Boneless Half,,,,1 Pc,85,85,,,,,,85,,
,,Veg Noodles,,,,1 Pc,110,110,,,,,,110,,
,,Chicken roll,,,,1 Pc,80,80,,,,,,80,,
,,Chicken fried rice,,,,1 Pc,150,150,,,,,,150,,
,,Chicken noodles,,,,1 Pc,150,150,,,,,,150,,
,,Chicken burger,,,,2 Pc,60,120,,,,,,120,,
,,Soup,,,,1 Pc,60,60,,,,,,60,,
,,Chicken Double Cheese Burger,,,,1 Pc,85,85,,,,,,85,,
,,Veg roll,,,,1 Pc,45,45,,,,,,45,,
,,Chicken Noodles Half,,,,1 Pc,80,80,,,,,,80,,
,,Chicken noodles,,,,1 Pc,150,150,,,,,,150,,
,,Chicken Rice Half,,,,1 Pc,80,80,,,,,,80,,
,,Chicken Schezwan Rice,,,,1 Pc,90,90,,,,,,90,,
,,Paneer roll,,,,2 Pc,70,140,,,,,,140,,
,,Chicken chilli,,,,2 Pc,180,360,,,,,,360,,
,,Egg burger,,,,1 Pc,30,30,,,,,,30,,
,,Soup,,,,1 Pc,100,100,,,,,,100,,
,,Veg Manchurian,,,,1 Pc,129,129,,,,,,129,,
,,Paratha,,,,5 Pc,25,125,,,,,,125,,
,,Chiken boneless,,,,1 Pc,150,150,,,,,,150,,
,,Chicken burger,,,,2 Pc,60,120,,,,,,120,,
,,Chicken roll,,,,1 Pc,80,80,,,,,,80,,
,,Chicken cheese burger,,,,2 Pc,75,150,,,,,,150,,
,,Chicken combi roll,,,,1 Pc,100,100,,,,,,100,,
,,Paneer chilli Half,,,,1 Pc,100,100,,,,,,100,,
,,Chicken Boneless Half,,,,1 Pc,85,85,,,,,,85,,
,,Paratha,,,,1 Pc,25,25,,,,,,25,,
,,Chicken cheese roll,,,,3 Pc,90,270,,,,,,270,,
03/08/2024,INV-00133,Cash,,,,,,,,,,,,,0,3780
,,Double eggs Roll,,,,1 Pc,60,60,,,,,,60,,
,,Chicken Lolipop Half,,,,1 Pc,155,155,,,,,,155,,
,,Paratha,,,,2 Pc,25,50,,,,,,50,,
,,Chicken roll,,,,1 Pc,80,80,,,,,,80,,
,,Soup,,,,1 Pc,60,60,,,,,,60,,
,,Veg Burger,,,,1 Pc,50,50,,,,,,50,,
,,Chicken double eggs Roll,,,,2 Pc,100,200,,,,,,200,,
,,Paneer roll,,,,1 Pc,70,70,,,,,,70,,
,,Chicken noodles,,,,1 Pc,150,150,,,,,,150,,
,,Veg Noodles,,,,1 Pc,110,110,,,,,,110,,
,,Chilli Half,,,,1 Pc,110,110,,,,,,110,,
,,Egg roll,,,,1 Pc,50,50,,,,,,50,,
,,Chicken crispy,,,,1 Pc,100,100,,,,,,100,,
,,Double eggs Roll,,,,4 Pc,60,240,,,,,,240,,
,,Water 500 ml,,,,2 Pc,10,20,,,,,,20,,
,,Chicken Schezwan Noodles Half,,,,1 Pc,90,90,,,,,,90,,
,,Double eggs Roll,,,,1 Pc,60,60,,,,,,60,,
,,Chiken boneless,,,,1 Pc,150,150,,,,,,150,,
,,Chicken chilli,,,,1 Pc,200,200,,,,,,200,,
,,Paneer Rice Half,,,,1 Pc,80,80,,,,,,80,,
,,Paratha,,,,4 Pc,25,100,,,,,,100,,
,,Paneer chilli,,,,1 Pc,180,180,,,,,,180,,
,,Paneer roll,,,,2 Pc,70,140,,,,,,140,,
,,Paneer noodles,,,,1 Pc,150,150,,,,,,150,,
,,Soup,,,,1 Pc,90,90,,,,,,90,,
,,Veg Manchurian Half,,,,1 Pc,75,75,,,,,,75,,
,,Veg Rice Half,,,1,1 Pc,60,60,,,,,,60,,
,,Water 1 lit,,,,1 Pc,20,20,,,,,,20,,
,,Chicken lolipop Full,,,,1 Pc,280,280,,,,,,280,,
,,Paneer chilli Half,,,,1 Pc,100,100,,,,,,100,,
,,Paratha,,,,2 Pc,25,50,,,,,,50,,
,,Paneer cheese roll,,,,2 Pc,80,160,,,,,,160,,
,,Veg Burger,,,,2 Pc,50,100,,,,,,100,,
,,Veg fried rice,,,,1 Pc,110,110,,,,,,110,,
,,Chicken roll,,,,1 Pc,80,80,,,,,,80,,
04/08/2024,INV-00134,Cash,,,,,,,,,,,,,0,5160
,,Chicken roll,,,,1 Pc,80,80,,,,,,80,,
,,Veg Noodles,,,,1 Pc,110,110,,,,,,110,,
,,Chiken boneless,,,,1 Pc,150,150,,,,,,150,,
,,Chicken roll,,,,1 Pc,80,80,,,,,,80,,
,,Chicken crispy,,,,1 Pc,100,100,,,,,,100,,
,,Chicken combi roll,,,,2 Pc,100,200,,,,,,200,,
,,Egg burger,,,,4 Pc,30,120,,,,,,120,,
,,Chicken cheese burger,,,,3 Pc,75,225,,,,,,225,,
,,Chicken crispy,,,,1 Pc,100,100,,,,,,100,,
,,Chicken burger,,,,1 Pc,60,60,,,,,,60,,
,,Chicken roll,,,,2 Pc,80,160,,,,,,160,,
,,Chicken burger,,,,8 Pc,60,480,,,,,,480,,
,,Chicken noodles,,,,1 Pc,150,150,,,,,,150,,
,,Paneer fried rice,,,,1 Pc,150,150,,,,,,150,,
,,Veg Manchurian Half,,,,1 Pc,75,75,,,,,,75,,
,,Water 1 lit,,,,1 Pc,20,20,,,,,,20,,
,,Paneer 65,,,,1 Pc,180,180,,,,,,180,,
,,Paratha,,,,4 Pc,25,100,,,,,,100,,
,,Chicken cheese burger,,,,2 Pc,75,150,,,,,,150,,
,,Chicken noodles,,,,1 Pc,150,150,,,,,,150,,
,,Chicken roll,,,,1 Pc,80,80,,,,,,80,,
,,Chicken Double Cheese Burger,,,,1 Pc,85,85,,,,,,85,,
,,Chicken crispy,,,,1 Pc,100,100,,,,,,100,,
,,Chicken cheese burger,,,,2 Pc,75,150,,,,,,150,,
,,Egg roll,,,,1 Pc,50,50,,,,,,50,,
,,Chicken fried rice,,,,1 Pc,140,140,,,,,,140,,
,,Chicken noodles,,,,1 Pc,140,140,,,,,,140,,
,,Chicken chilli,,,,1 Pc,180,180,,,,,,180,,
,,Chicken roll,,,,2 Pc,80,160,,,,,,160,,
,,Veg Manchurian Rice,,,,1 Pc,150,150,,,,,,150,,
,,Paneer Rice Half,,,,1 Pc,80,80,,,,,,80,,
,,Chicken Boneless Half,,,,1 Pc,80,80,,,,,,80,,
,,Chicken noodles,,,,2 Pc,150,300,,,,,,300,,
,,Chiken Manchurian,,,,1 Pc,160,160,,,,,,160,,
,,Chicken burger,,,,1 Pc,60,60,,,,,,60,,
,,Chicken lolipop Full,,,,1 Pc,280,280,,,,,,280,,
,,Paratha,,,,5 Pc,25,125,,,,,,125,,
05/08/2024,INV-00135,Cash,,,,,,,,,,,,,0,3795
,,Veg Noodles,,,,1 Pc,110,110,,,,,,110,,
,,Paneer chilli,,,,1 Pc,180,180,,,,,,180,,
,,Veg Rice Half,,,1,1 Pc,60,60,,,,,,60,,
,,Water 1 lit,,,,1 Pc,20,20,,,,,,20,,
,,Veg cheese burger,,,,1 Pc,65,65,,,,,,65,,
,,Chicken double eggs Roll,,,,5 Pc,100,500,,,,,,500,,
,,Chicken Noodles Half,,,,2 Pc,80,160,,,,,,160,,
,,Chicken roll,,,,1 Pc,80,80,,,,,,80,,
,,Chiken boneless,,,,1 Pc,150,150,,,,,,150,,
,,Paratha,,,,4 Pc,25,100,,,,,,100,,
,,Paneer roll,,,,1 Pc,70,70,,,,,,70,,
,,Chicken Noodles Half,,,,2 Pc,80,160,,,,,,160,,
,,Water 500 ml,,,,2 Pc,10,20,,,,,,20,,
,,Chicken Schezwan Rice,,,,1 Pc,90,90,,,,,,90,,
,,Egg roll,,,,1 Pc,50,50,,,,,,50,,
,,Chicken roll,,,,1 Pc,80,80,,,,,,80,,
,,Chicken Noodles Half,,,,2 Pc,80,160,,,,,,160,,
,,Chicken Lolipop Half,,,,1 Pc,155,155,,,,,,155,,
,,Veg cheese burger,,,,1 Pc,65,65,,,,,,65,,
,,French fries,,,,1 Pc,55,55,,,,,,55,,
,,Chicken Noodles Half,,,,1 Pc,80,80,,,,,,80,,
,,Chicken noodles,,,,1 Pc,150,150,,,,,,150,,
,,Paneer roll,,,,1 Pc,70,70,,,,,,70,,
,,Veg Burger,,,,1 Pc,50,50,,,,,,50,,
,,Paneer Rice Half,,,,1 Pc,80,80,,,,,,80,,
,,Paneer roll,,,,2 Pc,70,140,,,,,,140,,
,,Paneer roll,,,,1 Pc,70,70,,,,,,70,,
,,Veg roll,,,,2 Pc,45,90,,,,,,90,,
,,Chicken Noodles Half,,,,1 Pc,80,80,,,,,,80,,
,,Chicken Noodles Half,,,,1 Pc,80,80,,,,,,80,,
,,Double eggs Roll,,,,1 Pc,60,60,,,,,,60,,
,,Chicken Noodles Half,,,,1 Pc,80,80,,,,,,80,,
,,Paratha,,,,4 Pc,25,100,,,,,,100,,
,,Chiken boneless,,,,1 Pc,150,150,,,,,,150,,
,,Chicken Boneless Half,,,,1 Pc,85,85,,,,,,85,,
,,Paratha,,,,4 Pc,25,100,,,,,,100,,
06/08/2024,INV-00136,Cash,,,,,,,,,,,,,0,3005
,,Chicken Lolipop Half,,,,1 Pc,155,155,,,,,,155,,
,,Veg cheese burger,,,,2 Pc,65,130,,,,,,130,,
,,Veg Burger,,,,2 Pc,50,100,,,,,,100,,
,,Chicken Triple Rice,,,,1 Pc,200,200,,,,,,200,,
,,Chiken Manchurian,,,,1 Pc,160,160,,,,,,160,,
,,Chicken roll,,,,1 Pc,60,60,,,,,,60,,
,,Chicken roll,,,,3 Pc,80,240,,,,,,240,,
,,Chicken roll,,,,1 Pc,80,80,,,,,,80,,
,,French fries,,,,1 Pc,55,55,,,,,,55,,
,,Soup,,,,1 Pc,100,100,,,,,,100,,
,,Chicken Schezwan Noodles Half,,,,2 Pc,90,180,,,,,,180,,
,,Chicken Schezwan Rice,,,,1 Pc,90,90,,,,,,90,,
,,Veg noodles Half,,,,1 Pc,60,60,,,,,,60,,
,,Veg Burger,,,,2 Pc,50,100,,,,,,100,,
,,Veg Noodles,,,,1 Pc,110,110,,,,,,110,,
,,Veg fried rice,,,,1 Pc,110,110,,,,,,110,,
,,Paneer chilli,,,,1 Pc,180,180,,,,,,180,,
,,Veg noodles Half,,,,1 Pc,60,60,,,,,,60,,
,,Chicken Rice Half,,,,1 Pc,80,80,,,,,,80,,
,,Chicken noodles,,,,2 Pc,145,290,,,,,,290,,
,,Chicken Schezwan Rice,,,,1 Pc,90,90,,,,,,90,,
,,Chicken Noodles Half,,,,1 Pc,80,80,,,,,,80,,
,,Chicken roll,,,,2 Pc,80,160,,,,,,160,,
,,Chicken double eggs Roll,,,,1 Pc,100,100,,,,,,100,,
,,Egg burger,,,,1 Pc,35,35,,,,,,35,,
07/08/2024,INV-00137,Cash,,,,,,,,,,,,,0,2410
,,Paneer roll,,,,1 Pc,70,70,,,,,,70,,
,,Paneer cheese roll,,,,1 Pc,90,90,,,,,,90,,
,,Paneer noodles,,,,1 Pc,150,150,,,,,,150,,
,,Chicken burger,,,,2 Pc,60,120,,,,,,120,,
,,Chicken roll,,,,1 Pc,80,80,,,,,,80,,
,,Chicken noodles,,,,1 Pc,150,150,,,,,,150,,
,,French fries,,,,1 Pc,55,55,,,,,,55,,
,,Paneer cheese roll,,,,1 Pc,80,80,,,,,,80,,
,,Chicken lolipop Full,,,,1 Pc,280,280,,,,,,280,,
,,Veg noodles Half,,,,3 Pc,60,180,,,,,,180,,
,,Chicken roll,,,,1 Pc,80,80,,,,,,80,,
,,Chicken Rice Half,,,,1 Pc,80,80,,,,,,80,,
,,Veg Burger,,,,2 Pc,50,100,,,,,,100,,
,,Chicken Boneless Half,,,,1 Pc,80,80,,,,,,80,,
,,Chicken Rice Half,,,,1 Pc,80,80,,,,,,80,,
,,Chiken boneless,,,,1 Pc,150,150,,,,,,150,,
,,Chicken combi roll,,,,1 Pc,100,100,,,,,,100,,
,,Veg roll,,,,1 Pc,45,45,,,,,,45,,
,,Chicken roll,,,,3 Pc,80,240,,,,,,240,,
,,Chicken burger,,,,2 Pc,60,120,,,,,,120,,
,,Paneer Rice Half,,,,1 Pc,80,80,,,,,,80,,
08/08/2024,INV-00138,Cash,,,,,,,,,,,,,0,1980
,,Veg Burger,,,,1 Pc,50,50,,,,,,50,,
,,French fries,,,,1 Pc,55,55,,,,,,55,,
,,Veg roll,,,,3 Pc,45,135,,,,,,135,,
,,Veg Rice Half,,,1,1 Pc,60,60,,,,,,60,,
,,Paneer Noodles Half,,,,1 Pc,80,80,,,,,,80,,
,,Chicken crispy,,,,3 Pc,100,300,,,,,,300,,
,,Chicken fried rice,,,,1 Pc,150,150,,,,,,150,,
,,Chiken boneless,,,,1 Pc,150,150,,,,,,150,,
,,Chicken Boneless Half,,,,1 Pc,85,85,,,,,,85,,
,,Chicken Noodles Half,,,,2 Pc,80,160,,,,,,160,,
,,Chiken boneless,,,,2 Pc,150,300,,,,,,300,,
,,Veg Manchurian Half,,,,1 Pc,75,75,,,,,,75,,
,,Chicken cheese roll,,,,1 Pc,90,90,,,,,,90,,
,,Paneer chilli,,,,1 Pc,180,180,,,,,,180,,
,,Veg Noodles,,,,1 Pc,110,110,,,,,,110,,
09/08/2024,INV-00139,Cash,,,,,,,,,,,,,0,1590
,,Chicken cheese roll,,,,1 Pc,90,90,,,,,,90,,
,,Chicken roll,,,,2 Pc,80,160,,,,,,160,,
,,Chicken roll,,,,1 Pc,80,80,,,,,,80,,
,,Double eggs Roll,,,,2 Pc,60,120,,,,,,120,,
,,Paneer roll,,,,2 Pc,70,140,,,,,,140,,
,,Chicken burger,,,,3 Pc,60,180,,,,,,180,,
,,Chicken roll,,,,1 Pc,80,80,,,,,,80,,
,,Double eggs Roll,,,,1 Pc,60,60,,,,,,60,,
,,Veg noodles Half,,,,2 Pc,60,120,,,,,,120,,
,,Chicken roll,,,,2 Pc,80,160,,,,,,160,,
,,Chicken combi roll,,,,4 Pc,100,400,,,,,,400,,
10/08/2024,INV-00140,Cash,,,,,,,,,,,,,0,3803
,,Chicken roll,,,,5 Pc,80,400,,,,,,400,,
,,Chicken Noodles Half,,,,1 Pc,80,80,,,,,,80,,
,,Chicken lolipop Full,,,,1 Pc,280,280,,,,,,280,,
,,Paratha,,,,4 Pc,25,100,,,,,,100,,
,,Chicken cheese roll,,,,1 Pc,90,90,,,,,,90,,
,,Chicken crispy,,,,2 Pc,100,200,,,,,,200,,
,,Veg Double cheese Burger,,,,1 Pc,75,75,,,,,,75,,
,,Veg noodles Half,,,,1 Pc,60,60,,,,,,60,,
,,Soup,,,,1 Pc,100,100,,,,,,100,,
,,Chicken roll,,,,1 Pc,80,80,,,,,,80,,
,,Veg Noodles,,,,1 Pc,110,110,,,,,,110,,
,,Veg roll,,,,2 Pc,45,90,,,,,,90,,
,,Chiken boneless,,,,2 Pc,150,300,,,,,,300,,
,,Paneer chilli,,,,1 Pc,180,180,,,,,,180,,
,,Chicken roll,,,,1 Pc,80,80,,,,,,80,,
,,Chicken cheese roll,,,,1 Pc,90,90,,,,,,90,,
,,Chicken noodles,,,,1 Pc,150,150,,,,,,150,,
,,Chicken cheese roll,,,,3 Pc,90,270,,,,,,270,,
,,Chicken Double Cheese Burger,,,,3 Pc,85,255,,,,,,255,,
,,French fries,,,,1 Pc,55,55,,,,,,55,,
,,Veg 65,,,,1 Pc,139,139,,,,,,139,,
,,Egg noodles,,,,1 Pc,70,70,,,,,,70,,
,,Chicken Rice Half,,,,2 Pc,80,160,,,,,,160,,
,,Veg Manchurian,,,,1 Pc,129,129,,,,,,129,,
,,Paratha,,,,4 Pc,25,100,,,,,,100,,
,,Egg roll,,,,1 Pc,50,50,,,,,,50,,
,,Veg Noodles,,,,1 Pc,110,110,,,,,,110,,
11/08/2024,INV-00141,Cash,,,,,,,,,,,,,0,3835
,,Egg roll,,,,4 Pc,50,200,,,,,,200,,
,,Veg roll,,,,2 Pc,45,90,,,,,,90,,
,,Chicken burger,,,,2 Pc,60,120,,,,,,120,,
,,Chicken roll,,,,1 Pc,80,80,,,,,,80,,
,,Chicken Boneless Half,,,,1 Pc,85,85,,,,,,85,,
,,Paratha,,,,2 Pc,25,50,,,,,,50,,
,,Veg Noodles,,,,2 Pc,110,220,,,,,,220,,
,,Chiken boneless,,,,1 Pc,150,150,,,,,,150,,
,,Paneer noodles,,,,1 Pc,150,150,,,,,,150,,
,,Paneer Noodles Half,,,,1 Pc,80,80,,,,,,80,,
,,Chicken roll,,,,1 Pc,80,80,,,,,,80,,
,,Veg Rice Half,,,1,1 Pc,60,60,,,,,,60,,
,,Chicken crispy,,,,2 Pc,100,200,,,,,,200,,
,,Chicken roll,,,,1 Pc,80,80,,,,,,80,,
,,Chicken noodles,,,,2 Pc,140,280,,,,,,280,,
,,Chicken chilli,,,,1 Pc,180,180,,,,,,180,,
,,Chicken Schezwan Noodles Half,,,,2 Pc,90,180,,,,,,180,,
,,Chicken burger,,,,3 Pc,60,180,,,,,,180,,
,,Chicken crispy,,,,1 Pc,100,100,,,,,,100,,
,,Chicken roll,,,,1 Pc,80,80,,,,,,80,,
,,Chicken roll,,,,2 Pc,80,160,,,,,,160,,
,,Veg Burger,,,,2 Pc,50,100,,,,,,100,,
,,Chicken noodles,,,,2 Pc,150,300,,,,,,300,,
,,Chicken roll,,,,1 Pc,80,80,,,,,,80,,
,,Chicken burger,,,,2 Pc,60,120,,,,,,120,,
,,Veg roll,,,,1 Pc,45,45,,,,,,45,,
,,Egg roll,,,,1 Pc,50,50,,,,,,50,,
,,Paratha,,,,2 Pc,25,50,,,,,,50,,
,,Chicken Boneless Half,,,,1 Pc,85,85,,,,,,85,,
,,Chicken crispy,,,,1 Pc,100,100,,,,,,100,,
,,Chicken crispy,,,,1 Pc,100,100,,,,,,100,,
12/08/2024,INV-00142,Cash,,,,,,,,,,,,,0,3205
,,Veg Burger,,,,2 Pc,50,100,,,,,,100,,
,,Paneer chilli Half,,,,1 Pc,100,100,,,,,,100,,
,,Paratha,,,,1 Pc,25,25,,,,,,25,,
,,Veg Noodles,,,,2 Pc,110,220,,,,,,220,,
,,Chiken Manchurian,,,,1 Pc,160,160,,,,,,160,,
,,Paneer Manchurian,,,,1 Pc,155,155,,,,,,155,,
,,Paratha,,,,4 Pc,25,100,,,,,,100,,
,,Chicken noodles,,,,1 Pc,150,150,,,,,,150,,
,,Chicken roll,,,,1 Pc,80,80,,,,,,80,,
,,Veg Schezwan Rice Half,,,,1 Pc,70,70,,,,,,70,,
,,French fries,,,,1 Pc,55,55,,,,,,55,,
,,Paratha,,,,3 Pc,25,75,,,,,,75,,
,,Veg Manchurian Half,,,,1 Pc,75,75,,,,,,75,,
,,Chicken Double Cheese Burger,,,,3 Pc,85,255,,,,,,255,,
,,Chicken Double Cheese Burger,,,,1 Pc,85,85,,,,,,85,,
,,Chicken cheese roll,,,,1 Pc,90,90,,,,,,90,,
,,Chicken Noodles Half,,,,1 Pc,90,90,,,,,,90,,
,,Chiken boneless,,,,1 Pc,150,150,,,,,,150,,
,,Chicken burger,,,,2 Pc,60,120,,,,,,120,,
,,Chicken crispy,,,,1 Pc,100,100,,,,,,100,,
,,Paratha,,,,6 Pc,25,150,,,,,,150,,
,,Chicken roll,,,,2 Pc,80,160,,,,,,160,,
,,Chicken burger,,,,2 Pc,60,120,,,,,,120,,
,,Paneer roll,,,,1 Pc,70,70,,,,,,70,,
,,Egg roll,,,,1 Pc,50,50,,,,,,50,,
,,Chicken chilli,,,,2 Pc,200,400,,,,,,400,,
13/08/2024,INV-00143,Cash,,,,,,,,,,,,,0,3289
,,Chicken Rice Half,,,,1 Pc,80,80,,,,,,80,,
,,Chicken Boneless Half,,,,1 Pc,85,85,,,,,,85,,
,,Chicken Noodles Half,,,,2 Pc,80,160,,,,,,160,,
,,Veg Manchurian Half,,,,1 Pc,75,75,,,,,,75,,
,,Paratha,,,,4 Pc,25,100,,,,,,100,,
,,Paneer chilli Half,,,,1 Pc,100,100,,,,,,100,,
,,Paratha,,,,2 Pc,25,50,,,,,,50,,
,,Paneer chilli,,,,1 Pc,180,180,,,,,,180,,
,,Paratha,,,,1 Pc,25,25,,,,,,25,,
,,Paratha,,,,3 Pc,25,75,,,,,,75,,
,,Chicken roll,,,,2 Pc,80,160,,,,,,160,,
,,Chiken boneless,,,,1 Pc,150,150,,,,,,150,,
,,Veg Noodles,,,,1 Pc,110,110,,,,,,110,,
,,Chicken Rice Half,,,,2 Pc,80,160,,,,,,160,,
,,Chicken Noodles Half,,,,3 Pc,80,240,,,,,,240,,
,,Chicken egg roll single,,,,1 Pc,90,90,,,,,,90,,
,,Chicken roll,,,,1 Pc,80,80,,,,,,80,,
,,Chicken Schezwan Rice,,,,1 Pc,90,90,,,,,,90,,
,,Paneer chilli Half,,,,1 Pc,100,100,,,,,,100,,
,,Chicken roll,,,,1 Pc,80,80,,,,,,80,,
,,Chicken lolipop Full,,,,1 Pc,280,280,,,,,,280,,
,,Veg noodles Half,,,,1 Pc,60,60,,,,,,60,,
,,Chicken burger,,,,1 Pc,60,60,,,,,,60,,
,,Chicken Lolipop Half,,,,1 Pc,155,155,,,,,,155,,
,,Paratha,,,,1 Pc,25,25,,,,,,25,,
,,Paratha,,,,4 Pc,25,100,,,,,,100,,
,,Veg fried rice,,,,1 Pc,110,110,,,,,,110,,
,,Paneer chilli,,,,1 Pc,180,180,,,,,,180,,
,,Veg Manchurian,,,,1 Pc,129,129,,,,,,129,,
14/08/2024,INV-00144,Cash,,,,,,,,,,,,,0,1940
,,Paratha,,,,4 Pc,25,100,,,,,,100,,
,,Veg Manchurian Half,,,,1 Pc,75,75,,,,,,75,,
,,Chicken Lolipop Half,,,,1 Pc,155,155,,,,,,155,,
,,Chicken fried rice,,,,1 Pc,150,150,,,,,,150,,
,,Chiken boneless,,,,1 Pc,150,150,,,,,,150,,
,,Chicken roll,,,,1 Pc,80,80,,,,,,80,,
,,Chicken double eggs Roll,,,,1 Pc,100,100,,,,,,100,,
,,Paneer Rice Half,,,,1 Pc,80,80,,,,,,80,,
,,Veg noodles Half,,,,2 Pc,60,120,,,,,,120,,
,,Paneer Schezwan Roll,,,,1 Pc,90,90,,,,,,90,,
,,Chicken cheese roll,,,,1 Pc,100,100,,,,,,100,,
,,Chicken roll,,,,1 Pc,80,80,,,,,,80,,
,,Chicken roll,,,,1 Pc,80,80,,,,,,80,,
,,Egg roll,,,,1 Pc,50,50,,,,,,50,,
,,Veg Noodles,,,,1 Pc,110,110,,,,,,110,,
,,Chicken crispy,,,,3 Pc,100,300,,,,,,300,,
,,Water 1 lit,,,,1 Pc,20,20,,,,,,20,,
,,Chicken crispy,,,,1 Pc,100,100,,,,,,100,,
15/08/2024,INV-00145,Cash,,,,,,,,,,,,,0,4740
,,Chicken roll,,,,1 Pc,80,80,,,,,,80,,
,,Chicken crispy,,,,1 Pc,100,100,,,,,,100,,
,,Paratha,,,,3 Pc,25,75,,,,,,75,,
,,Veg Noodles,,,,1 Pc,110,110,,,,,,110,,
,,Veg Manchurian Half,,,,1 Pc,75,75,,,,,,75,,
,,Chicken Boneless Half,,,,1 Pc,85,85,,,,,,85,,
,,Paratha,,,,4 Pc,25,100,,,,,,100,,
,,Paneer chilli,,,,1 Pc,180,180,,,,,,180,,
,,Paratha,,,,2 Pc,25,50,,,,,,50,,
,,Chicken fried rice,,,,1 Pc,150,150,,,,,,150,,
,,Chiken boneless,,,,1 Pc,150,150,,,,,,150,,
,,Chicken Noodles Half,,,,1 Pc,80,80,,,,,,80,,
,,Water 1 lit,,,,1 Pc,20,20,,,,,,20,,
,,Chiken boneless,,,,1 Pc,150,150,,,,,,150,,
,,Veg Noodles,,,,1 Pc,110,110,,,,,,110,,
,,Chicken lolipop Full,,,,1 Pc,280,280,,,,,,280,,
,,Paneer roll,,,,2 Pc,70,140,,,,,,140,,
,,Veg Burger,,,,2 Pc,50,100,,,,,,100,,
,,French fries,,,,2 Pc,55,110,,,,,,110,,
,,Chicken Noodles Half,,,,2 Pc,80,160,,,,,,160,,
,,Veg Manchurian Half,,,,1 Pc,75,75,,,,,,75,,
,,Paratha,,,,4 Pc,25,100,,,,,,100,,
,,Chicken chilli,,,,1 Pc,200,200,,,,,,200,,
,,Chicken burger,,,,2 Pc,60,120,,,,,,120,,
,,French fries,,,,1 Pc,55,55,,,,,,55,,
,,Double eggs Roll,,,,2 Pc,60,120,,,,,,120,,
,,Paneer chilli,,,,3 Pc,180,540,,,,,,540,,
,,Paratha,,,,12 Pc,25,300,,,,,,300,,
,,Veg Manchurian Half,,,,1 Pc,75,75,,,,,,75,,
,,Paratha,,,,2 Pc,25,50,,,,,,50,,
,,Chicken schezwan,,,,1 Pc,170,170,,,,,,170,,
,,Chicken roll,,,,1 Pc,80,80,,,,,,80,,
,,Paneer chilli,,,,1 Pc,180,180,,,,,,180,,
,,Paratha,,,,2 Pc,25,50,,,,,,50,,
,,Chicken roll,,,,2 Pc,80,160,,,,,,160,,
,,Chicken roll,,,,2 Pc,80,160,,,,,,160,,
16/08/2024,INV-00146,Cash,,,,,,,,,,,,,0,1165
,,Chicken roll,,,,1 Pc,80,80,,,,,,80,,
,,Veg roll,,,,2 Pc,45,90,,,,,,90,,
,,Chicken Boneless Half,,,,1 Pc,85,85,,,,,,85,,
,,Chicken roll,,,,1 Pc,80,80,,,,,,80,,
,,Chicken Schezwan Rice,,,,3 Pc,90,270,,,,,,270,,
,,Chicken Noodles Half,,,,1 Pc,80,80,,,,,,80,,
,,Veg noodles Half,,,,1 Pc,60,60,,,,,,60,,
,,Soup,,,,1 Pc,100,100,,,,,,100,,
,,Chicken roll,,,,4 Pc,80,320,,,,,,320,,
17/08/2024,INV-00147,Cash,,,,,,,,,,,,,0,3520
,,Chicken roll,,,,1 Pc,80,80,,,,,,80,,
,,Chicken noodles,,,,1 Pc,150,150,,,,,,150,,
,,Paneer roll,,,,1 Pc,70,70,,,,,,70,,
,,Chicken crispy,,,,1 Pc,100,100,,,,,,100,,
,,Egg Rice,,,,1 Pc,70,70,,,,,,70,,
,,Double eggs Roll,,,,2 Pc,60,120,,,,,,120,,
,,Chicken crispy,,,,1 Pc,100,100,,,,,,100,,
,,Chicken roll,,,,1 Pc,80,80,,,,,,80,,
,,Chicken Schezwan Rice,,,,1 Pc,90,90,,,,,,90,,
,,Chiken boneless,,,,1 Pc,150,150,,,,,,150,,
,,Paratha,,,,6 Pc,25,150,,,,,,150,,
,,Chicken burger,,,,1 Pc,60,60,,,,,,60,,
,,Veg fried rice,,,,1 Pc,110,110,,,,,,110,,
,,Paneer chilli,,,,1 Pc,180,180,,,,,,180,,
,,Paratha,,,,3 Pc,25,75,,,,,,75,,
,,Water 1 lit,,,,1 Pc,20,20,,,,,,20,,
,,Chicken fried rice,,,,1 Pc,150,150,,,,,,150,,
,,Chicken Double Cheese Burger,,,,5 Pc,85,425,,,,,,425,,
,,Paneer Noodles Half,,,,2 Pc,80,160,,,,,,160,,
,,Double eggs Roll,,,,1 Pc,60,60,,,,,,60,,
,,Veg Schezwan Noodles Half,,,,3 Pc,70,210,,,,,,210,,
,,Water 1 lit,,,,1 Pc,20,20,,,,,,20,,
,,Chicken combi roll,,,,1 Pc,100,100,,,,,,100,,
,,Chicken Rice Half,,,,1 Pc,80,80,,,,,,80,,
,,Veg Noodles,,,,1 Pc,110,110,,,,,,110,,
,,Paratha,,,,5 Pc,25,125,,,,,,125,,
,,Paneer chilli Half,,,,1 Pc,100,100,,,,,,100,,
,,Chiken boneless,,,,1 Pc,150,150,,,,,,150,,
,,Paratha,,,,3 Pc,25,75,,,,,,75,,
,,Paneer chilli Half,,,,1 Pc,100,100,,,,,,100,,
,,Egg roll,,,,1 Pc,50,50,,,,,,50,,
18/08/2024,INV-00148,Cash,,,,,,,,,,,,,0,4604
,,Chicken noodles,,,,1 Pc,150,150,,,,,,150,,
,,Chicken roll,,,,1 Pc,80,80,,,,,,80,,
,,Veg cheese burger,,,,2 Pc,65,130,,,,,,130,,
,,Chiken boneless,,,,1 Pc,150,150,,,,,,150,,
,,Paneer chilli,,,,1 Pc,180,180,,,,,,180,,
,,Chicken noodles,,,,1.5 Pc,150,225,,,,,,225,,
,,Chicken Noodles Half,,,,1 Pc,80,80,,,,,,80,,
,,Water 1 lit,,,,1 Pc,20,20,,,,,,20,,
,,Chicken roll,,,,2 Pc,80,160,,,,,,160,,
,,Chicken Noodles Half,,,,1 Pc,80,80,,,,,,80,,
,,Veg noodles Half,,,,1 Pc,60,60,,,,,,60,,
,,Chicken roll,,,,3 Pc,80,240,,,,,,240,,
,,Chicken burger,,,,3 Pc,60,180,,,,,,180,,
,,French fries,,,,1 Pc,55,55,,,,,,55,,
,,Chicken roll,,,,2 Pc,80,160,,,,,,160,,
,,Paneer roll,,,,1 Pc,70,70,,,,,,70,,
,,Veg noodles Half,,,,1 Pc,60,60,,,,,,60,,
,,Veg roll,,,,1 Pc,45,45,,,,,,45,,
,,French fries,,,,1 Pc,55,55,,,,,,55,,
,,Chicken Lolipop Half,,,,1 Pc,155,155,,,,,,155,,
,,Veg noodles Half,,,,1 Pc,60,60,,,,,,60,,
,,Chicken burger,,,,1 Pc,60,60,,,,,,60,,
,,Veg Manchurian Half,,,,1 Pc,75,75,,,,,,75,,
,,Paratha,,,,2 Pc,25,50,,,,,,50,,
,,Veg Manchurian,,,,1 Pc,129,129,,,,,,129,,
,,Chicken cheese roll,,,,2 Pc,90,180,,,,,,180,,
,,Chicken roll,,,,3 Pc,80,240,,,,,,240,,
,,Chicken Schezwan Rice,,,,2 Pc,90,180,,,,,,180,,
,,Veg Burger,,,,3 Pc,50,150,,,,,,150,,
,,Veg Noodles,,,,1 Pc,110,110,,,,,,110,,
,,Paneer chilli,,,,1 Pc,180,180,,,,,,180,,
,,Paratha,,,,4 Pc,25,100,,,,,,100,,
,,Chicken Boneless Half,,,,1 Pc,85,85,,,,,,85,,
,,Chicken Rice Half,,,,1 Pc,80,80,,,,,,80,,
,,Chicken combi roll,,,,1 Pc,110,110,,,,,,110,,
,,Chicken roll,,,,1 Pc,80,80,,,,,,80,,
,,Chicken Lolipop Half,,,,1 Pc,155,155,,,,,,155,,
,,Veg noodles Half,,,,1 Pc,60,60,,,,,,60,,
,,Chicken Boneless Half,,,,1 Pc,85,85,,,,,,85,,
,,Paneer chilli Half,,,,1 Pc,100,100,,,,,,100,,
24/08/2024,INV-00149,Cash,,,,,,,,,,,,,0,2209
,,Chicken roll,,,,2 Pc,80,160,,,,,,160,,
,,Veg Burger,,,,4 Pc,50,200,,,,,,200,,
,,Chicken double eggs Roll,,,,1 Pc,100,100,,,,,,100,,
,,French fries,,,,2 Pc,55,110,,,,,,110,,
,,Water 1 lit,,,,1 Pc,20,20,,,,,,20,,
,,Double eggs Roll,,,,1 Pc,60,60,,,,,,60,,
,,Chicken Schezwan Noodles Half,,,,1 Pc,90,90,,,,,,90,,
,,Egg roll,,,,1 Pc,50,50,,,,,,50,,
,,Veg Noodles,,,,1 Pc,110,110,,,,,,110,,
,,Veg Noodles,,,,1 Pc,110,110,,,,,,110,,
,,Veg Burger,,,,1 Pc,50,50,,,,,,50,,
,,Veg Manchurian,,,,1 Pc,129,129,,,,,,129,,
,,Chicken Noodles Half,,,,1 Pc,80,80,,,,,,80,,
,,Chicken roll,,,,1 Pc,80,80,,,,,,80,,
,,Chicken Rice Half,,,,1 Pc,80,80,,,,,,80,,
,,Chicken Noodles Half,,,,1 Pc,80,80,,,,,,80,,
,,Chicken combi roll,,,,1 Pc,100,100,,,,,,100,,
,,Double eggs Roll,,,,1 Pc,60,60,,,,,,60,,
,,Chicken cheese roll,,,,2 Pc,90,180,,,,,,180,,
,,Chicken Noodles Half,,,,1 Pc,80,80,,,,,,80,,
,,Chicken Rice Half,,,,1 Pc,80,80,,,,,,80,,
,,Chicken noodles,,,,1 Pc,150,150,,,,,,150,,
,,Egg roll,,,,1 Pc,50,50,,,,,,50,,
25/08/2024,INV-00150,Cash,,,,,,,,,,,,,0,3460
,,Chicken roll,,,,2 Pc,80,160,,,,,,160,,
,,Veg Burger,,,,1 Pc,50,50,,,,,,50,,
,,Chicken Lolipop Half,,,,1 Pc,155,155,,,,,,155,,
,,Veg roll,,,,1 Pc,45,45,,,,,,45,,
,,Chicken lolipop Full,,,,1 Pc,280,280,,,,,,280,,
,,Paratha,,,,2 Pc,25,50,,,,,,50,,
,,Chiken Manchurian,,,,1 Pc,160,160,,,,,,160,,
,,Chicken burger,,,,1 Pc,60,60,,,,,,60,,
,,French fries,,,,1 Pc,55,55,,,,,,55,,
,,Egg burger,,,,1 Pc,30,30,,,,,,30,,
,,Veg Noodles,,,,3 Pc,110,330,,,,,,330,,
,,Chicken crispy,,,,2 Pc,100,200,,,,,,200,,
,,Veg Burger,,,,2 Pc,50,100,,,,,,100,,
,,Chicken burger,,,,2 Pc,60,120,,,,,,120,,
,,Chicken noodles,,,,1 Pc,150,150,,,,,,150,,
,,Double eggs Roll,,,,3 Pc,60,180,,,,,,180,,
,,Chicken roll,,,,1 Pc,80,80,,,,,,80,,
,,Chicken lolipop Full,,,,1 Pc,225,225,,,,,,225,,
,,Chicken fried rice,,,,1 Pc,150,150,,,,,,150,,
,,Chicken egg roll single,,,,3 Pc,90,270,,,,,,270,,
,,Chicken burger,,,,1 Pc,60,60,,,,,,60,,
,,Double eggs Roll,,,,1 Pc,60,60,,,,,,60,,
,,Paratha,,,,2 Pc,25,50,,,,,,50,,
,,Paratha,,,,1 Pc,25,25,,,,,,25,,
,,Chicken roll,,,,2 Pc,80,160,,,,,,160,,
,,Chicken combi roll,,,,1 Pc,100,100,,,,,,100,,
,,Chicken Lolipop Half,,,,1 Pc,155,155,,,,,,155,,
26/08/2024,INV-00151,Cash,,,,,,,,,,,,,0,1800
,,Veg cheese burger,,,,1 Pc,65,65,,,,,,65,,
,,Chicken crispy,,,,1 Pc,100,100,,,,,,100,,
,,Paratha,,,,3 Pc,25,75,,,,,,75,,
,,Paneer cheese roll,,,,1 Pc,80,80,,,,,,80,,
,,French fries,,,,1 Pc,55,55,,,,,,55,,
,,Soup,,,,2 Pc,100,200,,,,,,200,,
,,Chicken roll,,,,2 Pc,80,160,,,,,,160,,
,,Veg Noodles,,,,1 Pc,110,110,,,,,,110,,
,,Chicken 65,,,,1 Pc,210,210,,,,,,210,,
,,Chicken Noodles Half,,,,1 Pc,80,80,,,,,,80,,
,,Chicken cheese burger,,,,1 Pc,75,75,,,,,,75,,
,,Chicken chilli,,,,1 Pc,180,180,,,,,,180,,
,,Chicken roll,,,,1 Pc,80,80,,,,,,80,,
,,Chicken lolipop Full,,,,1 Pc,280,280,,,,,,280,,
,,Chicken Noodles Half,,,,1 Pc,50,50,,,,,,50,,
27/08/2024,INV-00152,Cash,,,,,,,,,,,,,0,3570
,,Chicken burger,,,,1 Pc,60,60,,,,,,60,,
,,Veg Schezwan Noodles Half,,,,2 Pc,70,140,,,,,,140,,
,,Chicken double eggs Roll,,,,3 Pc,100,300,,,,,,300,,
,,Chicken cheese roll,,,,1 Pc,90,90,,,,,,90,,
,,Chicken noodles,,,,1 Pc,150,150,,,,,,150,,
,,Chicken Noodles Half,,,,1 Pc,80,80,,,,,,80,,
,,Double eggs Roll,,,,1 Pc,60,60,,,,,,60,,
,,Chicken Noodles Half,,,,1 Pc,80,80,,,,,,80,,
,,Chiken boneless,,,,1 Pc,150,150,,,,,,150,,
,,Chicken 65,,,,1 Pc,220,220,,,,,,220,,
,,Chicken cheese roll,,,,1 Pc,90,90,,,,,,90,,
,,Veg roll,,,,1 Pc,45,45,,,,,,45,,
,,Soup,,,,1 Pc,100,100,,,,,,100,,
,,Chicken burger,,,,1 Pc,60,60,,,,,,60,,
,,Chicken cheese burger,,,,2 Pc,75,150,,,,,,150,,
,,French fries,,,,2 Pc,55,110,,,,,,110,,
,,Chicken crispy,,,,1 Pc,100,100,,,,,,100,,
,,Chicken chilli,,,,1 Pc,200,200,,,,,,200,,
,,Chicken Schezwan Rice,,,,1 Pc,90,90,,,,,,90,,
,,Chicken crispy,,,,2 Pc,100,200,,,,,,200,,
,,Chicken crispy,,,,1 Pc,100,100,,,,,,100,,
,,Double eggs Roll,,,,1 Pc,60,60,,,,,,60,,
,,Paneer chilli Half,,,,1 Pc,100,100,,,,,,100,,
,,Chicken Lolipop Half,,,,1 Pc,155,155,,,,,,155,,
,,Paratha,,,,2 Pc,25,50,,,,,,50,,
,,Chicken roll,,,,1 Pc,80,80,,,,,,80,,
,,Chicken chilli,,,,1 Pc,190,190,,,,,,190,,
,,Chicken Noodles Half,,,,1 Pc,80,80,,,,,,80,,
,,Chicken lolipop Full,,,,1 Pc,280,280,,,,,,280,,
28/08/2024,INV-00153,Cash,,,,,,,,,,,,,0,2375
,,Chicken Schezwan Half,,,,1 Pc,95,95,,,,,,95,,
,,Paneer Rice Half,,,,1 Pc,80,80,,,,,,80,,
,,Double eggs Roll,,,,1 Pc,60,60,,,,,,60,,
,,Egg roll,,,,1 Pc,50,50,,,,,,50,,
,,Veg Schezwan Full,,,,1 Pc,130,130,,,,,,130,,
,,Chilli Half,,,,1 Pc,110,110,,,,,,110,,
,,Chicken fried rice,,,,2 Pc,150,300,,,,,,300,,
,,Chiken boneless,,,,1 Pc,150,150,,,,,,150,,
,,French fries,,,,1 Pc,55,55,,,,,,55,,
,,Veg Burger,,,,1 Pc,50,50,,,,,,50,,
,,Double eggs Roll,,,,1 Pc,60,60,,,,,,60,,
,,Veg noodles Half,,,,1 Pc,60,60,,,,,,60,,
,,Chicken Boneless Half,,,,1 Pc,80,80,,,,,,80,,
,,Chicken Rice Half,,,,1 Pc,80,80,,,,,,80,,
,,Egg burger,,,,2 Pc,35,70,,,,,,70,,
,,Egg Rice,,,,3 Pc,70,210,,,,,,210,,
,,Chicken roll,,,,1 Pc,80,80,,,,,,80,,
,,Chicken Lolipop Half,,,,1 Pc,155,155,,,,,,155,,
,,Paratha,,,,1 Pc,25,25,,,,,,25,,
,,Chicken Boneless Half,,,,1 Pc,85,85,,,,,,85,,
,,Chicken Boneless Half,,,,1 Pc,85,85,,,,,,85,,
,,Paratha,,,,1 Pc,25,25,,,,,,25,,
,,Chicken lolipop Full,,,,1 Pc,280,280,,,,,,280,,
29/08/2024,INV-00154,Cash,,,,,,,,,,,,,0,3880
,,Paneer roll,,,,1 Pc,70,70,,,,,,70,,
,,Chicken Rice Half,,,,1 Pc,80,80,,,,,,80,,
,,Chicken Rice Half,,,,1 Pc,80,80,,,,,,80,,
,,Chicken fried rice,,,,1 Pc,150,150,,,,,,150,,
,,Chicken Rice Half,,,,1 Pc,80,80,,,,,,80,,
,,Egg roll,,,,1 Pc,50,50,,,,,,50,,
,,Veg noodles Half,,,,1 Pc,60,60,,,,,,60,,
,,Chicken cheese roll,,,,1 Pc,90,90,,,,,,90,,
,,Veg cheese burger,,,,1 Pc,65,65,,,,,,65,,
,,Veg roll,,,,4 Pc,45,180,,,,,,180,,
,,French fries,,,,1 Pc,55,55,,,,,,55,,
,,Chicken Lolipop Half,,,,1 Pc,155,155,,,,,,155,,
,,Double eggs Roll,,,,1 Pc,60,60,,,,,,60,,
,,Chicken combi roll,,,,1 Pc,100,100,,,,,,100,,
,,Double eggs Roll,,,,1 Pc,60,60,,,,,,60,,
,,Chicken roll,,,,2 Pc,80,160,,,,,,160,,
,,Chicken Rice Half,,,,3 Pc,80,240,,,,,,240,,
,,Chicken combi roll,,,,1 Pc,100,100,,,,,,100,,
,,Chicken cheese roll,,,,2 Pc,90,180,,,,,,180,,
,,Chicken Rice Half,,,,1 Pc,80,80,,,,,,80,,
,,Chicken Rice Half,,,,1 Pc,80,80,,,,,,80,,
,,Chicken Lolipop Half,,,,1 Pc,155,155,,,,,,155,,
,,Chicken noodles,,,,4 Pc,150,600,,,,,,600,,
,,Chicken 65,,,,1 Pc,220,220,,,,,,220,,
,,Chiken Manchurian,,,,1 Pc,160,160,,,,,,160,,
,,Chicken lolipop Full,,,,1 Pc,315,315,,,,,,315,,
,,Paratha,,,,6 Pc,25,150,,,,,,150,,
,,French fries,,,,1 Pc,55,55,,,,,,55,,
,,Veg Burger,,,,1 Pc,50,50,,,,,,50,,
30/08/2024,INV-00155,Cash,,,,,,,,,,,,,0,3044
,,Chicken noodles,,,,1 Pc,150,150,,,,,,150,,
,,Chicken noodles,,,,2 Pc,150,300,,,,,,300,,
,,Egg roll,,,,1 Pc,50,50,,,,,,50,,
,,Chicken fried rice,,,,1 Pc,150,150,,,,,,150,,
,,Egg burger,,,,1 Pc,30,30,,,,,,30,,
,,Chicken roll,,,,2 Pc,80,160,,,,,,160,,
,,Chicken Rice Half,,,,1 Pc,80,80,,,,,,80,,
,,Chicken Noodles Half,,,,2 Pc,80,160,,,,,,160,,
,,Paratha,,,,2 Pc,25,50,,,,,,50,,
,,Chicken Lolipop Half,,,,1 Pc,155,155,,,,,,155,,
,,Chicken burger,,,,1 Pc,60,60,,,,,,60,,
,,Chicken Lolipop Half,,,,1 Pc,155,155,,,,,,155,,
,,French fries,,,,1 Pc,55,55,,,,,,55,,
,,Chicken noodles,,,,2 Pc,150,300,,,,,,300,,
,,Chicken roll,,,,2 Pc,75,150,,,,,,150,,
,,Double eggs Roll,,,,1 Pc,60,60,,,,,,60,,
,,Paratha,,,,4 Pc,25,100,,,,,,100,,
,,Veg Manchurian,,,,1 Pc,129,129,,,,,,129,,
,,Chicken Schezwan Rice,,,,1 Pc,90,90,,,,,,90,,
,,Chicken Rice Half,,,,2 Pc,80,160,,,,,,160,,
,,Chicken fried rice,,,,1 Pc,150,150,,,,,,150,,
,,Chilli Half,,,,1 Pc,110,110,,,,,,110,,
,,Chicken roll,,,,3 Pc,80,240,,,,,,240,,
31/08/2024,INV-00156,Cash,,,,,,,,,,,,,0,1985
,,Chicken Rice Half,,,,1 Pc,80,80,,,,,,80,,
,,Chicken Rice Half,,,,1 Pc,80,80,,,,,,80,,
,,Chicken roll,,,,1 Pc,80,80,,,,,,80,,
,,Veg roll,,,,2 Pc,45,90,,,,,,90,,
,,Chicken Lolipop Half,,,,1 Pc,155,155,,,,,,155,,
,,Egg burger,,,,1 Pc,35,35,,,,,,35,,
,,Chicken Lolipop Half,,,,1 Pc,155,155,,,,,,155,,
,,Veg Noodles,,,,1 Pc,110,110,,,,,,110,,
,,Chicken crispy,,,,1 Pc,100,100,,,,,,100,,
,,Chicken burger,,,,2 Pc,60,120,,,,,,120,,
,,Chicken Noodles Half,,,,2 Pc,80,160,,,,,,160,,
,,Double eggs Roll,,,,2 Pc,60,120,,,,,,120,,
,,Chicken burger,,,,2 Pc,60,120,,,,,,120,,
,,Chicken roll,,,,1 Pc,80,80,,,,,,80,,
,,Paneer roll,,,,1 Pc,70,70,,,,,,70,,
,,Chicken roll,,,,1 Pc,80,80,,,,,,80,,
,,Paratha,,,,1 Pc,25,25,,,,,,25,,
,,Chicken Schezwan Rice,,,,1 Pc,90,90,,,,,,90,,
,,Chicken Rice Half,,,,1 Pc,80,80,,,,,,80,,
,,Chicken Lolipop Half,,,,1 Pc,155,155,,,,,,155,,
01/09/2024,INV-00157,Cash,,,,,,,,,,,,,0,2825
,,Veg roll,,,,1 Pc,45,45,,,,,,45,,
,,Veg roll,,,,1 Pc,45,45,,,,,,45,,
,,Double eggs Roll,,,,3 Pc,60,180,,,,,,180,,
,,Veg roll,,,,1 Pc,45,45,,,,,,45,,
,,Chicken Rice Half,,,,3 Pc,80,240,,,,,,240,,
,,Chicken Lolipop Half,,,,1 Pc,155,155,,,,,,155,,
,,Water 1 lit,,,,1 Pc,20,20,,,,,,20,,
,,Chiken boneless,,,,1 Pc,150,150,,,,,,150,,
,,Paneer cheese roll,,,,1 Pc,80,80,,,,,,80,,
,,Soup,,,,1 Pc,90,90,,,,,,90,,
,,Chicken crispy,,,,1 Pc,100,100,,,,,,100,,
,,Paratha,,,,2 Pc,25,50,,,,,,50,,
,,Egg roll,,,,2 Pc,50,100,,,,,,100,,
,,Water 1 lit,,,,1 Pc,20,20,,,,,,20,,
,,Chilli Half,,,,1 Pc,110,110,,,,,,110,,
,,Paratha,,,,1 Pc,25,25,,,,,,25,,
,,Paneer chilli,,,,1 Pc,180,180,,,,,,180,,
,,Double eggs Roll,,,,1 Pc,60,60,,,,,,60,,
,,Water 1 lit,,,,1 Pc,20,20,,,,,,20,,
,,Paratha,,,,8 Pc,25,200,,,,,,200,,
,,Chiken boneless,,,,1 Pc,150,150,,,,,,150,,
,,Chicken combi roll,,,,1 Pc,100,100,,,,,,100,,
,,Chicken Noodles Half,,,,2 Pc,80,160,,,,,,160,,
,,Egg burger,,,,2 Pc,35,70,,,,,,70,,
,,Chicken lolipop Full,,,,1 Pc,280,280,,,,,,280,,
,,Chicken cheese burger,,,,2 Pc,75,150,,,,,,150,,
02/09/2024,INV-00158,Cash,,,,,,,,,,,,,0,2840
,,Chicken crispy,,,,1 Pc,100,100,,,,,,100,,
,,Paratha,,,,2 Pc,25,50,,,,,,50,,
,,Chicken cheese burger,,,,1 Pc,75,75,,,,,,75,,
,,Chicken noodles,,,,1 Pc,150,150,,,,,,150,,
,,Chicken roll,,,,1 Pc,80,80,,,,,,80,,
,,Double eggs Roll,,,,1 Pc,60,60,,,,,,60,,
,,Water 1 lit,,,,1 Pc,20,20,,,,,,20,,
,,Chicken Rice Half,,,,1 Pc,80,80,,,,,,80,,
,,Chicken combi roll,,,,2 Pc,100,200,,,,,,200,,
,,Paneer fried rice,,,,1 Pc,150,150,,,,,,150,,
,,Veg Rice Half,,,1,1 Pc,60,60,,,,,,60,,
,,Chicken Lolipop Half,,,,1 Pc,155,155,,,,,,155,,
,,Water 1 lit,,,,2 Pc,20,40,,,,,,40,,
,,Veg noodles Half,,,,3 Pc,60,180,,,,,,180,,
,,Chilli Half,,,,1 Pc,110,110,,,,,,110,,
,,Chicken burger,,,,1 Pc,60,60,,,,,,60,,
,,Chicken Lolipop Half,,,,1 Pc,150,150,,,,,,150,,
,,Paneer chilli,,,,1 Pc,180,180,,,,,,180,,
,,Paneer fried rice,,,,1 Pc,150,150,,,,,,150,,
,,Chicken Noodles Half,,,,2 Pc,80,160,,,,,,160,,
,,Chiken boneless,,,,1 Pc,150,150,,,,,,150,,
,,Chicken chilli,,,,1 Pc,180,180,,,,,,180,,
,,Double eggs Roll,,,,2 Pc,60,120,,,,,,120,,
,,Chicken egg roll single,,,,2 Pc,90,180,,,,,,180,,
03/09/2024,INV-00159,Cash,,,,,,,,,,,,,0,1324
,,Paneer cheese roll,,,,1 Pc,95,95,,,,,,95,,
,,Chicken roll,,,,1 Pc,80,80,,,,,,80,,
,,Veg Noodles,,,,1 Pc,110,110,,,,,,110,,
,,Veg Burger,,,,1 Pc,50,50,,,,,,50,,
,,Veg noodles Half,,,,1 Pc,60,60,,,,,,60,,
,,Paneer chilli,,,,1 Pc,180,180,,,,,,180,,
,,Chicken fried rice,,,,1 Pc,150,150,,,,,,150,,
,,French fries,,,,1 Pc,55,55,,,,,,55,,
,,Veg Manchurian,,,,1 Pc,129,129,,,,,,129,,
,,Veg Noodles,,,,1 Pc,110,110,,,,,,110,,
,,Chicken fried rice,,,,1 Pc,150,150,,,,,,150,,
,,Chicken Lolipop Half,,,,1 Pc,155,155,,,,,,155,,
04/09/2024,INV-00160,Cash,,,,,,,,,,,,,0,5375
,,Veg cheese burger,,,,4 Pc,65,260,,,,,,260,,
,,Chicken Rice Half,,,,2 Pc,80,160,,,,,,160,,
,,Chicken fried rice,,,,1 Pc,150,150,,,,,,150,,
,,Chicken roll,,,,2 Pc,80,160,,,,,,160,,
,,Chicken Noodles Half,,,,1 Pc,80,80,,,,,,80,,
,,Chicken Rice Half,,,,2 Pc,80,160,,,,,,160,,
,,Chicken Noodles Half,,,,1 Pc,80,80,,,,,,80,,
,,Chicken Lolipop Half,,,,1 Pc,155,155,,,,,,155,,
,,Water 1 lit,,,,2 Pc,20,40,,,,,,40,,
,,Veg Noodles,,,,1 Pc,110,110,,,,,,110,,
,,Double eggs Roll,,,,2 Pc,60,120,,,,,,120,,
,,Soup,,,,2 Pc,100,200,,,,,,200,,
,,Chicken Noodles Half,,,,1 Pc,80,80,,,,,,80,,
,,Soup,,,,1 Pc,60,60,,,,,,60,,
,,Chicken fried rice,,,,2 Pc,150,300,,,,,,300,,
,,Chicken egg roll single,,,,2 Pc,90,180,,,,,,180,,
,,Chicken roll,,,,2 Pc,80,160,,,,,,160,,
,,Chicken double eggs Roll,,,,6 Pc,100,600,,,,,,600,,
,,Chicken lolipop Full,,,,1 Pc,280,280,,,,,,280,,
,,Chicken crispy,,,,2 Pc,100,200,,,,,,200,,
,,Chicken Schezwan Rice,,,,1 Pc,90,90,,,,,,90,,
,,Chicken Rice Half,,,,1 Pc,80,80,,,,,,80,,
,,Veg roll,,,,1 Pc,45,45,,,,,,45,,
,,Chicken Boneless Half,,,,1 Pc,80,80,,,,,,80,,
,,Chicken Noodles Half,,,,2 Pc,80,160,,,,,,160,,
,,Chiken boneless,,,,1 Pc,150,150,,,,,,150,,
,,Chicken fried rice,,,,1 Pc,150,150,,,,,,150,,
,,Egg burger,,,,2 Pc,35,70,,,,,,70,,
,,Chicken chilli,,,,1 Pc,200,200,,,,,,200,,
,,Chicken Lolipop Half,,,,1 Pc,155,155,,,,,,155,,
,,Chicken chilli,,,,1 Pc,200,200,,,,,,200,,
,,Paratha,,,,4 Pc,25,100,,,,,,100,,
,,Chicken Boneless Half,,,,1 Pc,85,85,,,,,,85,,
,,Paratha,,,,2 Pc,25,50,,,,,,50,,
,,Chicken noodles,,,,1.5 Pc,150,225,,,,,,225,,
05/09/2024,INV-00161,Cash,,,,,,,,,,,,,0,4568
,,Veg Noodles,,,,1 Pc,110,110,,,,,,110,,
,,Veg noodles Half,,,,1 Pc,60,60,,,,,,60,,
,,Paneer chilli,,,,1 Pc,180,180,,,,,,180,,
,,Chicken Rice Half,,,,1 Pc,80,80,,,,,,80,,
,,Veg Rice Half,,,1,1 Pc,60,60,,,,,,60,,
,,Water 1 lit,,,,1 Pc,20,20,,,,,,20,,
,,Chicken burger,,,,1 Pc,60,60,,,,,,60,,
,,Veg roll,,,,1 Pc,45,45,,,,,,45,,
,,Chicken noodles,,,,1 Pc,150,150,,,,,,150,,
,,Paneer roll,,,,2 Pc,70,140,,,,,,140,,
,,Chicken noodles,,,,1 Pc,150,150,,,,,,150,,
,,Chiken boneless,,,,1 Pc,150,150,,,,,,150,,
,,French fries,,,,2 Pc,55,110,,,,,,110,,
,,Chicken crispy,,,,1 Pc,100,100,,,,,,100,,
,,Egg roll,,,,1 Pc,50,50,,,,,,50,,
,,Chicken chilli,,,,1 Pc,200,200,,,,,,200,,
,,Paratha,,,,4 Pc,25,100,,,,,,100,,
,,Water 1 lit,,,,1 Pc,20,20,,,,,,20,,
,,Chicken crispy,,,,2 Pc,100,200,,,,,,200,,
,,Chicken Rice Half,,,,1 Pc,80,80,,,,,,80,,
,,Chicken noodles,,,,1 Pc,150,150,,,,,,150,,
,,Chicken roll,,,,1 Pc,80,80,,,,,,80,,
,,Chicken cheese burger,,,,1 Pc,75,75,,,,,,75,,
,,Chilli Half,,,,1 Pc,110,110,,,,,,110,,
,,Double eggs Roll,,,,1 Pc,60,60,,,,,,60,,
,,Veg noodles Half,,,,1 Pc,60,60,,,,,,60,,
,,Paratha,,,,6 Pc,25,150,,,,,,150,,
,,Veg Manchurian,,,,1 Pc,129,129,,,,,,129,,
,,Paneer chilli Half,,,,1 Pc,100,100,,,,,,100,,
,,Veg fried rice,,,,1 Pc,110,110,,,,,,110,,
,,Paneer Schezwan Roll,,,,1 Pc,80,80,,,,,,80,,
,,Chicken Schezwan Noodles Half,,,,2 Pc,90,180,,,,,,180,,
,,Chicken crispy,,,,1 Pc,100,100,,,,,,100,,
,,Chicken cheese burger,,,,1 Pc,75,75,,,,,,75,,
,,Chicken Boneless Half,,,,1 Pc,85,85,,,,,,85,,
,,Paratha,,,,3 Pc,25,75,,,,,,75,,
,,Veg Manchurian,,,,1 Pc,129,129,,,,,,129,,
,,Chicken Lolipop Half,,,,1 Pc,155,155,,,,,,155,,
,,Chicken fried rice,,,,1 Pc,150,150,,,,,,150,,
,,Chicken Manchurian Rice,,,,1 Pc,190,190,,,,,,190,,
,,Paneer chilli Half,,,,1 Pc,100,100,,,,,,100,,
,,Chicken roll,,,,2 Pc,80,160,,,,,,160,,
06/09/2024,INV-00162,Cash,,,,,,,,,,,,,0,4339
,,Chicken 65,,,,1 Pc,210,210,,,,,,210,,
,,Chicken cheese roll,,,,3 Pc,90,270,,,,,,270,,
,,Chicken Schezwan roll,,,,1 Pc,90,90,,,,,,90,,
,,Paneer Schezwan Roll,,,,1 Pc,80,80,,,,,,80,,
,,Chicken roll,,,,1 Pc,80,80,,,,,,80,,
,,Chicken Rice Half,,,,1 Pc,80,80,,,,,,80,,
,,Chicken Boneless Half,,,,1 Pc,85,85,,,,,,85,,
,,Chicken chilli,,,,1 Pc,200,200,,,,,,200,,
,,Paratha,,,,3 Pc,25,75,,,,,,75,,
,,Paneer chilli,,,,1 Pc,180,180,,,,,,180,,
,,Veg noodles Half,,,,1 Pc,60,60,,,,,,60,,
,,Chicken Lolipop Half,,,,1 Pc,155,155,,,,,,155,,
,,Veg Manchurian,,,,1 Pc,129,129,,,,,,129,,
,,Paneer 65,,,,1 Pc,180,180,,,,,,180,,
,,Paneer 65,,,,1 Pc,100,100,,,,,,100,,
,,Chicken double eggs Roll,,,,2 Pc,100,200,,,,,,200,,
,,Chicken chilli,,,,1 Pc,200,200,,,,,,200,,
,,Chicken fried rice,,,,1 Pc,150,150,,,,,,150,,
,,Chicken fried rice,,,,1 Pc,150,150,,,,,,150,,
,,Veg fried rice,,,,1 Pc,110,110,,,,,,110,,
,,Veg Manchurian,,,,1 Pc,140,140,,,,,,140,,
,,Chicken Rice Half,,,,1 Pc,80,80,,,,,,80,,
,,Veg fried rice,,,,1 Pc,110,110,,,,,,110,,
,,Veg Manchurian Half,,,,1 Pc,75,75,,,,,,75,,
,,Veg roll,,,,1 Pc,45,45,,,,,,45,,
,,Chicken Boneless Half,,,,1 Pc,85,85,,,,,,85,,
,,Chicken chilli,,,,2 Pc,200,400,,,,,,400,,
,,Egg noodles,,,,1 Pc,70,70,,,,,,70,,
,,Chicken lolipop Full,,,,1 Pc,280,280,,,,,,280,,
,,Chicken cheese roll,,,,3 Pc,90,270,,,,,,270,,
07/09/2024,INV-00163,Cash,,,,,,,,,,,,,0,5660
,,Chicken cheese roll,,,,1 Pc,90,90,,,,,,90,,
,,French fries,,,,1 Pc,55,55,,,,,,55,,
,,Egg burger,,,,1 Pc,30,30,,,,,,30,,
,,Veg cheese burger,,,,1 Pc,65,65,,,,,,65,,
,,Veg Burger,,,,2 Pc,50,100,,,,,,100,,
,,Veg Noodles,,,,1 Pc,110,110,,,,,,110,,
,,Egg roll,,,,1 Pc,50,50,,,,,,50,,
,,Egg roll,,,,1 Pc,50,50,,,,,,50,,
,,Chicken burger,,,,1 Pc,60,60,,,,,,60,,
,,Egg burger,,,,1 Pc,30,30,,,,,,30,,
,,Chicken burger,,,,2 Pc,60,120,,,,,,120,,
,,Chicken cheese roll,,,,2 Pc,90,180,,,,,,180,,
,,Veg Burger,,,,1 Pc,50,50,,,,,,50,,
,,Veg cheese burger,,,,1 Pc,65,65,,,,,,65,,
,,French fries,,,,1 Pc,55,55,,,,,,55,,
,,Veg noodles Half,,,,2 Pc,60,120,,,,,,120,,
,,Chicken crispy,,,,1 Pc,100,100,,,,,,100,,
,,Chicken fried rice,,,,1 Pc,150,150,,,,,,150,,
,,Chicken burger,,,,1 Pc,60,60,,,,,,60,,
,,Chicken Rice Half,,,,1 Pc,80,80,,,,,,80,,
,,Veg Manchurian Half,,,,1 Pc,75,75,,,,,,75,,
,,Paratha,,,,2 Pc,25,50,,,,,,50,,
,,Chicken Noodles Half,,,,1 Pc,80,80,,,,,,80,,
,,Veg Manchurian Half,,,,1 Pc,75,75,,,,,,75,,
,,Veg Noodles,,,,1 Pc,110,110,,,,,,110,,
,,Veg Burger,,,,2 Pc,50,100,,,,,,100,,
,,Double eggs Roll,,,,1 Pc,60,60,,,,,,60,,
,,Chicken roll,,,,1 Pc,80,80,,,,,,80,,
,,Chicken fried rice,,,,5 Pc,150,750,,,,,,750,,
,,Chicken crispy,,,,6 Pc,100,600,,,,,,600,,
,,Chiken boneless,,,,3 Pc,150,450,,,,,,450,,
,,Chicken egg roll single,,,,5 Pc,60,300,,,,,,300,,
,,Chicken noodles,,,,1 Pc,120,120,,,,,,120,,
,,Chiken boneless,,,,1 Pc,120,120,,,,,,120,,
,,Water 1 lit,,,,3 Pc,20,60,,,,,,60,,
,,Paratha,,,,8 Pc,25,200,,,,,,200,,
,,Chicken chilli,,,,1 Pc,180,180,,,,,,180,,
,,Veg cheese burger,,,,1 Pc,65,65,,,,,,65,,
,,Chicken cheese burger,,,,1 Pc,75,75,,,,,,75,,
,,Chicken burger,,,,1 Pc,60,60,,,,,,60,,
,,Chicken noodles,,,,1 Pc,150,150,,,,,,150,,
,,Chicken lolipop Full,,,,1 Pc,280,280,,,,,,280,,
08/09/2024,INV-00164,Cash,,,,,,,,,,,,,0,2800
,,Chicken Noodles Half,,,,2 Pc,80,160,,,,,,160,,
,,Double eggs Roll,,,,1 Pc,60,60,,,,,,60,,
,,Chicken combi roll,,,,1 Pc,100,100,,,,,,100,,
,,Veg noodles Half,,,,1 Pc,60,60,,,,,,60,,
,,Chicken cheese burger,,,,1 Pc,70,70,,,,,,70,,
,,Chicken cheese roll,,,,2 Pc,90,180,,,,,,180,,
,,Chicken fried rice,,,,1 Pc,150,150,,,,,,150,,
,,Water 1 lit,,,,1 Pc,20,20,,,,,,20,,
,,Paneer roll,,,,1 Pc,70,70,,,,,,70,,
,,Veg noodles Half,,,,1 Pc,60,60,,,,,,60,,
,,Chicken roll,,,,1 Pc,80,80,,,,,,80,,
,,Chicken crispy,,,,1 Pc,100,100,,,,,,100,,
,,Chicken burger,,,,1 Pc,60,60,,,,,,60,,
,,Chicken roll,,,,2 Pc,80,160,,,,,,160,,
,,Chicken fried rice,,,,1 Pc,150,150,,,,,,150,,
,,Chicken Rice Half,,,,1 Pc,80,80,,,,,,80,,
,,Chicken Manchurian Half,,,,1 Pc,90,90,,,,,,90,,
,,Chicken lolipop Full,,,,1 Pc,280,280,,,,,,280,,
,,Paneer cheese roll,,,,1 Pc,80,80,,,,,,80,,
,,Veg Burger,,,,1 Pc,50,50,,,,,,50,,
,,Veg noodles Half,,,,1 Pc,60,60,,,,,,60,,
,,Chicken Noodles Half,,,,1 Pc,80,80,,,,,,80,,
,,Chicken burger,,,,1 Pc,60,60,,,,,,60,,
,,Chicken burger,,,,1 Pc,60,60,,,,,,60,,
,,Paneer chilli Half,,,,1 Pc,100,100,,,,,,100,,
,,Paratha,,,,3 Pc,25,75,,,,,,75,,
,,Double eggs Roll,,,,1 Pc,60,60,,,,,,60,,
,,Veg Rice Half,,,1,1 Pc,60,60,,,,,,60,,
,,Chicken roll,,,,2 Pc,80,160,,,,,,160,,
,,Paratha,,,,1 Pc,25,25,,,,,,25,,
09/09/2024,INV-00165,Cash,,,,,,,,,,,,,0,2875
,,Veg noodles Half,,,,1 Pc,60,60,,,,,,60,,
,,Water 1 lit,,,,1 Pc,20,20,,,,,,20,,
,,Chicken fried rice,,,,1 Pc,150,150,,,,,,150,,
,,Chicken Noodles Half,,,,1 Pc,80,80,,,,,,80,,
,,Chicken double eggs Roll,,,,1 Pc,115,115,,,,,,115,,
,,Veg cheese burger,,,,1 Pc,65,65,,,,,,65,,
,,Water 1 lit,,,,1 Pc,20,20,,,,,,20,,
,,Chicken crispy,,,,1 Pc,100,100,,,,,,100,,
,,Chicken crispy,,,,1 Pc,100,100,,,,,,100,,
,,Chicken egg roll single,,,,1 Pc,90,90,,,,,,90,,
,,Chicken Noodles Half,,,,1 Pc,80,80,,,,,,80,,
,,Egg roll,,,,2 Pc,50,100,,,,,,100,,
,,Chicken crispy,,,,1 Pc,100,100,,,,,,100,,
,,Veg roll,,,,4 Pc,45,180,,,,,,180,,
,,Veg Burger,,,,1 Pc,50,50,,,,,,50,,
,,Paneer cheese roll,,,,2 Pc,80,160,,,,,,160,,
,,Paneer 65,,,,1 Pc,180,180,,,,,,180,,
,,Paratha,,,,3 Pc,25,75,,,,,,75,,
,,Chicken noodles,,,,1 Pc,150,150,,,,,,150,,
,,Chicken Lolipop Half,,,,1 Pc,150,150,,,,,,150,,
,,Chicken roll,,,,2 Pc,80,160,,,,,,160,,
,,Chicken roll,,,,2 Pc,80,160,,,,,,160,,
,,Double eggs Roll,,,,3 Pc,60,180,,,,,,180,,
,,Chicken double eggs Roll,,,,1 Pc,100,100,,,,,,100,,
,,Chicken roll,,,,1 Pc,80,80,,,,,,80,,
,,Chicken Rice Half,,,,1 Pc,80,80,,,,,,80,,
,,Chicken egg roll single,,,,1 Pc,90,90,,,,,,90,,
10/09/2024,INV-00166,Cash,,,,,,,,,,,,,0,3675
,,Chicken fried rice,,,,1 Pc,150,150,,,,,,150,,
,,Chiken boneless,,,,1 Pc,150,150,,,,,,150,,
,,Egg roll,,,,1 Pc,50,50,,,,,,50,,
,,Veg cheese burger,,,,1 Pc,65,65,,,,,,65,,
,,Egg roll,,,,1 Pc,50,50,,,,,,50,,
,,Chicken cheese burger,,,,1 Pc,75,75,,,,,,75,,
,,Veg noodles Half,,,,1 Pc,60,60,,,,,,60,,
,,Chicken fried rice,,,,1 Pc,150,150,,,,,,150,,
,,Veg cheese burger,,,,1 Pc,65,65,,,,,,65,,
,,Paneer chilli,,,,1 Pc,180,180,,,,,,180,,
,,Paneer fried rice,,,,1 Pc,150,150,,,,,,150,,
,,Water 1 lit,,,,1 Pc,20,20,,,,,,20,,
,,Chicken roll,,,,1 Pc,80,80,,,,,,80,,
,,Chicken noodles,,,,1 Pc,150,150,,,,,,150,,
,,Chicken chilli,,,,1 Pc,200,200,,,,,,200,,
,,Chicken fried rice,,,,2 Pc,150,300,,,,,,300,,
,,Chicken lolipop Full,,,,1 Pc,280,280,,,,,,280,,
,,Chicken Noodles Half,,,,1 Pc,80,80,,,,,,80,,
,,Chicken Rice Half,,,,1 Pc,80,80,,,,,,80,,
,,Chicken roll,,,,1 Pc,80,80,,,,,,80,,
,,Veg noodles Half,,,,1 Pc,60,60,,,,,,60,,
,,Chicken crispy,,,,2 Pc,100,200,,,,,,200,,
,,Chicken schezwan,,,,1 Pc,170,170,,,,,,170,,
,,Paratha,,,,4 Pc,25,100,,,,,,100,,
,,Chicken Boneless Half,,,,1 Pc,85,85,,,,,,85,,
,,Paneer chilli Half,,,,1 Pc,100,100,,,,,,100,,
,,Chicken roll,,,,2 Pc,80,160,,,,,,160,,
,,Chicken fried rice,,,,1 Pc,150,150,,,,,,150,,
,,Chicken Rice Half,,,,1 Pc,80,80,,,,,,80,,
,,Chicken Lolipop Half,,,,1 Pc,155,155,,,,,,155,,
11/09/2024,INV-00167,Cash,,,,,,,,,,,,,0,2775
,,Paneer Noodles Half,,,,2 Pc,80,160,,,,,,160,,
,,Egg burger,,,,1 Pc,40,40,,,,,,40,,
,,Egg roll,,,,2 Pc,50,100,,,,,,100,,
,,Chicken Rice Half,,,,1 Pc,80,80,,,,,,80,,
,,Soup,,,,2 Pc,100,200,,,,,,200,,
,,Chicken roll,,,,1 Pc,80,80,,,,,,80,,
,,Chicken Rice Half,,,,3 Pc,80,240,,,,,,240,,
,,Chicken chilli,,,,1.5 Pc,200,300,,,,,,300,,
,,Egg burger,,,,1 Pc,30,30,,,,,,30,,
,,Chicken Lolipop Half,,,,1 Pc,155,155,,,,,,155,,
,,Veg Burger,,,,1 Pc,50,50,,,,,,50,,
,,Chicken burger,,,,1 Pc,60,60,,,,,,60,,
,,Chicken cheese roll,,,,1 Pc,90,90,,,,,,90,,
,,Chicken burger,,,,1 Pc,60,60,,,,,,60,,
,,Paneer Noodles Half,,,,1 Pc,80,80,,,,,,80,,
,,Chicken Lolipop Half,,,,1 Pc,155,155,,,,,,155,,
,,Veg noodles Half,,,,1 Pc,60,60,,,,,,60,,
,,Chicken fried rice,,,,1 Pc,150,150,,,,,,150,,
,,Water 1 lit,,,,1 Pc,20,20,,,,,,20,,
,,Chicken Boneless Half,,,,1 Pc,85,85,,,,,,85,,
,,Veg Manchurian Half,,,,1 Pc,75,75,,,,,,75,,
,,Paratha,,,,2 Pc,25,50,,,,,,50,,
,,Chicken roll,,,,3 Pc,80,240,,,,,,240,,
,,Chicken burger,,,,1 Pc,60,60,,,,,,60,,
,,Veg Rice Half,,,1,1 Pc,60,60,,,,,,60,,
,,Chicken Schezwan Half,,,,1 Pc,95,95,,,,,,95,,
12/09/2024,INV-00168,Cash,,,,,,,,,,,,,0,4270
,,Chicken fried rice,,,,2 Pc,150,300,,,,,,300,,
,,Chicken Lolipop Half,,,,1 Pc,155,155,,,,,,155,,
,,Veg noodles Half,,,,1 Pc,60,60,,,,,,60,,
,,Chicken roll,,,,1 Pc,80,80,,,,,,80,,
,,Veg roll,,,,1 Pc,60,60,,,,,,60,,
,,Veg cheese burger,,,,1 Pc,65,65,,,,,,65,,
,,Chicken noodles,,,,1 Pc,150,150,,,,,,150,,
,,Veg Burger,,,,1 Pc,50,50,,,,,,50,,
,,Chicken combi roll,,,,1 Pc,100,100,,,,,,100,,
,,Double eggs Roll,,,,1 Pc,60,60,,,,,,60,,
,,Paneer cheese roll,,,,1 Pc,80,80,,,,,,80,,
,,Veg Noodles,,,,1 Pc,110,110,,,,,,110,,
,,Double eggs Roll,,,,1 Pc,60,60,,,,,,60,,
,,Veg Burger,,,,2 Pc,50,100,,,,,,100,,
,,Veg cheese burger,,,,4 Pc,65,260,,,,,,260,,
,,Chicken roll,,,,1 Pc,80,80,,,,,,80,,
,,Veg Rice Half,,,1,1 Pc,60,60,,,,,,60,,
,,Veg roll,,,,1 Pc,45,45,,,,,,45,,
,,Veg Rice Half,,,1,1 Pc,60,60,,,,,,60,,
,,Veg noodles Half,,,,1 Pc,60,60,,,,,,60,,
,,Chicken Noodles Half,,,,1 Pc,80,80,,,,,,80,,
,,Water 1 lit,,,,1 Pc,20,20,,,,,,20,,
,,Veg Burger,,,,1 Pc,50,50,,,,,,50,,
,,Chicken burger,,,,1 Pc,60,60,,,,,,60,,
,,Chicken Boneless Half,,,,1 Pc,85,85,,,,,,85,,
,,Chicken Rice Half,,,,1 Pc,80,80,,,,,,80,,
,,Chicken cheese burger,,,,1 Pc,75,75,,,,,,75,,
,,Veg Noodles,,,,1 Pc,110,110,,,,,,110,,
,,Veg Rice Half,,,1,1 Pc,60,60,,,,,,60,,
,,Chicken Rice Half,,,,1 Pc,80,80,,,,,,80,,
,,Chicken chilli,,,,1 Pc,200,200,,,,,,200,,
,,Chicken burger,,,,5 Pc,60,300,,,,,,300,,
,,Chicken chilli,,,,1.5 Pc,200,300,,,,,,300,,
,,Paneer Rice Half,,,,1 Pc,80,80,,,,,,80,,
,,Chicken lolipop Full,,,,1 Pc,280,280,,,,,,280,,
,,Double eggs Roll,,,,2 Pc,60,120,,,,,,120,,
,,Chicken fried rice,,,,1 Pc,150,150,,,,,,150,,
,,Veg cheese burger,,,,1 Pc,65,65,,,,,,65,,
,,Chicken Noodles Half,,,,1 Pc,80,80,,,,,,80,,
13/09/2024,INV-00169,Cash,,,,,,,,,,,,,0,3625
,,Double eggs Roll,,,,1 Pc,60,60,,,,,,60,,
,,Egg roll,,,,2 Pc,50,100,,,,,,100,,
,,Paratha,,,,4 Pc,25,100,,,,,,100,,
,,Chicken fried rice,,,,1 Pc,150,150,,,,,,150,,
,,Veg Schezwan Noodles Half,,,,1 Pc,70,70,,,,,,70,,
,,Double eggs Roll,,,,1 Pc,60,60,,,,,,60,,
,,Veg Noodles,,,,2 Pc,110,220,,,,,,220,,
,,Egg roll,,,,1 Pc,50,50,,,,,,50,,
,,Chicken Noodles Half,,,,2 Pc,80,160,,,,,,160,,
,,Chilli Half,,,,1 Pc,110,110,,,,,,110,,
,,Chicken roll,,,,1 Pc,80,80,,,,,,80,,
,,Chicken Rice Half,,,,1 Pc,80,80,,,,,,80,,
,,Chicken Lolipop Half,,,,1 Pc,155,155,,,,,,155,,
,,Chicken cheese burger,,,,1 Pc,75,75,,,,,,75,,
,,Egg burger,,,,1 Pc,30,30,,,,,,30,,
,,Double eggs Roll,,,,1 Pc,60,60,,,,,,60,,
,,Double eggs Roll,,,,5 Pc,60,300,,,,,,300,,
,,Chicken Schezwan Rice,,,,2 Pc,90,180,,,,,,180,,
,,Veg Noodles,,,,1 Pc,110,110,,,,,,110,,
,,Paratha,,,,3 Pc,25,75,,,,,,75,,
,,Chilli Half,,,,1 Pc,110,110,,,,,,110,,
,,Chicken Lolipop Half,,,,1 Pc,155,155,,,,,,155,,
,,Chicken chilli,,,,2 Pc,200,400,,,,,,400,,
,,Paratha,,,,4 Pc,25,100,,,,,,100,,
,,Soup,,,,1 Pc,100,100,,,,,,100,,
,,Chicken roll,,,,1 Pc,80,80,,,,,,80,,
,,Chicken burger,,,,2 Pc,60,120,,,,,,120,,
,,French fries,,,,1 Pc,55,55,,,,,,55,,
,,Chicken lolipop Full,,,,1 Pc,280,280,,,,,,280,,
14/09/2024,INV-00170,Cash,,,,,,,,,,,,,0,4090
,,Chicken fried rice,,,,2 Pc,150,300,,,,,,300,,
,,Chicken Rice Half,,,,2 Pc,80,160,,,,,,160,,
,,Chicken Rice Half,,,,1 Pc,80,80,,,,,,80,,
,,Paneer cheese roll,,,,1 Pc,80,80,,,,,,80,,
,,French fries,,,,1 Pc,55,55,,,,,,55,,
,,Chicken combi roll,,,,4 Pc,100,400,,,,,,400,,
,,Chicken Noodles Half,,,,1 Pc,80,80,,,,,,80,,
,,Chicken burger,,,,1 Pc,60,60,,,,,,60,,
,,Chicken roll,,,,1 Pc,80,80,,,,,,80,,
,,Veg roll,,,,1 Pc,45,45,,,,,,45,,
,,Egg burger,,,,1 Pc,30,30,,,,,,30,,
,,Chicken roll,,,,3 Pc,80,240,,,,,,240,,
,,Paneer roll,,,,1 Pc,70,70,,,,,,70,,
,,Chicken burger,,,,1 Pc,60,60,,,,,,60,,
,,Chicken 65,,,,1 Pc,220,220,,,,,,220,,
,,Chicken noodles,,,,1 Pc,150,150,,,,,,150,,
,,Veg roll,,,,1 Pc,45,45,,,,,,45,,
,,Chicken fried rice,,,,1 Pc,150,150,,,,,,150,,
,,Chicken cheese burger,,,,1 Pc,75,75,,,,,,75,,
,,Veg Burger,,,,1 Pc,50,50,,,,,,50,,
,,Chicken lolipop Full,,,,1 Pc,280,280,,,,,,280,,
,,Chicken crispy,,,,1 Pc,100,100,,,,,,100,,
,,Chicken roll,,,,2 Pc,80,160,,,,,,160,,
,,Veg roll,,,,1 Pc,45,45,,,,,,45,,
,,Chicken roll,,,,1 Pc,80,80,,,,,,80,,
,,Chicken crispy,,,,2 Pc,100,200,,,,,,200,,
,,Veg fried rice,,,,1 Pc,110,110,,,,,,110,,
,,Water 1 lit,,,,1 Pc,20,20,,,,,,20,,
,,Chicken crispy,,,,1 Pc,100,100,,,,,,100,,
,,Paneer chilli Half,,,,1 Pc,100,100,,,,,,100,,
,,Double eggs Roll,,,,1 Pc,60,60,,,,,,60,,
,,Chicken Lolipop Half,,,,1 Pc,155,155,,,,,,155,,
,,Chicken fried rice,,,,1 Pc,150,150,,,,,,150,,
,,Chicken crispy,,,,1 Pc,100,100,,,,,,100,,
15/09/2024,INV-00171,Cash,,,,,,,,,,,,,0,3285
,,Water 1 lit,,,,1 Pc,20,20,,,,,,20,,
,,Double eggs Roll,,,,1 Pc,60,60,,,,,,60,,
,,Egg roll,,,,1 Pc,0,0,,,,,,0,,
,,Paneer Schezwan Rice Half,,,,1 Pc,90,90,,,,,,90,,
,,Water 1 lit,,,,1 Pc,20,20,,,,,,20,,
,,Chicken double eggs Roll,,,,1 Pc,100,100,,,,,,100,,
,,Egg roll,,,,1 Pc,50,50,,,,,,50,,
,,Double eggs Roll,,,,1 Pc,60,60,,,,,,60,,
,,Paneer cheese roll,,,,1 Pc,80,80,,,,,,80,,
,,Egg noodles,,,,1 Pc,70,70,,,,,,70,,
,,Veg Burger,,,,2 Pc,50,100,,,,,,100,,
,,Double eggs Roll,,,,2 Pc,60,120,,,,,,120,,
,,Veg Burger,,,,2 Pc,50,100,,,,,,100,,
,,Chicken schezwan,,,,1 Pc,170,170,,,,,,170,,
,,Chicken Noodles Half,,,,1 Pc,80,80,,,,,,80,,
,,Water 1 lit,,,,1 Pc,20,20,,,,,,20,,
,,Double eggs Roll,,,,2 Pc,60,120,,,,,,120,,
,,Chicken Schezwan Rice,,,,1 Pc,90,90,,,,,,90,,
,,Paneer cheese roll,,,,1 Pc,80,80,,,,,,80,,
,,Chicken double eggs Roll,,,,1 Pc,100,100,,,,,,100,,
,,Water 1 lit,,,,1 Pc,20,20,,,,,,20,,
,,Double eggs Roll,,,,1 Pc,60,60,,,,,,60,,
,,Chicken fried rice,,,,1 Pc,150,150,,,,,,150,,
,,Paratha,,,,3 Pc,25,75,,,,,,75,,
,,Chicken chilli,,,,1 Pc,200,200,,,,,,200,,
,,Chicken Rice Half,,,,1 Pc,80,80,,,,,,80,,
,,Double eggs Roll,,,,1 Pc,60,60,,,,,,60,,
,,Veg Burger,,,,1 Pc,50,50,,,,,,50,,
,,Chicken fried rice,,,,1 Pc,150,150,,,,,,150,,
,,Chicken roll,,,,2 Pc,80,160,,,,,,160,,
,,Chicken Rice Half,,,,1 Pc,80,80,,,,,,80,,
,,Chicken Rice Half,,,,1 Pc,80,80,,,,,,80,,
,,Chicken burger,,,,1 Pc,60,60,,,,,,60,,
,,French fries,,,,1 Pc,55,55,,,,,,55,,
,,Chicken Rice Half,,,,1 Pc,80,80,,,,,,80,,
,,Egg burger,,,,3 Pc,30,90,,,,,,90,,
,,Chicken roll,,,,2 Pc,80,160,,,,,,160,,
,,Double eggs Roll,,,,1 Pc,60,60,,,,,,60,,
,,Paratha,,,,1 Pc,25,25,,,,,,25,,
,,Double eggs Roll,,,,1 Pc,60,60,,,,,,60,,
16/09/2024,INV-00172,Cash,,,,,,,,,,,,,0,3560
,,Chicken combi roll,,,,1 Pc,100,100,,,,,,100,,
,,Chicken Noodles Half,,,,2 Pc,80,160,,,,,,160,,
,,Chicken egg roll single,,,,2 Pc,90,180,,,,,,180,,
,,Veg noodles Half,,,,1 Pc,60,60,,,,,,60,,
,,Chicken Noodles Half,,,,1 Pc,80,80,,,,,,80,,
,,Chicken roll,,,,3 Pc,80,240,,,,,,240,,
,,French fries,,,,1 Pc,55,55,,,,,,55,,
,,Chicken Schezwan Rice,,,,1 Pc,90,90,,,,,,90,,
,,Chicken Noodles Half,,,,1 Pc,80,80,,,,,,80,,
,,Veg cheese burger,,,,1 Pc,65,65,,,,,,65,,
,,Veg Burger,,,,1 Pc,50,50,,,,,,50,,
,,Veg noodles Half,,,,1 Pc,60,60,,,,,,60,,
,,Chicken noodles,,,,1 Pc,150,150,,,,,,150,,
,,Chicken noodles,,,,1 Pc,150,150,,,,,,150,,
,,Chicken roll,,,,1 Pc,80,80,,,,,,80,,
,,Paratha,,,,3 Pc,25,75,,,,,,75,,
,,Chicken Schezwan Rice,,,,1 Pc,90,90,,,,,,90,,
,,Chicken Boneless Half,,,,1 Pc,85,85,,,,,,85,,
,,Chicken Rice Half,,,,1 Pc,80,80,,,,,,80,,
,,Veg Noodles,,,,1 Pc,110,110,,,,,,110,,
,,Veg Manchurian Half,,,,1 Pc,75,75,,,,,,75,,
,,Chicken Lolipop Half,,,,1 Pc,155,155,,,,,,155,,
,,Chicken roll,,,,6 Pc,80,480,,,,,,480,,
,,Chicken burger,,,,2 Pc,60,120,,,,,,120,,
,,Chicken Rice Half,,,,4 Pc,80,320,,,,,,320,,
,,Water 1 lit,,,,1 Pc,20,20,,,,,,20,,
,,Chicken roll,,,,1 Pc,80,80,,,,,,80,,
,,Chicken cheese burger,,,,2 Pc,75,150,,,,,,150,,
,,Double eggs Roll,,,,2 Pc,60,120,,,,,,120,,
17/09/2024,INV-00173,Cash,,,,,,,,,,,,,0,3863
,,Veg Burger,,,,1 Pc,50,50,,,,,,50,,
,,French fries,,,,3 Pc,55,165,,,,,,165,,
,,Chicken crispy,,,,1 Pc,100,100,,,,,,100,,
,,Chicken noodles,,,,1 Pc,150,150,,,,,,150,,
,,Chicken Noodles Half,,,,1 Pc,80,80,,,,,,80,,
,,Chicken Rice Half,,,,1 Pc,80,80,,,,,,80,,
,,Water 1 lit,,,,1 Pc,20,20,,,,,,20,,
,,Paneer noodles,,,,1 Pc,150,150,,,,,,150,,
,,Chicken Rice Half,,,,1 Pc,80,80,,,,,,80,,
,,Chicken noodles,,,,1 Pc,150,150,,,,,,150,,
,,Chicken crispy,,,,1 Pc,100,100,,,,,,100,,
,,French fries,,,,1 Pc,55,55,,,,,,55,,
,,Chicken Schezwan Rice,,,,2 Pc,90,180,,,,,,180,,
,,Veg fried rice,,,,1 Pc,110,110,,,,,,110,,
,,Paratha,,,,2 Pc,25,50,,,,,,50,,
,,Paneer chilli,,,,1 Pc,180,180,,,,,,180,,
,,Chicken Lolipop Half,,,,1 Pc,155,155,,,,,,155,,
,,Veg noodles Half,,,,2 Pc,60,120,,,,,,120,,
,,Water 1 lit,,,,1 Pc,20,20,,,,,,20,,
,,Chiken boneless,,,,1 Pc,150,150,,,,,,150,,
,,Veg Manchurian,,,,1 Pc,129,129,,,,,,129,,
,,Veg noodles Half,,,,1 Pc,60,60,,,,,,60,,
,,Chicken roll,,,,1 Pc,80,80,,,,,,80,,
,,Chicken noodles,,,,1 Pc,150,150,,,,,,150,,
,,Veg noodles Half,,,,1 Pc,60,60,,,,,,60,,
,,Egg roll,,,,1 Pc,50,50,,,,,,50,,
,,Veg Noodles,,,,1 Pc,110,110,,,,,,110,,
,,Veg Manchurian,,,,1 Pc,129,129,,,,,,129,,
,,Chilli Half,,,,1 Pc,110,110,,,,,,110,,
,,Chicken crispy,,,,1 Pc,100,100,,,,,,100,,
,,Chicken roll,,,,1 Pc,80,80,,,,,,80,,
,,Chicken Noodles Half,,,,1 Pc,80,80,,,,,,80,,
,,Chicken double eggs Roll,,,,1 Pc,100,100,,,,,,100,,
,,Chicken Rice Half,,,,1 Pc,80,80,,,,,,80,,
,,Chiken boneless,,,,1 Pc,150,150,,,,,,150,,
,,French fries,,,,1 Pc,55,55,,,,,,55,,
,,Chicken cheese burger,,,,1 Pc,75,75,,,,,,75,,
,,Double eggs Roll,,,,2 Pc,60,120,,,,,,120,,
18/09/2024,INV-00174,Cash,,,,,,,,,,,,,0,3005
,,Veg noodles Half,,,,1 Pc,60,60,,,,,,60,,
,,Soup,,,,1 Pc,90,90,,,,,,90,,
,,Paneer Manchurian,,,,1 Pc,90,90,,,,,,90,,
,,Veg Schezwan Rice,,,,1 Pc,130,130,,,,,,130,,
,,Veg roll,,,,3 Pc,45,135,,,,,,135,,
,,Chicken burger,,,,4 Pc,60,240,,,,,,240,,
,,Veg Schezwan Noodles Half,,,,1 Pc,70,70,,,,,,70,,
,,Chicken crispy,,,,1 Pc,100,100,,,,,,100,,
,,Paratha,,,,2 Pc,25,50,,,,,,50,,
,,Chicken Noodles Half,,,,1 Pc,80,80,,,,,,80,,
,,French fries,,,,1 Pc,55,55,,,,,,55,,
,,Chicken chilli,,,,1 Pc,200,200,,,,,,200,,
,,Egg roll,,,,3 Pc,50,150,,,,,,150,,
,,Veg Schezwan Noodles Half,,,,1 Pc,70,70,,,,,,70,,
,,Egg roll,,,,3 Pc,50,150,,,,,,150,,
,,Chicken cheese roll,,,,1 Pc,90,90,,,,,,90,,
,,Paneer cheese roll,,,,1 Pc,80,80,,,,,,80,,
,,Veg roll,,,,1 Pc,45,45,,,,,,45,,
,,Double eggs Roll,,,,2 Pc,60,120,,,,,,120,,
,,Chicken noodles,,,,1 Pc,150,150,,,,,,150,,
,,Paneer chilli,,,,1 Pc,180,180,,,,,,180,,
,,Paneer Rice Half,,,,1 Pc,80,80,,,,,,80,,
,,Chicken Boneless Half,,,,1 Pc,85,85,,,,,,85,,
,,Chicken crispy,,,,2 Pc,100,200,,,,,,200,,
,,Chicken fried rice,,,,1 Pc,150,150,,,,,,150,,
,,Chicken Lolipop Half,,,,1 Pc,155,155,,,,,,155,,
19/09/2024,INV-00175,Cash,,,,,,,,,,,,,0,3750
,,Egg roll,,,,1 Pc,50,50,,,,,,50,,
,,Veg roll,,,,1 Pc,45,45,,,,,,45,,
,,Double eggs Roll,,,,1 Pc,60,60,,,,,,60,,
,,Chicken Noodles Half,,,,1 Pc,80,80,,,,,,80,,
,,Chicken noodles,,,,2 Pc,150,300,,,,,,300,,
,,Veg Schezwan Full,,,,1 Pc,130,130,,,,,,130,,
,,Chicken Rice Half,,,,1 Pc,80,80,,,,,,80,,
,,Chicken Boneless Half,,,,1 Pc,85,85,,,,,,85,,
,,Chicken crispy,,,,2 Pc,100,200,,,,,,200,,
,,Double eggs Roll,,,,1 Pc,60,60,,,,,,60,,
,,Egg roll,,,,1 Pc,50,50,,,,,,50,,
,,Paneer chilli Half,,,,1 Pc,100,100,,,,,,100,,
,,Paneer chilli,,,,1 Pc,180,180,,,,,,180,,
,,Chicken Lolipop Half,,,,1 Pc,155,155,,,,,,155,,
,,Paratha,,,,2 Pc,25,50,,,,,,50,,
,,Chicken Rice Half,,,,1 Pc,80,80,,,,,,80,,
,,Chicken combi roll,,,,1 Pc,100,100,,,,,,100,,
,,Chicken Noodles Half,,,,1 Pc,80,80,,,,,,80,,
,,Veg Schezwan Full,,,,1 Pc,130,130,,,,,,130,,
,,Chicken chilli,,,,1 Pc,200,200,,,,,,200,,
,,Chicken Noodles Half,,,,1 Pc,80,80,,,,,,80,,
,,Egg roll,,,,1 Pc,50,50,,,,,,50,,
,,Chiken boneless,,,,1 Pc,150,150,,,,,,150,,
,,Paratha,,,,2 Pc,25,50,,,,,,50,,
,,Soup,,,,1 Pc,90,90,,,,,,90,,
,,Veg Burger,,,,1 Pc,50,50,,,,,,50,,
,,Veg Double cheese Burger,,,,1 Pc,75,75,,,,,,75,,
,,Chicken Rice Half,,,,2 Pc,80,160,,,,,,160,,
,,Water 1 lit,,,,1 Pc,20,20,,,,,,20,,
,,Chicken crispy,,,,1 Pc,100,100,,,,,,100,,
,,Egg roll,,,,3 Pc,50,150,,,,,,150,,
,,Chicken cheese roll,,,,2 Pc,90,180,,,,,,180,,
,,Chicken chilli,,,,1 Pc,200,200,,,,,,200,,
,,Paneer chilli,,,,1 Pc,180,180,,,,,,180,,
20/09/2024,INV-00176,Cash,,,,,,,,,,,,,0,3415
,,Chicken Lolipop Half,,,,1 Pc,155,155,,,,,,155,,
,,Double eggs Roll,,,,1 Pc,60,60,,,,,,60,,
,,Chicken roll,,,,1 Pc,80,80,,,,,,80,,
,,Double eggs Roll,,,,1 Pc,60,60,,,,,,60,,
,,Chicken fried rice,,,,2 Pc,150,300,,,,,,300,,
,,Water 1 lit,,,,1 Pc,20,20,,,,,,20,,
,,Chicken noodles,,,,1 Pc,150,150,,,,,,150,,
,,Chicken Lolipop Half,,,,1 Pc,155,155,,,,,,155,,
,,Paratha,,,,2 Pc,25,50,,,,,,50,,
,,Chicken roll,,,,2 Pc,80,160,,,,,,160,,
,,Veg Noodles,,,,2 Pc,110,220,,,,,,220,,
,,Veg Manchurian,,,,1 Pc,130,130,,,,,,130,,
,,Egg roll,,,,1 Pc,50,50,,,,,,50,,
,,Chicken combi roll,,,,1 Pc,100,100,,,,,,100,,
,,Chicken cheese burger,,,,2 Pc,75,150,,,,,,150,,
,,Chicken cheese roll,,,,1 Pc,90,90,,,,,,90,,
,,Veg cheese burger,,,,1 Pc,65,65,,,,,,65,,
,,Veg Burger,,,,1 Pc,50,50,,,,,,50,,
,,Chicken burger,,,,3 Pc,60,180,,,,,,180,,
,,Veg roll,,,,1 Pc,65,65,,,,,,65,,
,,Chicken Rice Half,,,,2 Pc,80,160,,,,,,160,,
,,Chicken lolipop Full,,,,1 Pc,280,280,,,,,,280,,
,,Chicken cheese burger,,,,1 Pc,75,75,,,,,,75,,
,,Chiken boneless,,,,1 Pc,150,150,,,,,,150,,
,,Chicken Rice Half,,,,1 Pc,80,80,,,,,,80,,
,,Egg roll,,,,2 Pc,50,100,,,,,,100,,
,,Chicken lolipop Full,,,,1 Pc,280,280,,,,,,280,,
21/09/2024,INV-00177,Cash,,,,,,,,,,,,,0,4380
,,Chicken fried rice,,,,1 Pc,150,150,,,,,,150,,
,,Veg roll,,,,2 Pc,45,90,,,,,,90,,
,,Chicken burger,,,,1 Pc,60,60,,,,,,60,,
,,Water 1 lit,,,,1 Pc,20,20,,,,,,20,,
,,Chicken roll,,,,1 Pc,80,80,,,,,,80,,
,,Paratha,,,,1 Pc,25,25,,,,,,25,,
,,Chilli Half,,,,1 Pc,110,110,,,,,,110,,
,,Chicken Schezwan Noodles Half,,,,1 Pc,90,90,,,,,,90,,
,,Chicken Boneless Half,,,,1 Pc,85,85,,,,,,85,,
,,Egg roll,,,,1 Pc,50,50,,,,,,50,,
,,Egg roll,,,,1 Pc,50,50,,,,,,50,,
,,Veg Burger,,,,1 Pc,50,50,,,,,,50,,
,,Chiken lollipop,,,,1 Pc,280,280,,,,,,280,,
,,Chiken boneless,,,,1 Pc,150,150,,,,,,150,,
,,Chicken roll,,,,1 Pc,80,80,,,,,,80,,
,,Egg roll,,,,1 Pc,50,50,,,,,,50,,
,,Egg roll,,,,1 Pc,50,50,,,,,,50,,
,,Chicken Noodles Half,,,,1 Pc,80,80,,,,,,80,,
,,Chicken Noodles Half,,,,1 Pc,80,80,,,,,,80,,
,,Chicken lolipop Full,,,,1 Pc,280,280,,,,,,280,,
,,Water 1 lit,,,,1 Pc,20,20,,,,,,20,,
,,Chicken fried rice,,,,1 Pc,150,150,,,,,,150,,
,,Chicken Lolipop Half,,,,1 Pc,155,155,,,,,,155,,
,,Chicken Double Cheese Burger,,,,2 Pc,85,170,,,,,,170,,
,,Chicken Rice Half,,,,1 Pc,80,80,,,,,,80,,
,,Chicken Boneless Half,,,,1 Pc,85,85,,,,,,85,,
,,Chicken roll,,,,1 Pc,80,80,,,,,,80,,
,,Chicken 65,,,,2 Pc,220,440,,,,,,440,,
,,Chicken Lolipop Half,,,,1 Pc,155,155,,,,,,155,,
,,French fries,,,,1 Pc,55,55,,,,,,55,,
,,Chicken cheese burger,,,,1 Pc,80,80,,,,,,80,,
,,Chicken roll,,,,1 Pc,80,80,,,,,,80,,
,,Paneer roll,,,,1 Pc,70,70,,,,,,70,,
,,Veg roll,,,,1 Pc,45,45,,,,,,45,,
,,Chicken fried rice,,,,3 Pc,150,450,,,,,,450,,
,,Chicken Lolipop Half,,,,1 Pc,155,155,,,,,,155,,
,,Chicken crispy,,,,2 Pc,100,200,,,,,,200,,
22/09/2024,INV-00178,Cash,,,,,,,,,,,,,0,3900
,,Egg burger,,,,2 Pc,30,60,,,,,,60,,
,,Double eggs Roll,,,,2 Pc,60,120,,,,,,120,,
,,Veg Burger,,,,2 Pc,50,100,,,,,,100,,
,,Egg burger,,,,2 Pc,40,80,,,,,,80,,
,,Water 1 lit,,,,1 Pc,20,20,,,,,,20,,
,,Chicken fried rice,,,,1 Pc,150,150,,,,,,150,,
,,Egg burger,,,,1 Pc,30,30,,,,,,30,,
,,Chicken cheese roll,,,,1 Pc,90,90,,,,,,90,,
,,Double eggs Roll,,,,2 Pc,60,120,,,,,,120,,
,,Water 1 lit,,,,1 Pc,20,20,,,,,,20,,
,,Chicken noodles,,,,2 Pc,150,300,,,,,,300,,
,,Veg Noodles,,,,1 Pc,110,110,,,,,,110,,
,,Chicken cheese roll,,,,1 Pc,90,90,,,,,,90,,
,,Egg Rice,,,,1 Pc,70,70,,,,,,70,,
,,Chicken Rice Half,,,,1 Pc,80,80,,,,,,80,,
,,Veg Burger,,,,4 Pc,50,200,,,,,,200,,
,,Veg roll,,,,1 Pc,45,45,,,,,,45,,
,,Veg Noodles,,,,1 Pc,110,110,,,,,,110,,
,,Chilli Half,,,,1 Pc,110,110,,,,,,110,,
,,Egg roll,,,,1 Pc,50,50,,,,,,50,,
,,Chicken roll,,,,2 Pc,80,160,,,,,,160,,
,,Chicken roll,,,,1 Pc,80,80,,,,,,80,,
,,Chicken roll,,,,1 Pc,80,80,,,,,,80,,
,,Water 1 lit,,,,1 Pc,20,20,,,,,,20,,
,,Chicken lolipop Full,,,,1 Pc,280,280,,,,,,280,,
,,Water 1 lit,,,,1 Pc,20,20,,,,,,20,,
,,Veg Manchurian Half,,,,1 Pc,75,75,,,,,,75,,
,,Paneer chilli,,,,1 Pc,180,180,,,,,,180,,
,,Chicken roll,,,,1 Pc,80,80,,,,,,80,,
,,Veg noodles Half,,,,1 Pc,60,60,,,,,,60,,
,,Double eggs Roll,,,,1 Pc,60,60,,,,,,60,,
,,Chicken cheese roll,,,,1 Pc,90,90,,,,,,90,,
,,Paratha,,,,4 Pc,25,100,,,,,,100,,
,,Chicken schezwan,,,,1 Pc,170,170,,,,,,170,,
,,Chicken chilli,,,,1 Pc,200,200,,,,,,200,,
,,French fries,,,,1 Pc,55,55,,,,,,55,,
,,Chiken boneless,,,,1 Pc,150,150,,,,,,150,,
,,Chicken Boneless Half,,,,1 Pc,85,85,,,,,,85,,
23/09/2024,INV-00179,Cash,,,,,,,,,,,,,0,3290
,,Chicken roll,,,,1 Pc,80,80,,,,,,80,,
,,Chiken Manchurian,,,,1 Pc,160,160,,,,,,160,,
,,Veg roll,,,,1 Pc,45,45,,,,,,45,,
,,Chicken Lolipop Half,,,,1 Pc,155,155,,,,,,155,,
,,Egg roll,,,,2 Pc,50,100,,,,,,100,,
,,Egg burger,,,,1 Pc,30,30,,,,,,30,,
,,Chicken roll,,,,3 Pc,80,240,,,,,,240,,
,,Chicken noodles,,,,2 Pc,150,300,,,,,,300,,
,,Chicken roll,,,,1 Pc,80,80,,,,,,80,,
,,Chicken crispy,,,,1 Pc,100,100,,,,,,100,,
,,Paratha,,,,1 Pc,25,25,,,,,,25,,
,,Chicken Double Cheese Burger,,,,2 Pc,85,170,,,,,,170,,
,,French fries,,,,1 Pc,55,55,,,,,,55,,
,,Egg burger,,,,1 Pc,30,30,,,,,,30,,
,,Egg roll,,,,1 Pc,50,50,,,,,,50,,
,,Veg cheese burger,,,,1 Pc,65,65,,,,,,65,,
,,Double eggs Roll,,,,1 Pc,60,60,,,,,,60,,
,,Chicken roll,,,,1 Pc,80,80,,,,,,80,,
,,Chicken egg roll single,,,,2 Pc,90,180,,,,,,180,,
,,Water 1 lit,,,,1 Pc,20,20,,,,,,20,,
,,Egg burger,,,,2 Pc,35,70,,,,,,70,,
,,Chicken fried rice,,,,1 Pc,150,150,,,,,,150,,
,,Chilli Half,,,,1 Pc,110,110,,,,,,110,,
,,Paneer chilli Half,,,,1 Pc,100,100,,,,,,100,,
,,Chicken Lolipop Half,,,,1 Pc,155,155,,,,,,155,,
,,Chicken roll,,,,2 Pc,80,160,,,,,,160,,
,,Chilli Half,,,,1 Pc,110,110,,,,,,110,,
,,Chicken Rice Half,,,,2 Pc,80,160,,,,,,160,,
,,Double eggs chicken roll,,,,1 Pc,100,100,,,,,,100,,
,,Chiken boneless,,,,1 Pc,150,150,,,,,,150,,
24/09/2024,INV-00180,Cash,,,,,,,,,,,,,0,2835
,,Chicken crispy,,,,1 Pc,100,100,,,,,,100,,
,,Double eggs Roll,,,,2 Pc,60,120,,,,,,120,,
,,Chicken burger,,,,1 Pc,60,60,,,,,,60,,
,,Egg roll,,,,1 Pc,50,50,,,,,,50,,
,,Double eggs Roll,,,,1 Pc,60,60,,,,,,60,,
,,Paneer Manchurian,,,,1 Pc,155,155,,,,,,155,,
,,Paneer Rice Half,,,,3 Pc,80,240,,,,,,240,,
,,Chicken lolipop Full,,,,1 Pc,280,280,,,,,,280,,
,,Veg Burger,,,,2 Pc,50,100,,,,,,100,,
,,French fries,,,,1 Pc,55,55,,,,,,55,,
,,Egg burger,,,,2 Pc,40,80,,,,,,80,,
,,Egg burger,,,,1 Pc,35,35,,,,,,35,,
,,Veg cheese burger,,,,1 Pc,65,65,,,,,,65,,
,,Chicken combi roll,,,,1 Pc,100,100,,,,,,100,,
,,Veg Burger,,,,1 Pc,50,50,,,,,,50,,
,,Veg cheese burger,,,,1 Pc,65,65,,,,,,65,,
,,Double eggs Roll,,,,1 Pc,60,60,,,,,,60,,
,,Chicken double eggs Roll,,,,3 Pc,100,300,,,,,,300,,
,,Chicken fried rice,,,,1 Pc,150,150,,,,,,150,,
,,French fries,,,,1 Pc,55,55,,,,,,55,,
,,Veg Manchurian Half,,,,1 Pc,75,75,,,,,,75,,
,,Paratha,,,,2 Pc,25,50,,,,,,50,,
,,Chicken crispy,,,,1 Pc,100,100,,,,,,100,,
,,Chicken Noodles Half,,,,1 Pc,80,80,,,,,,80,,
,,Veg Burger,,,,1 Pc,50,50,,,,,,50,,
,,Veg noodles Half,,,,1 Pc,60,60,,,,,,60,,
,,Paneer chilli,,,,1 Pc,180,180,,,,,,180,,
,,Chicken burger,,,,1 Pc,60,60,,,,,,60,,
25/09/2024,INV-00181,Cash,,,,,,,,,,,,,0,4763
,,Double eggs chicken roll,,,,1 Pc,100,100,,,,,,100,,
,,Water 1 lit,,,,1 Pc,20,20,,,,,,20,,
,,Veg Schezwan Rice Half,,,,1 Pc,70,70,,,,,,70,,
,,Chicken roll,,,,1 Pc,80,80,,,,,,80,,
,,Chicken chilli,,,,1 Pc,200,200,,,,,,200,,
,,Egg roll,,,,1 Pc,50,50,,,,,,50,,
,,Paneer cheese roll,,,,1 Pc,80,80,,,,,,80,,
,,Chilli Half,,,,4 Pc,110,440,,,,,,440,,
,,Paratha,,,,6 Pc,25,150,,,,,,150,,
,,Water 1 lit,,,,1 Pc,20,20,,,,,,20,,
,,Veg noodles Half,,,,1 Pc,60,60,,,,,,60,,
,,Egg burger,,,,2 Pc,35,70,,,,,,70,,
,,Chicken chilli,,,,1 Pc,200,200,,,,,,200,,
,,Chicken Lolipop Half,,,,1 Pc,155,155,,,,,,155,,
,,Paratha,,,,2 Pc,25,50,,,,,,50,,
,,Chicken egg roll single,,,,2 Pc,90,180,,,,,,180,,
,,Veg noodles Half,,,,1 Pc,60,60,,,,,,60,,
,,Chicken roll,,,,1 Pc,80,80,,,,,,80,,
,,Veg noodles Half,,,,1 Pc,60,60,,,,,,60,,
,,Veg roll,,,,1 Pc,60,60,,,,,,60,,
,,Paneer Schezwan Noodles Half,,,,1 Pc,90,90,,,,,,90,,
,,Double eggs Roll,,,,3 Pc,60,180,,,,,,180,,
,,Chicken lolipop Full,,,,1 Pc,280,280,,,,,,280,,
,,Chicken roll,,,,4 Pc,80,320,,,,,,320,,
,,Chicken combi roll,,,,1 Pc,100,100,,,,,,100,,
,,Chicken crispy,,,,2 Pc,100,200,,,,,,200,,
,,Chicken chilli,,,,1 Pc,150,150,,,,,,150,,
,,Egg roll,,,,1 Pc,50,50,,,,,,50,,
,,Veg Rice Half,,,1,1 Pc,60,60,,,,,,60,,
,,Paneer Rice Half,,,,1 Pc,80,80,,,,,,80,,
,,Chicken fried rice,,,,1 Pc,150,150,,,,,,150,,
,,Chicken Schezwan Half,,,,1 Pc,95,95,,,,,,95,,
,,Chicken Noodles Half,,,,1 Pc,73,73,,,,,,73,,
,,Chicken roll,,,,2 Pc,80,160,,,,,,160,,
,,Chicken roll,,,,2 Pc,80,160,,,,,,160,,
,,Chicken fried rice,,,,1 Pc,150,150,,,,,,150,,
,,Chicken lolipop Full,,,,1 Pc,280,280,,,,,,280,,
26/09/2024,INV-00182,Cash,,,,,,,,,,,,,0,4010
,,Chicken crispy,,,,1 Pc,100,100,,,,,,100,,
,,Egg roll,,,,2 Pc,50,100,,,,,,100,,
,,Paneer roll,,,,4 Pc,70,280,,,,,,280,,
,,Chicken burger,,,,7 Pc,60,420,,,,,,420,,
,,Chicken cheese roll,,,,2 Pc,90,180,,,,,,180,,
,,Chicken fried rice,,,,1 Pc,150,150,,,,,,150,,
,,Chiken boneless,,,,1 Pc,150,150,,,,,,150,,
,,French fries,,,,1 Pc,55,55,,,,,,55,,
,,Paneer roll,,,,1 Pc,70,70,,,,,,70,,
,,Chicken roll,,,,2 Pc,80,160,,,,,,160,,
,,Veg Burger,,,,1 Pc,50,50,,,,,,50,,
,,Chicken crispy,,,,1 Pc,100,100,,,,,,100,,
,,Veg Noodles,,,,1 Pc,110,110,,,,,,110,,
,,French fries,,,,1 Pc,55,55,,,,,,55,,
,,Veg Burger,,,,1 Pc,50,50,,,,,,50,,
,,Chicken Schezwan Rice,,,,2 Pc,90,180,,,,,,180,,
,,Chicken Rice Half,,,,1 Pc,80,80,,,,,,80,,
,,Soup,,,,1 Pc,60,60,,,,,,60,,
,,Egg burger,,,,1 Pc,50,50,,,,,,50,,
,,Chicken roll,,,,2 Pc,80,160,,,,,,160,,
,,Egg roll,,,,1 Pc,50,50,,,,,,50,,
,,Chicken fried rice,,,,1 Pc,150,150,,,,,,150,,
,,Chicken Rice Half,,,,1 Pc,80,80,,,,,,80,,
,,Chicken Noodles Half,,,,2 Pc,80,160,,,,,,160,,
,,Chicken Noodles Half,,,,1 Pc,80,80,,,,,,80,,
,,Veg roll,,,,3 Pc,50,150,,,,,,150,,
,,Chicken Noodles Half,,,,1 Pc,80,80,,,,,,80,,
,,Chicken roll,,,,1 Pc,80,80,,,,,,80,,
,,French fries,,,,1 Pc,55,55,,,,,,55,,
,,Double eggs chicken roll,,,,1 Pc,100,100,,,,,,100,,
,,Egg burger,,,,1 Pc,35,35,,,,,,35,,
,,Chicken crispy,,,,1 Pc,160,160,,,,,,160,,
,,Paneer cheese roll,,,,2 Pc,80,160,,,,,,160,,
,,Veg Noodles,,,,1 Pc,110,110,,,,,,110,,
27/09/2024,INV-00183,Cash,,,,,,,,,,,,,0,4724
,,Chicken crispy,,,,1 Pc,100,100,,,,,,100,,
,,French fries,,,,1 Pc,55,55,,,,,,55,,
,,Chicken roll,,,,2 Pc,80,160,,,,,,160,,
,,Chicken roll,,,,2 Pc,80,160,,,,,,160,,
,,Egg roll,,,,1 Pc,50,50,,,,,,50,,
,,Chiken boneless,,,,1.5 Pc,150,225,,,,,,225,,
,,Chicken roll,,,,1 Pc,80,80,,,,,,80,,
,,Chiken boneless,,,,1 Pc,150,150,,,,,,150,,
,,Chicken fried rice,,,,1 Pc,150,150,,,,,,150,,
,,Chicken Noodles Half,,,,1 Pc,80,80,,,,,,80,,
,,Soup,,,,2 Pc,100,200,,,,,,200,,
,,Chicken crispy,,,,1 Pc,160,160,,,,,,160,,
,,Chicken chilli,,,,1 Pc,200,200,,,,,,200,,
,,Paratha,,,,5 Pc,25,125,,,,,,125,,
,,Chicken combi roll,,,,1 Pc,100,100,,,,,,100,,
,,Egg roll,,,,1 Pc,50,50,,,,,,50,,
,,Chicken Boneless Half,,,,1 Pc,85,85,,,,,,85,,
,,Chicken Rice Half,,,,1 Pc,80,80,,,,,,80,,
,,Double eggs Roll,,,,3 Pc,60,180,,,,,,180,,
,,Chicken burger,,,,2 Pc,60,120,,,,,,120,,
,,Paneer chilli Half,,,,1 Pc,100,100,,,,,,100,,
,,Veg noodles Half,,,,1 Pc,60,60,,,,,,60,,
,,Soup,,,,1 Pc,60,60,,,,,,60,,
,,Egg roll,,,,1 Pc,50,50,,,,,,50,,
,,Soup,,,,1 Pc,100,100,,,,,,100,,
,,Paneer chilli,,,,2 Pc,180,360,,,,,,360,,
,,Chiken boneless,,,,2 Pc,150,300,,,,,,300,,
,,Paratha,,,,2 Pc,25,50,,,,,,50,,
,,Veg Manchurian,,,,1 Pc,129,129,,,,,,129,,
,,Chicken Lolipop Half,,,,1 Pc,155,155,,,,,,155,,
,,Chicken Boneless Half,,,,1 Pc,85,85,,,,,,85,,
,,Chicken burger,,,,2 Pc,60,120,,,,,,120,,
,,Chicken crispy,,,,1 Pc,100,100,,,,,,100,,
,,Chicken Noodles Half,,,,1 Pc,80,80,,,,,,80,,
,,Chicken crispy,,,,1 Pc,100,100,,,,,,100,,
,,Chicken Noodles Half,,,,1 Pc,80,80,,,,,,80,,
,,Chicken Boneless Half,,,,1 Pc,85,85,,,,,,85,,
,,Veg Burger,,,,2 Pc,50,100,,,,,,100,,
,,Chicken crispy,,,,1 Pc,100,100,,,,,,100,,
28/09/2024,INV-00184,Cash,,,,,,,,,,,,,0,4795
,,Chicken Noodles Half,,,,1 Pc,80,80,,,,,,80,,
,,Chilli Half,,,,1 Pc,110,110,,,,,,110,,
,,Egg burger,,,,1 Pc,30,30,,,,,,30,,
,,Double eggs Roll,,,,1 Pc,60,60,,,,,,60,,
,,Chicken cheese burger,,,,2 Pc,75,150,,,,,,150,,
,,Veg noodles Half,,,,2 Pc,60,120,,,,,,120,,
,,Egg burger,,,,2 Pc,50,100,,,,,,100,,
,,Veg Manchurian Half,,,,1 Pc,75,75,,,,,,75,,
,,Veg noodles Half,,,,2 Pc,60,120,,,,,,120,,
,,Water 1 lit,,,,1 Pc,20,20,,,,,,20,,
,,Veg noodles Half,,,,1 Pc,60,60,,,,,,60,,
,,Chicken Rice Half,,,,2 Pc,80,160,,,,,,160,,
,,French fries,,,,1 Pc,55,55,,,,,,55,,
,,Chilli Half,,,,1 Pc,110,110,,,,,,110,,
,,Veg noodles Half,,,,1 Pc,60,60,,,,,,60,,
,,Chicken burger,,,,2 Pc,60,120,,,,,,120,,
,,Chicken Rice Half,,,,1 Pc,80,80,,,,,,80,,
,,Chicken Noodles Half,,,,2 Pc,80,160,,,,,,160,,
,,Egg burger,,,,3 Pc,30,90,,,,,,90,,
,,Chicken cheese roll,,,,2 Pc,90,180,,,,,,180,,
,,Chicken crispy,,,,1 Pc,100,100,,,,,,100,,
,,Chicken combi roll,,,,1 Pc,100,100,,,,,,100,,
,,Chilli Half,,,,1 Pc,110,110,,,,,,110,,
,,Paratha,,,,3 Pc,25,75,,,,,,75,,
,,Veg noodles Half,,,,1 Pc,60,60,,,,,,60,,
,,Chicken 65,,,,1 Pc,220,220,,,,,,220,,
,,Chicken Lolipop Half,,,,1 Pc,155,155,,,,,,155,,
,,Water 1 lit,,,,1 Pc,20,20,,,,,,20,,
,,Chicken double eggs Roll,,,,3 Pc,100,300,,,,,,300,,
,,Chicken burger,,,,3 Pc,60,180,,,,,,180,,
,,Chicken roll,,,,2 Pc,80,160,,,,,,160,,
,,Chicken Schezwan Noodles full,,,,1 Pc,170,170,,,,,,170,,
,,Chicken noodles,,,,1 Pc,150,150,,,,,,150,,
,,Chicken chilli,,,,1 Pc,200,200,,,,,,200,,
,,Chicken roll,,,,2 Pc,80,160,,,,,,160,,
,,Chicken Lolipop Half,,,,1 Pc,155,155,,,,,,155,,
,,Paneer 65,,,,1 Pc,100,100,,,,,,100,,
,,Chicken fried rice,,,,1 Pc,150,150,,,,,,150,,
,,Chilli Half,,,,1 Pc,110,110,,,,,,110,,
,,Chicken cheese roll,,,,2 Pc,90,180,,,,,,180,,
29/09/2024,INV-00185,Cash,,,,,,,,,,,,,0,5345
,,Chicken burger,,,,2 Pc,60,120,,,,,,120,,
,,Chicken burger,,,,4 Pc,60,240,,,,,,240,,
,,Veg Noodles,,,,2 Pc,110,220,,,,,,220,,
,,Egg noodles,,,,1 Pc,130,130,,,,,,130,,
,,Egg roll,,,,2 Pc,50,100,,,,,,100,,
,,French fries,,,,2 Pc,55,110,,,,,,110,,
,,Water 1 lit,,,,2 Pc,20,40,,,,,,40,,
,,Chicken Boneless Half,,,,1 Pc,85,85,,,,,,85,,
,,Chicken Rice Half,,,,1 Pc,80,80,,,,,,80,,
,,Chicken burger,,,,1 Pc,60,60,,,,,,60,,
,,Veg Schezwan Noodles Half,,,,1 Pc,70,70,,,,,,70,,
,,Veg Double cheese Burger,,,,2 Pc,75,150,,,,,,150,,
,,Chicken Rice Half,,,,1 Pc,80,80,,,,,,80,,
,,Chicken 65,,,,1 Pc,220,220,,,,,,220,,
,,Water 1 lit,,,,1 Pc,20,20,,,,,,20,,
,,Chicken egg roll single,,,,2 Pc,90,180,,,,,,180,,
,,Chicken Lolipop Half,,,,1 Pc,155,155,,,,,,155,,
,,Chicken Rice Half,,,,1 Pc,80,80,,,,,,80,,
,,Chicken Lolipop Half,,,,1 Pc,155,155,,,,,,155,,
,,Chicken egg roll single,,,,2 Pc,90,180,,,,,,180,,
,,Paratha,,,,2 Pc,25,50,,,,,,50,,
,,Paneer chilli Half,,,,1 Pc,100,100,,,,,,100,,
,,Paneer chilli Half,,,,1 Pc,100,100,,,,,,100,,
,,Chicken noodles,,,,1 Pc,150,150,,,,,,150,,
,,Water 1 lit,,,,1 Pc,20,20,,,,,,20,,
,,Chicken combi roll,,,,3 Pc,100,300,,,,,,300,,
,,Chicken roll,,,,2 Pc,80,160,,,,,,160,,
,,Chicken roll,,,,3 Pc,80,240,,,,,,240,,
,,Chicken 65,,,,1 Pc,120,120,,,,,,120,,
,,Chicken lolipop Full,,,,1 Pc,280,280,,,,,,280,,
,,Veg roll,,,,1 Pc,45,45,,,,,,45,,
,,Veg roll,,,,2 Pc,45,90,,,,,,90,,
,,Paneer Schezwan Roll,,,,2 Pc,80,160,,,,,,160,,
,,Veg fried rice,,,,1 Pc,110,110,,,,,,110,,
,,Chicken Lolipop Half,,,,1 Pc,155,155,,,,,,155,,
,,Chiken boneless,,,,1 Pc,150,150,,,,,,150,,
,,French fries,,,,1 Pc,55,55,,,,,,55,,
,,Chicken Rice Half,,,,1 Pc,80,80,,,,,,80,,
,,Chicken Lolipop Half,,,,1 Pc,155,155,,,,,,155,,
,,Chilli Half,,,,1 Pc,110,110,,,,,,110,,
,,Chicken Rice Half,,,,1 Pc,80,80,,,,,,80,,
,,Chicken roll,,,,2 Pc,80,160,,,,,,160,,
30/09/2024,INV-00186,Cash,,,,,,,,,,,,,0,2965
,,Paneer roll,,,,2 Pc,70,140,,,,,,140,,
,,Chicken Schezwan Noodles Half,,,,1 Pc,90,90,,,,,,90,,
,,Egg burger,,,,1 Pc,30,30,,,,,,30,,
,,Paneer noodles,,,,2 Pc,150,300,,,,,,300,,
,,Chicken burger,,,,4 Pc,60,240,,,,,,240,,
,,Chicken Rice Half,,,,1 Pc,80,80,,,,,,80,,
,,Chicken Boneless Half,,,,1 Pc,85,85,,,,,,85,,
,,Egg roll,,,,3 Pc,50,150,,,,,,150,,
,,French fries,,,,1 Pc,55,55,,,,,,55,,
,,Veg Burger,,,,1 Pc,50,50,,,,,,50,,
,,Double eggs Roll,,,,1 Pc,60,60,,,,,,60,,
,,Veg roll,,,,1 Pc,45,45,,,,,,45,,
,,Chicken egg roll single,,,,1 Pc,90,90,,,,,,90,,
,,Veg noodles Half,,,,1 Pc,60,60,,,,,,60,,
,,Chicken Manchurian Half,,,,1 Pc,90,90,,,,,,90,,
,,Double eggs Roll,,,,2 Pc,60,120,,,,,,120,,
,,Chiken boneless,,,,2 Pc,150,300,,,,,,300,,
,,Paratha,,,,8 Pc,25,200,,,,,,200,,
,,Chicken lolipop Full,,,,1 Pc,280,280,,,,,,280,,
,,Chicken fried rice,,,,1 Pc,150,150,,,,,,150,,
,,Chicken fried rice,,,,2 Pc,150,300,,,,,,300,,
,,Paratha,,,,2 Pc,25,50,,,,,,50,,
01/10/2024,INV-00187,Cash,,,,,,,,,,,,,0,3829
,,Chicken Noodles Half,,,,1 Pc,80,80,,,,,,80,,
,,Veg Noodles,,,,1 Pc,110,110,,,,,,110,,
,,Double eggs Roll,,,,1 Pc,60,60,,,,,,60,,
,,Egg noodles,,,,1 Pc,70,70,,,,,,70,,
,,Water 1 lit,,,,1 Pc,20,20,,,,,,20,,
,,Chicken burger,,,,1 Pc,60,60,,,,,,60,,
,,Chicken crispy,,,,1 Pc,100,100,,,,,,100,,
,,Veg noodles Half,,,,1 Pc,60,60,,,,,,60,,
,,Chicken combi roll,,,,1 Pc,100,100,,,,,,100,,
,,Egg burger,,,,2 Pc,30,60,,,,,,60,,
,,Chicken roll,,,,4 Pc,80,320,,,,,,320,,
,,Veg cheese burger,,,,1 Pc,65,65,,,,,,65,,
,,Paratha,,,,3 Pc,25,75,,,,,,75,,
,,Chicken Boneless Half,,,,1 Pc,85,85,,,,,,85,,
,,Chicken burger,,,,1 Pc,60,60,,,,,,60,,
,,Veg Manchurian,,,,1 Pc,129,129,,,,,,129,,
,,Chicken roll,,,,1 Pc,80,80,,,,,,80,,
,,Chicken Rice Half,,,,1 Pc,80,80,,,,,,80,,
,,Chicken 65,,,,1 Pc,220,220,,,,,,220,,
,,Egg roll,,,,2 Pc,50,100,,,,,,100,,
,,Chicken cheese roll,,,,4 Pc,90,360,,,,,,360,,
,,Egg burger,,,,2 Pc,35,70,,,,,,70,,
,,Paneer chilli,,,,1 Pc,180,180,,,,,,180,,
,,Chicken burger,,,,1 Pc,60,60,,,,,,60,,
,,Chicken burger,,,,2 Pc,60,120,,,,,,120,,
,,Paneer Rice Half,,,,1 Pc,80,80,,,,,,80,,
,,Chicken chilli,,,,1 Pc,200,200,,,,,,200,,
,,Veg fried rice,,,,1 Pc,110,110,,,,,,110,,
,,Paratha,,,,2 Pc,25,50,,,,,,50,,
,,Chicken roll,,,,2 Pc,80,160,,,,,,160,,
,,Chicken fried rice,,,,1.5 Pc,150,225,,,,,,225,,
,,Chicken lolipop Full,,,,1 Pc,280,280,,,,,,280,,
02/10/2024,INV-00188,Cash,,,,,,,,,,,,,0,5150
,,Chicken roll,,,,1 Pc,80,80,,,,,,80,,
,,Paneer cheese roll,,,,1 Pc,80,80,,,,,,80,,
,,Paneer roll,,,,1 Pc,70,70,,,,,,70,,
,,Chiken boneless,,,,1 Pc,150,150,,,,,,150,,
,,Paratha,,,,2 Pc,25,50,,,,,,50,,
,,French fries,,,,1 Pc,55,55,,,,,,55,,
,,Paneer chilli,,,,1 Pc,180,180,,,,,,180,,
,,Double eggs Roll,,,,1 Pc,60,60,,,,,,60,,
,,French fries,,,,1 Pc,55,55,,,,,,55,,
,,Chicken Lolipop Half,,,,1 Pc,155,155,,,,,,155,,
,,Chicken egg roll single,,,,1 Pc,90,90,,,,,,90,,
,,Chicken burger,,,,2 Pc,60,120,,,,,,120,,
,,Chicken cheese burger,,,,2 Pc,75,150,,,,,,150,,
,,Chicken 65,,,,1 Pc,220,220,,,,,,220,,
,,Chicken Rice Half,,,,1 Pc,80,80,,,,,,80,,
,,Water 1 lit,,,,1 Pc,20,20,,,,,,20,,
,,Chicken roll,,,,1 Pc,80,80,,,,,,80,,
,,Chicken Noodles Half,,,,1 Pc,80,80,,,,,,80,,
,,Veg cheese burger,,,,1 Pc,65,65,,,,,,65,,
,,French fries,,,,1 Pc,55,55,,,,,,55,,
,,Chicken fried rice,,,,1 Pc,150,150,,,,,,150,,
,,Chicken Rice Half,,,,1 Pc,80,80,,,,,,80,,
,,Chicken noodles,,,,2 Pc,150,300,,,,,,300,,
,,Chicken Boneless Half,,,,1 Pc,85,85,,,,,,85,,
,,Chicken Lolipop Half,,,,1 Pc,155,155,,,,,,155,,
,,Paratha,,,,2 Pc,25,50,,,,,,50,,
,,Chicken combi roll,,,,1 Pc,100,100,,,,,,100,,
,,Chicken combi roll,,,,3 Pc,100,300,,,,,,300,,
,,Chicken roll,,,,2 Pc,80,160,,,,,,160,,
,,Chicken Noodles Half,,,,1 Pc,80,80,,,,,,80,,
,,Egg burger,,,,1 Pc,30,30,,,,,,30,,
,,Chicken roll,,,,1 Pc,80,80,,,,,,80,,
,,Chicken double eggs Roll,,,,1 Pc,100,100,,,,,,100,,
,,Veg Burger,,,,5 Pc,50,250,,,,,,250,,
,,Chicken double eggs Roll,,,,1 Pc,100,100,,,,,,100,,
,,Veg roll,,,,3 Pc,45,135,,,,,,135,,
,,Chicken schezwan,,,,1 Pc,170,170,,,,,,170,,
,,Chicken Noodles Half,,,,1 Pc,80,80,,,,,,80,,
,,Chicken Rice Half,,,,1 Pc,80,80,,,,,,80,,
,,Chicken fried rice,,,,1 Pc,150,150,,,,,,150,,
,,Chicken lolipop Full,,,,1 Pc,280,280,,,,,,280,,
,,Chicken Rice Half,,,,2 Pc,80,160,,,,,,160,,
,,Chicken roll,,,,1 Pc,80,80,,,,,,80,,
,,Chicken combi roll,,,,1 Pc,100,100,,,,,,100,,
03/10/2024,INV-00189,Cash,,,,,,,,,,,,,0,2035
,,Chicken burger,,,,2 Pc,60,120,,,,,,120,,
,,Paneer roll,,,,1 Pc,70,70,,,,,,70,,
,,Chicken Rice Half,,,,1 Pc,80,80,,,,,,80,,
,,Egg burger,,,,2 Pc,35,70,,,,,,70,,
,,Chicken crispy,,,,1 Pc,100,100,,,,,,100,,
,,Chicken noodles,,,,1 Pc,150,150,,,,,,150,,
,,Paratha,,,,3 Pc,25,75,,,,,,75,,
,,Veg roll,,,,1 Pc,45,45,,,,,,45,,
,,Double eggs Roll,,,,1 Pc,60,60,,,,,,60,,
,,Chicken cheese burger,,,,1 Pc,75,75,,,,,,75,,
,,Chicken Noodles Half,,,,1 Pc,80,80,,,,,,80,,
,,Double eggs Roll,,,,2 Pc,60,120,,,,,,120,,
,,Chicken roll,,,,2 Pc,80,160,,,,,,160,,
,,Chicken crispy,,,,1 Pc,100,100,,,,,,100,,
,,Chicken fried rice,,,,1 Pc,150,150,,,,,,150,,
,,Chicken Rice Half,,,,1 Pc,80,80,,,,,,80,,
,,Chicken combi roll,,,,1 Pc,100,100,,,,,,100,,
,,Chicken roll,,,,3 Pc,80,240,,,,,,240,,
,,Chicken roll,,,,2 Pc,80,160,,,,,,160,,
04/10/2024,INV-00190,Cash,,,,,,,,,,,,,0,2585
,,Paneer roll,,,,1 Pc,90,90,,,,,,90,,
,,Chicken crispy,,,,2 Pc,100,200,,,,,,200,,
,,Egg roll,,,,1 Pc,50,50,,,,,,50,,
,,Chicken Noodles Half,,,,1 Pc,80,80,,,,,,80,,
,,Chicken roll,,,,2 Pc,80,160,,,,,,160,,
,,Veg Noodles,,,,1 Pc,110,110,,,,,,110,,
,,Chicken Noodles Half,,,,1 Pc,80,80,,,,,,80,,
,,Veg noodles Half,,,,1 Pc,60,60,,,,,,60,,
,,Veg Burger,,,,1 Pc,50,50,,,,,,50,,
,,Chicken burger,,,,2 Pc,60,120,,,,,,120,,
,,Chicken fried rice,,,,1 Pc,150,150,,,,,,150,,
,,Chicken roll,,,,2 Pc,80,160,,,,,,160,,
,,Chicken fried rice,,,,1 Pc,150,150,,,,,,150,,
,,Chicken crispy,,,,1 Pc,100,100,,,,,,100,,
,,French fries,,,,1 Pc,55,55,,,,,,55,,
,,Chicken Rice Half,,,,1 Pc,80,80,,,,,,80,,
,,Chicken Schezwan Rice,,,,1 Pc,90,90,,,,,,90,,
,,Chicken Boneless Half,,,,1 Pc,85,85,,,,,,85,,
,,Chicken Rice Half,,,,1 Pc,80,80,,,,,,80,,
,,Chicken fried rice,,,,1 Pc,150,150,,,,,,150,,
,,Egg burger,,,,1 Pc,30,30,,,,,,30,,
,,Chicken roll,,,,3 Pc,80,240,,,,,,240,,
,,Chicken roll,,,,2 Pc,80,160,,,,,,160,,
,,French fries,,,,1 Pc,55,55,,,,,,55,,
05/10/2024,INV-00191,Cash,,,,,,,,,,,,,0,760
,,Veg Burger,,,,2 Pc,50,100,,,,,,100,,
,,Chicken burger,,,,1 Pc,60,60,,,,,,60,,
,,Chicken burger,,,,2 Pc,60,120,,,,,,120,,
,,French fries,,,,1 Pc,55,55,,,,,,55,,
,,French fries,,,,1 Pc,55,55,,,,,,55,,
,,Chicken burger,,,,2 Pc,60,120,,,,,,120,,
,,French fries,,,,1 Pc,55,55,,,,,,55,,
,,Chicken cheese burger,,,,1 Pc,75,75,,,,,,75,,
,,Chicken burger,,,,2 Pc,60,120,,,,,,120,,
06/10/2024,INV-00192,Cash,,,,,,,,,,,,,0,4005
,,Chicken burger,,,,1 Pc,60,60,,,,,,60,,
,,Soup,,,,1 Pc,100,100,,,,,,100,,
,,Chicken crispy,,,,1 Pc,100,100,,,,,,100,,
,,Chicken Noodles Half,,,,1 Pc,80,80,,,,,,80,,
,,Veg roll,,,,2 Pc,45,90,,,,,,90,,
,,Chicken noodles,,,,2 Pc,150,300,,,,,,300,,
,,Veg Burger,,,,1 Pc,50,50,,,,,,50,,
,,Paneer Schezwan Noodles Full,,,,1 Pc,170,170,,,,,,170,,
,,Egg burger,,,,1 Pc,30,30,,,,,,30,,
,,Egg burger,,,,3 Pc,30,90,,,,,,90,,
,,Chicken burger,,,,2 Pc,60,120,,,,,,120,,
,,Chicken burger,,,,3 Pc,60,180,,,,,,180,,
,,Veg Burger,,,,1 Pc,50,50,,,,,,50,,
,,Chicken roll,,,,1 Pc,80,80,,,,,,80,,
,,Chicken lolipop Full,,,,1 Pc,280,280,,,,,,280,,
,,Veg Burger,,,,1 Pc,50,50,,,,,,50,,
,,French fries,,,,1 Pc,55,55,,,,,,55,,
,,Chicken roll,,,,1 Pc,80,80,,,,,,80,,
,,Veg Noodles,,,,1 Pc,110,110,,,,,,110,,
,,Water 1 lit,,,,1 Pc,20,20,,,,,,20,,
,,Chicken crispy,,,,1 Pc,100,100,,,,,,100,,
,,Chiken boneless,,,,1 Pc,150,150,,,,,,150,,
,,Water 1 lit,,,,1 Pc,20,20,,,,,,20,,
,,Paneer roll,,,,3 Pc,70,210,,,,,,210,,
,,Chicken crispy,,,,1 Pc,100,100,,,,,,100,,
,,Paratha,,,,2 Pc,25,50,,,,,,50,,
,,Chicken Rice Half,,,,3 Pc,80,240,,,,,,240,,
,,Chicken Rice Half,,,,1 Pc,80,80,,,,,,80,,
,,Chicken Noodles Half,,,,1 Pc,80,80,,,,,,80,,
,,Veg Burger,,,,2 Pc,50,100,,,,,,100,,
,,Paneer chilli,,,,1 Pc,180,180,,,,,,180,,
,,Paneer 65,,,,1 Pc,180,180,,,,,,180,,
,,Paratha,,,,6 Pc,25,150,,,,,,150,,
,,Veg fried rice,,,,1 Pc,110,110,,,,,,110,,
,,Chicken Noodles Half,,,,1 Pc,80,80,,,,,,80,,
,,Chicken roll,,,,1 Pc,80,80,,,,,,80,,
07/10/2024,INV-00193,Cash,,,,,,,,,,,,,0,2385
,,Chicken Rice Half,,,,1 Pc,80,80,,,,,,80,,
,,Chicken roll,,,,1 Pc,80,80,,,,,,80,,
,,Chicken Noodles Half,,,,1 Pc,80,80,,,,,,80,,
,,Veg Rice Half,,,1,1 Pc,60,60,,,,,,60,,
,,Chicken 65,,,,1 Pc,120,120,,,,,,120,,
,,Chicken egg roll single,,,,1 Pc,90,90,,,,,,90,,
,,Veg Burger,,,,5 Pc,50,250,,,,,,250,,
,,Chiken Schezwan,,,,1 Pc,170,170,,,,,,170,,
,,Chiken boneless,,,,1 Pc,150,150,,,,,,150,,
,,Water 1 lit,,,,1 Pc,20,20,,,,,,20,,
,,French fries,,,,1 Pc,55,55,,,,,,55,,
,,Chicken burger,,,,3 Pc,60,180,,,,,,180,,
,,Chicken lolipop Full,,,,1 Pc,280,280,,,,,,280,,
,,Chicken burger,,,,2 Pc,60,120,,,,,,120,,
,,Chicken roll,,,,2 Pc,80,160,,,,,,160,,
,,French fries,,,,1 Pc,55,55,,,,,,55,,
,,Veg Manchurian Half,,,,1 Pc,75,75,,,,,,75,,
,,Chilli Half,,,,1 Pc,110,110,,,,,,110,,
,,Chicken Noodles Half,,,,1 Pc,80,80,,,,,,80,,
,,Chicken Rice Half,,,,1 Pc,80,80,,,,,,80,,
,,Chicken Schezwan Rice,,,,1 Pc,90,90,,,,,,90,,
08/10/2024,INV-00194,Cash,,,,,,,,,,,,,0,1985
,,Veg noodles Half,,,,1 Pc,60,60,,,,,,60,,
,,French fries,,,,1 Pc,55,55,,,,,,55,,
,,Veg Burger,,,,1 Pc,50,50,,,,,,50,,
,,Paneer roll,,,,2 Pc,70,140,,,,,,140,,
,,Veg noodles Half,,,,2 Pc,60,120,,,,,,120,,
,,Veg Manchurian Half,,,,1 Pc,75,75,,,,,,75,,
,,Egg roll,,,,2 Pc,50,100,,,,,,100,,
,,Chiken boneless,,,,1 Pc,150,150,,,,,,150,,
,,Paratha,,,,4 Pc,25,100,,,,,,100,,
,,Double eggs Roll,,,,1 Pc,60,60,,,,,,60,,
,,Veg roll,,,,2 Pc,45,90,,,,,,90,,
,,Paneer roll,,,,2 Pc,70,140,,,,,,140,,
,,Veg roll,,,,3 Pc,45,135,,,,,,135,,
,,Veg noodles Half,,,,1 Pc,60,60,,,,,,60,,
,,Paneer 65,,,,1 Pc,100,100,,,,,,100,,
,,Veg roll,,,,2 Pc,45,90,,,,,,90,,
,,Veg Burger,,,,1 Pc,50,50,,,,,,50,,
,,Chicken noodles,,,,1 Pc,150,150,,,,,,150,,
,,Chicken Noodles Half,,,,1 Pc,80,80,,,,,,80,,
,,Chicken egg roll single,,,,2 Pc,90,180,,,,,,180,,
09/10/2024,INV-00195,Cash,,,,,,,,,,,,,0,4500
,,Chicken roll,,,,3 Pc,80,240,,,,,,240,,
,,Paneer roll,,,,1 Pc,70,70,,,,,,70,,
,,Chicken noodles,,,,1 Pc,150,150,,,,,,150,,
,,Chicken roll,,,,1 Pc,80,80,,,,,,80,,
,,Paneer 65,,,,1 Pc,180,180,,,,,,180,,
,,Chicken burger,,,,3 Pc,60,180,,,,,,180,,
,,Chicken roll,,,,1 Pc,80,80,,,,,,80,,
,,Chicken egg roll single,,,,1 Pc,90,90,,,,,,90,,
,,Chicken roll,,,,1 Pc,80,80,,,,,,80,,
,,Chicken cheese roll,,,,1 Pc,90,90,,,,,,90,,
,,French fries,,,,2 Pc,55,110,,,,,,110,,
,,Veg Rice Half,,,1,1 Pc,60,60,,,,,,60,,
,,Chicken 65,,,,1 Pc,120,120,,,,,,120,,
,,Chicken cheese burger,,,,2 Pc,75,150,,,,,,150,,
,,Chilli Half,,,,2 Pc,110,220,,,,,,220,,
,,Paratha,,,,4 Pc,25,100,,,,,,100,,
,,Veg Noodles,,,,1 Pc,110,110,,,,,,110,,
,,Veg noodles Half,,,,1 Pc,60,60,,,,,,60,,
,,Chicken crispy,,,,3 Pc,100,300,,,,,,300,,
,,Veg Burger,,,,1 Pc,50,50,,,,,,50,,
,,Egg burger,,,,1 Pc,40,40,,,,,,40,,
,,Chicken cheese burger,,,,1 Pc,75,75,,,,,,75,,
,,Chicken cheese burger,,,,1 Pc,75,75,,,,,,75,,
,,Soup,,,,1 Pc,50,50,,,,,,50,,
,,Veg Manchurian Rice,,,,1 Pc,150,150,,,,,,150,,
,,Veg cheese burger,,,,1 Pc,65,65,,,,,,65,,
,,Veg noodles Half,,,,2 Pc,60,120,,,,,,120,,
,,Chicken Lolipop Half,,,,1 Pc,155,155,,,,,,155,,
,,Chicken roll,,,,1 Pc,80,80,,,,,,80,,
,,Chicken Noodles Half,,,,1 Pc,80,80,,,,,,80,,
,,Chicken double eggs Roll,,,,1 Pc,100,100,,,,,,100,,
,,Veg fried rice,,,,1 Pc,110,110,,,,,,110,,
,,Double eggs Roll,,,,3 Pc,60,180,,,,,,180,,
,,Chilli Half,,,,1 Pc,110,110,,,,,,110,,
,,Veg 65,,,,2 Pc,180,360,,,,,,360,,
,,Paratha,,,,4 Pc,25,100,,,,,,100,,
,,Veg Schezwan Rice,,,,1 Pc,130,130,,,,,,130,,
10/10/2024,INV-00196,Cash,,,,,,,,,,,,,0,3844
,,Chicken lolipop Full,,,,1 Pc,280,280,,,,,,280,,
,,Chicken noodles,,,,1 Pc,150,150,,,,,,150,,
,,Chicken noodles,,,,1 Pc,150,150,,,,,,150,,
,,Chicken burger,,,,1 Pc,60,60,,,,,,60,,
,,Water 1 lit,,,,1 Pc,20,20,,,,,,20,,
,,Chicken Rice Half,,,,1 Pc,80,80,,,,,,80,,
,,Chicken cheese burger,,,,1 Pc,75,75,,,,,,75,,
,,Chicken burger,,,,2 Pc,60,120,,,,,,120,,
,,Chicken 65,,,,1 Pc,220,220,,,,,,220,,
,,Chicken noodles,,,,1 Pc,150,150,,,,,,150,,
,,Paratha,,,,3 Pc,25,75,,,,,,75,,
,,Chicken lolipop Full,,,,1 Pc,280,280,,,,,,280,,
,,Water 1 lit,,,,1 Pc,20,20,,,,,,20,,
,,Veg Burger,,,,2 Pc,50,100,,,,,,100,,
,,Chicken roll,,,,2 Pc,80,160,,,,,,160,,
,,Chicken Noodles Half,,,,1 Pc,80,80,,,,,,80,,
,,Egg roll,,,,2 Pc,50,100,,,,,,100,,
,,Veg roll,,,,2 Pc,45,90,,,,,,90,,
,,Double eggs Roll,,,,4 Pc,60,240,,,,,,240,,
,,Veg roll,,,,3 Pc,45,135,,,,,,135,,
,,Chicken noodles,,,,1 Pc,150,150,,,,,,150,,
,,Veg Manchurian,,,,1 Pc,129,129,,,,,,129,,
,,Chicken crispy,,,,2 Pc,100,200,,,,,,200,,
,,Egg roll,,,,3 Pc,50,150,,,,,,150,,
,,Chicken crispy,,,,1 Pc,100,100,,,,,,100,,
,,Chicken Boneless Half,,,,1 Pc,85,85,,,,,,85,,
,,Paratha,,,,3 Pc,25,75,,,,,,75,,
,,Chicken cheese roll,,,,1 Pc,90,90,,,,,,90,,
,,Chicken combi roll,,,,1 Pc,100,100,,,,,,100,,
,,Paneer chilli,,,,1 Pc,180,180,,,,,,180,,
11/10/2024,INV-00197,Cash,,,,,,,,,,,,,0,4215
,,Chicken fried rice,,,,1 Pc,150,150,,,,,,150,,
,,Chicken roll,,,,1 Pc,80,80,,,,,,80,,
,,Veg Burger,,,,3 Pc,50,150,,,,,,150,,
,,Egg burger,,,,7 Pc,30,210,,,,,,210,,
,,Chicken roll,,,,1 Pc,80,80,,,,,,80,,
,,Veg noodles Half,,,,2 Pc,60,120,,,,,,120,,
,,Paneer roll,,,,1 Pc,70,70,,,,,,70,,
,,Paneer Schezwan Roll,,,,1 Pc,80,80,,,,,,80,,
,,Paneer chilli,,,,1 Pc,180,180,,,,,,180,,
,,Paneer noodles,,,,1 Pc,150,150,,,,,,150,,
,,Paneer chilli,,,,5 Pc,180,900,,,,,,900,,
,,Paratha,,,,12 Pc,25,300,,,,,,300,,
,,French fries,,,,1 Pc,55,55,,,,,,55,,
,,Veg Schezwan Rice Half,,,,3 Pc,70,210,,,,,,210,,
,,Water 1 lit,,,,1 Pc,20,20,,,,,,20,,
,,Chicken Noodles Half,,,,1 Pc,80,80,,,,,,80,,
,,Chicken burger,,,,1 Pc,60,60,,,,,,60,,
,,Water 1 lit,,,,1 Pc,20,20,,,,,,20,,
,,Double eggs Roll,,,,2 Pc,60,120,,,,,,120,,
,,Double eggs Roll,,,,2 Pc,60,120,,,,,,120,,
,,Chicken burger,,,,1 Pc,60,60,,,,,,60,,
,,Chicken burger,,,,1 Pc,60,60,,,,,,60,,
,,Paneer roll,,,,1 Pc,70,70,,,,,,70,,
,,Chicken crispy,,,,1 Pc,100,100,,,,,,100,,
,,Veg 65,,,,1 Pc,80,80,,,,,,80,,
,,Veg fried rice,,,,1 Pc,110,110,,,,,,110,,
,,Veg noodles Half,,,,1 Pc,60,60,,,,,,60,,
,,Chicken egg roll single,,,,3 Pc,90,270,,,,,,270,,
,,Paratha,,,,2 Pc,25,50,,,,,,50,,
,,Soup,,,,1 Pc,60,60,,,,,,60,,
,,Chicken roll,,,,1 Pc,80,80,,,,,,80,,
,,Chicken burger,,,,1 Pc,60,60,,,,,,60,,
12/10/2024,INV-00198,Cash,,,,,,,,,,,,,0,6602
,,Veg Manchurian Half,,,,1 Pc,75,75,,,,,,75,,
,,Chicken fried rice,,,,1 Pc,150,150,,,,,,150,,
,,Water 1 lit,,,,1 Pc,20,20,,,,,,20,,
,,Veg noodles Half,,,,1 Pc,60,60,,,,,,60,,
,,Chicken fried rice,,,,2 Pc,150,300,,,,,,300,,
,,Double eggs Roll,,,,1 Pc,60,60,,,,,,60,,
,,Chicken burger,,,,2 Pc,60,120,,,,,,120,,
,,Chicken roll,,,,1 Pc,80,80,,,,,,80,,
,,Chicken Lolipop Half,,,,1 Pc,155,155,,,,,,155,,
,,Veg Rice Half,,,1,1 Pc,60,60,,,,,,60,,
,,Chicken Rice Half,,,,4 Pc,80,320,,,,,,320,,
,,Chicken chilli,,,,1 Pc,200,200,,,,,,200,,
,,Chicken Schezwan Rice,,,,1 Pc,90,90,,,,,,90,,
,,Chicken Noodles Half,,,,1 Pc,80,80,,,,,,80,,
,,Veg noodles Half,,,,1 Pc,60,60,,,,,,60,,
,,Veg Noodles,,,,2 Pc,110,220,,,,,,220,,
,,Chiken boneless,,,,1 Pc,150,150,,,,,,150,,
,,Chiken boneless,,,,1 Pc,150,150,,,,,,150,,
,,Paratha,,,,2 Pc,25,50,,,,,,50,,
,,Veg Manchurian,,,,1 Pc,129,129,,,,,,129,,
,,Chicken crispy,,,,1 Pc,100,100,,,,,,100,,
,,Chicken roll,,,,3 Pc,80,240,,,,,,240,,
,,Chiken Schezwan,,,,1 Pc,170,170,,,,,,170,,
,,Chicken fried rice,,,,1 Pc,150,150,,,,,,150,,
,,Veg fried rice,,,,1 Pc,110,110,,,,,,110,,
,,Chilli Half,,,,1 Pc,110,110,,,,,,110,,
,,Paneer chilli,,,,1.5 Pc,180,270,,,,,,270,,
,,Veg Noodles,,,,1 Pc,110,110,,,,,,110,,
,,Paneer roll,,,,2 Pc,70,140,,,,,,140,,
,,French fries,,,,1 Pc,55,55,,,,,,55,,
,,Water 1 lit,,,,1 Pc,20,20,,,,,,20,,
,,Chicken Lolipop Half,,,,1 Pc,155,155,,,,,,155,,
,,Chicken fried rice,,,,1 Pc,150,150,,,,,,150,,
,,Veg Manchurian,,,,1 Pc,129,129,,,,,,129,,
,,Chicken fried rice,,,,2 Pc,150,300,,,,,,300,,
,,Chiken Schezwan,,,,1 Pc,170,170,,,,,,170,,
,,Veg Manchurian,,,,1 Pc,129,129,,,,,,129,,
,,Chicken Rice Half,,,,3 Pc,80,240,,,,,,240,,
,,Water 1 lit,,,,1 Pc,20,20,,,,,,20,,
,,Chicken Boneless Half,,,,1 Pc,85,85,,,,,,85,,
,,Paratha,,,,3 Pc,25,75,,,,,,75,,
,,Egg burger,,,,5 Pc,30,150,,,,,,150,,
,,Chicken burger,,,,1 Pc,60,60,,,,,,60,,
,,Chicken Noodles Half,,,,2 Pc,80,160,,,,,,160,,
,,Double eggs chicken roll,,,,3 Pc,100,300,,,,,,300,,
,,Chicken Boneless Half,,,,1 Pc,85,85,,,,,,85,,
,,Paratha,,,,2 Pc,25,50,,,,,,50,,
,,Veg noodles Half,,,,1 Pc,60,60,,,,,,60,,
,,Chicken lolipop Full,,,,1 Pc,280,280,,,,,,280,,
13/10/2024,INV-00199,Cash,,,,,,,,,,,,,0,4039
,,Veg roll,,,,1 Pc,45,45,,,,,,45,,
,,Chicken Noodles Half,,,,1 Pc,80,80,,,,,,80,,
,,Veg Burger,,,,1 Pc,50,50,,,,,,50,,
,,Chicken lolipop Full,,,,1 Pc,280,280,,,,,,280,,
,,Veg Noodles,,,,1 Pc,110,110,,,,,,110,,
,,Veg noodles Half,,,,1 Pc,60,60,,,,,,60,,
,,Veg Burger,,,,5 Pc,50,250,,,,,,250,,
,,Egg roll,,,,2 Pc,50,100,,,,,,100,,
,,Veg cheese burger,,,,1 Pc,65,65,,,,,,65,,
,,Paneer Schezwan Noodles Half,,,,1 Pc,90,90,,,,,,90,,
,,Veg roll,,,,1 Pc,45,45,,,,,,45,,
,,Double eggs Roll,,,,2 Pc,60,120,,,,,,120,,
,,Paratha,,,,1 Pc,25,25,,,,,,25,,
,,Chicken Boneless Half,,,,1 Pc,85,85,,,,,,85,,
,,Soup,,,,1 Pc,60,60,,,,,,60,,
,,Double eggs Roll,,,,1 Pc,60,60,,,,,,60,,
,,Paneer 65,,,,2 Pc,180,360,,,,,,360,,
,,Paratha,,,,8 Pc,25,200,,,,,,200,,
,,Veg Schezwan Rice,,,,1 Pc,130,130,,,,,,130,,
,,Paneer roll,,,,2 Pc,70,140,,,,,,140,,
,,Paneer chilli Half,,,,1 Pc,100,100,,,,,,100,,
,,Paratha,,,,2 Pc,25,50,,,,,,50,,
,,Veg Manchurian,,,,1 Pc,129,129,,,,,,129,,
,,Paratha,,,,2 Pc,25,50,,,,,,50,,
,,Veg Burger,,,,1 Pc,50,50,,,,,,50,,
,,Chicken egg roll single,,,,3 Pc,90,270,,,,,,270,,
,,Veg Manchurian Half,,,,1 Pc,75,75,,,,,,75,,
,,Paratha,,,,2 Pc,25,50,,,,,,50,,
,,Chicken chilli,,,,1 Pc,200,200,,,,,,200,,
,,Paratha,,,,6 Pc,25,150,,,,,,150,,
,,Veg fried rice,,,,1 Pc,110,110,,,,,,110,,
,,Chicken Boneless Half,,,,1 Pc,85,85,,,,,,85,,
,,Paratha,,,,2 Pc,25,50,,,,,,50,,
,,Chicken Rice Half,,,,1 Pc,80,80,,,,,,80,,
,,Egg roll,,,,1 Pc,50,50,,,,,,50,,
,,Double eggs Roll,,,,1 Pc,60,60,,,,,,60,,
,,Paneer chilli Half,,,,1 Pc,100,100,,,,,,100,,
,,Paratha,,,,1 Pc,25,25,,,,,,25,,
14/10/2024,INV-00200,Cash,,,,,,,,,,,,,0,4440
,,Chicken Lolipop Half,,,,1 Pc,155,155,,,,,,155,,
,,Double eggs Roll,,,,1 Pc,60,60,,,,,,60,,
,,Chicken Lolipop Half,,,,1 Pc,155,155,,,,,,155,,
,,Chicken 65,,,,1 Pc,220,220,,,,,,220,,
,,Paratha,,,,3 Pc,25,75,,,,,,75,,
,,Water 1 lit,,,,1 Pc,20,20,,,,,,20,,
,,Chicken cheese burger,,,,2 Pc,75,150,,,,,,150,,
,,Chicken Rice Half,,,,1 Pc,80,80,,,,,,80,,
,,Chicken roll,,,,5 Pc,80,400,,,,,,400,,
,,Chicken crispy,,,,1 Pc,100,100,,,,,,100,,
,,Chicken roll,,,,1 Pc,80,80,,,,,,80,,
,,Chicken crispy,,,,2 Pc,100,200,,,,,,200,,
,,Chicken combi roll,,,,2 Pc,100,200,,,,,,200,,
,,Water 1 lit,,,,1 Pc,20,20,,,,,,20,,
,,Chicken chilli,,,,1 Pc,200,200,,,,,,200,,
,,Chicken noodles,,,,1 Pc,150,150,,,,,,150,,
,,Chicken Boneless Half,,,,1 Pc,85,85,,,,,,85,,
,,Chicken egg roll single,,,,1 Pc,90,90,,,,,,90,,
,,Chicken cheese roll,,,,1 Pc,90,90,,,,,,90,,
,,Egg burger,,,,2 Pc,30,60,,,,,,60,,
,,Chicken roll,,,,1 Pc,80,80,,,,,,80,,
,,Veg roll,,,,1 Pc,45,45,,,,,,45,,
,,Chicken burger,,,,2 Pc,60,120,,,,,,120,,
,,French fries,,,,1 Pc,55,55,,,,,,55,,
,,Veg noodles Half,,,,1 Pc,60,60,,,,,,60,,
,,Paratha,,,,4 Pc,25,100,,,,,,100,,
,,Chiken boneless,,,,1 Pc,125,125,,,,,,125,,
,,Chicken burger,,,,1 Pc,60,60,,,,,,60,,
,,Chiken boneless,,,,1 Pc,150,150,,,,,,150,,
,,Paratha,,,,3 Pc,25,75,,,,,,75,,
,,Chicken cheese burger,,,,1 Pc,75,75,,,,,,75,,
,,Chicken roll,,,,1 Pc,80,80,,,,,,80,,
,,Veg fried rice,,,,1 Pc,110,110,,,,,,110,,
,,Chicken Lolipop Half,,,,1 Pc,155,155,,,,,,155,,
,,Chicken 65,,,,1 Pc,220,220,,,,,,220,,
,,Chicken lolipop Full,,,,1 Pc,280,280,,,,,,280,,
,,Double eggs Roll,,,,1 Pc,60,60,,,,,,60,,
15/10/2024,INV-00201,Cash,,,,,,,,,,,,,0,3460
,,Double eggs Roll,,,,1 Pc,60,60,,,,,,60,,
,,Chicken noodles,,,,1 Pc,150,150,,,,,,150,,
,,Paneer chilli,,,,1 Pc,180,180,,,,,,180,,
,,Veg noodles Half,,,,1 Pc,60,60,,,,,,60,,
,,Chicken Manchow Soup Full,,,,1 Pc,100,100,,,,,,100,,
,,Chicken burger,,,,5 Pc,60,300,,,,,,300,,
,,Chicken roll,,,,5 Pc,80,400,,,,,,400,,
,,Chicken Noodles Half,,,,1 Pc,80,80,,,,,,80,,
,,Paneer roll,,,,2 Pc,70,140,,,,,,140,,
,,Egg noodles,,,,1 Pc,70,70,,,,,,70,,
,,Chicken roll,,,,1 Pc,80,80,,,,,,80,,
,,Double eggs Roll,,,,1 Pc,60,60,,,,,,60,,
,,Double eggs Roll,,,,1 Pc,60,60,,,,,,60,,
,,Chicken Noodles Half,,,,4 Pc,80,320,,,,,,320,,
,,Egg roll,,,,2 Pc,50,100,,,,,,100,,
,,Chicken roll,,,,3 Pc,80,240,,,,,,240,,
,,Chicken roll,,,,1 Pc,80,80,,,,,,80,,
,,Chicken Double Cheese Burger,,,,2 Pc,85,170,,,,,,170,,
,,Chiken boneless,,,,1 Pc,150,150,,,,,,150,,
,,Chicken burger,,,,2 Pc,60,120,,,,,,120,,
,,Paneer chilli Half,,,,1 Pc,100,100,,,,,,100,,
,,Paratha,,,,3 Pc,25,75,,,,,,75,,
,,Chicken burger,,,,1 Pc,60,60,,,,,,60,,
,,Chicken double eggs Roll,,,,1 Pc,100,100,,,,,,100,,
,,Veg Rice Half,,,1,1 Pc,60,60,,,,,,60,,
,,Veg roll,,,,1 Pc,45,45,,,,,,45,,
,,Chicken crispy,,,,1 Pc,100,100,,,,,,100,,
16/10/2024,INV-00202,Cash,,,,,,,,,,,,,0,2200
,,Chicken Lolipop Half,,,,1 Pc,155,155,,,,,,155,,
,,Veg cheese burger,,,,1 Pc,65,65,,,,,,65,,
,,Chiken boneless,,,,1 Pc,150,150,,,,,,150,,
,,Paneer Noodles Half,,,,2 Pc,80,160,,,,,,160,,
,,Chicken combi roll,,,,1 Pc,100,100,,,,,,100,,
,,Chicken Double Cheese Burger,,,,1 Pc,85,85,,,,,,85,,
,,Chicken noodles,,,,1 Pc,150,150,,,,,,150,,
,,Egg burger,,,,1 Pc,30,30,,,,,,30,,
,,Veg roll,,,,2 Pc,45,90,,,,,,90,,
,,Veg roll,,,,1 Pc,45,45,,,,,,45,,
,,Egg burger,,,,2 Pc,30,60,,,,,,60,,
,,Chicken double eggs Roll,,,,1 Pc,100,100,,,,,,100,,
,,Chicken crispy,,,,1 Pc,100,100,,,,,,100,,
,,Chicken crispy,,,,1 Pc,100,100,,,,,,100,,
,,Chicken burger,,,,1 Pc,60,60,,,,,,60,,
,,Chicken noodles,,,,2 Pc,150,300,,,,,,300,,
,,Chicken burger,,,,1 Pc,60,60,,,,,,60,,
,,Chicken cheese roll,,,,1 Pc,90,90,,,,,,90,,
,,Veg noodles Half,,,,1 Pc,60,60,,,,,,60,,
,,Chicken roll,,,,1 Pc,80,80,,,,,,80,,
,,Chicken roll,,,,1 Pc,80,80,,,,,,80,,
,,Chicken roll,,,,1 Pc,80,80,,,,,,80,,
17/10/2024,INV-00203,Cash,,,,,,,,,,,,,0,4754
,,Veg Rice Half,,,1,1 Pc,60,60,,,,,,60,,
,,Chicken double eggs Roll,,,,1 Pc,100,100,,,,,,100,,
,,Chicken soup hot and sour,,,,2 Pc,90,180,,,,,,180,,
,,Veg cheese burger,,,,1 Pc,65,65,,,,,,65,,
,,Chicken burger,,,,2 Pc,60,120,,,,,,120,,
,,Veg Burger,,,,1 Pc,50,50,,,,,,50,,
,,French fries,,,,1 Pc,55,55,,,,,,55,,
,,Chicken Rice Half,,,,2 Pc,80,160,,,,,,160,,
,,Veg Manchurian,,,,1 Pc,129,129,,,,,,129,,
,,Double eggs Roll,,,,1 Pc,60,60,,,,,,60,,
,,Chicken Noodles Half,,,,1 Pc,80,80,,,,,,80,,
,,Chicken roll,,,,2 Pc,80,160,,,,,,160,,
,,Chicken Manchow Soup Full,,,,1 Pc,100,100,,,,,,100,,
,,Paneer 65,,,,1 Pc,180,180,,,,,,180,,
,,Paneer chilli,,,,1 Pc,180,180,,,,,,180,,
,,Paneer Manchurian Rice,,,,1 Pc,190,190,,,,,,190,,
,,Chicken lolipop Full,,,,1 Pc,280,280,,,,,,280,,
,,Veg noodles Half,,,,2 Pc,60,120,,,,,,120,,
,,Veg Noodles,,,,1 Pc,110,110,,,,,,110,,
,,Paneer chilli Half,,,,1 Pc,100,100,,,,,,100,,
,,Chicken roll,,,,1 Pc,80,80,,,,,,80,,
,,Paneer chilli,,,,1 Pc,180,180,,,,,,180,,
,,Chicken chilli,,,,1 Pc,180,180,,,,,,180,,
,,Egg  chicken roll,,,,2 Pc,90,180,,,,,,180,,
,,Chicken Noodles Half,,,,4 Pc,80,320,,,,,,320,,
,,Veg noodles Half,,,,1 Pc,60,60,,,,,,60,,
,,Veg Manchurian Half,,,,1 Pc,75,75,,,,,,75,,
,,Chicken chilli,,,,1 Pc,200,200,,,,,,200,,
,,Chicken lolipop Full,,,,1 Pc,280,280,,,,,,280,,
,,Chicken schezwan,,,,1 Pc,170,170,,,,,,170,,
,,Chicken fried rice,,,,1 Pc,150,150,,,,,,150,,
,,Chicken Boneless Half,,,,1 Pc,85,85,,,,,,85,,
,,Chicken Rice Half,,,,1 Pc,80,80,,,,,,80,,
,,Chicken noodles,,,,1 Pc,150,150,,,,,,150,,
,,Chicken Boneless Half,,,,1 Pc,85,85,,,,,,85,,
18/10/2024,INV-00204,Cash,,,,,,,,,,,,,0,3170
,,Chicken cheese burger,,,,2 Pc,75,150,,,,,,150,,
,,Paneer cutlass,,,,1 Pc,200,200,,,,,,200,,
,,Veg noodles Half,,,,1 Pc,60,60,,,,,,60,,
,,Veg cheese burger,,,,2 Pc,65,130,,,,,,130,,
,,French fries,,,,2 Pc,55,110,,,,,,110,,
,,Chicken Rice Half,,,,1 Pc,80,80,,,,,,80,,
,,Chicken Boneless Half,,,,1 Pc,85,85,,,,,,85,,
,,Double eggs Roll,,,,2 Pc,60,120,,,,,,120,,
,,Paneer roll,,,,1 Pc,70,70,,,,,,70,,
,,Egg burger,,,,4 Pc,40,160,,,,,,160,,
,,Veg Rice Half,,,1,1 Pc,60,60,,,,,,60,,
,,Veg cheese burger,,,,1 Pc,65,65,,,,,,65,,
,,Water 1 lit,,,,1 Pc,20,20,,,,,,20,,
,,Chicken fried rice,,,,3 Pc,150,450,,,,,,450,,
,,Chicken lolipop Full,,,,1 Pc,280,280,,,,,,280,,
,,Egg burger,,,,1 Pc,30,30,,,,,,30,,
,,Double eggs Roll,,,,3 Pc,60,180,,,,,,180,,
,,Paneer chilli Half,,,,1 Pc,100,100,,,,,,100,,
,,Double eggs Roll,,,,1 Pc,60,60,,,,,,60,,
,,Chicken Rice Half,,,,1 Pc,80,80,,,,,,80,,
,,Chicken chilli,,,,1 Pc,200,200,,,,,,200,,
,,Paratha,,,,2 Pc,25,50,,,,,,50,,
,,Veg noodles Half,,,,1 Pc,60,60,,,,,,60,,
,,Chicken noodles,,,,1 Pc,150,150,,,,,,150,,
,,Chicken burger,,,,1 Pc,60,60,,,,,,60,,
,,Veg noodles Half,,,,1 Pc,50,50,,,,,,50,,
,,Double eggs Roll,,,,1 Pc,60,60,,,,,,60,,
,,Veg Burger,,,,1 Pc,50,50,,,,,,50,,
19/10/2024,INV-00205,Cash,,,,,,,,,,,,,0,3040
,,Veg Burger,,,,1 Pc,50,50,,,,,,50,,
,,French fries,,,,1 Pc,55,55,,,,,,55,,
,,Egg roll,,,,1 Pc,50,50,,,,,,50,,
,,Chicken Noodles Half,,,,1 Pc,80,80,,,,,,80,,
,,Chicken burger,,,,1 Pc,60,60,,,,,,60,,
,,Chicken noodles,,,,1 Pc,150,150,,,,,,150,,
,,Chicken egg roll single,,,,1 Pc,90,90,,,,,,90,,
,,Chicken noodles,,,,1 Pc,150,150,,,,,,150,,
,,Paneer roll,,,,1 Pc,70,70,,,,,,70,,
,,Egg burger,,,,1 Pc,30,30,,,,,,30,,
,,Paneer roll,,,,1 Pc,70,70,,,,,,70,,
,,Veg Noodles,,,,1 Pc,110,110,,,,,,110,,
,,Chicken roll,,,,2 Pc,80,160,,,,,,160,,
,,Veg Noodles,,,,1 Pc,110,110,,,,,,110,,
,,Egg burger,,,,3 Pc,30,90,,,,,,90,,
,,Chicken egg roll single,,,,2 Pc,90,180,,,,,,180,,
,,Chicken chilli,,,,1 Pc,200,200,,,,,,200,,
,,Veg Burger,,,,1 Pc,50,50,,,,,,50,,
,,Paneer chilli,,,,1 Pc,180,180,,,,,,180,,
,,Veg fried rice,,,,1 Pc,110,110,,,,,,110,,
,,Paratha,,,,1 Pc,25,25,,,,,,25,,
,,Veg noodles Half,,,,1 Pc,60,60,,,,,,60,,
,,Chicken crispy,,,,1 Pc,100,100,,,,,,100,,
,,Chicken crispy,,,,1 Pc,100,100,,,,,,100,,
,,Chicken cheese roll,,,,3 Pc,90,270,,,,,,270,,
,,Chicken Lolipop Half,,,,1 Pc,155,155,,,,,,155,,
,,Paratha,,,,2 Pc,25,50,,,,,,50,,
,,Chicken Lolipop Half,,,,1 Pc,155,155,,,,,,155,,
,,Chicken Rice Half,,,,1 Pc,80,80,,,,,,80,,
20/10/2024,INV-00206,Cash,,,,,,,,,,,,,0,4818
,,Double eggs Roll,,,,1 Pc,60,60,,,,,,60,,
,,Chicken lolipop Full,,,,1 Pc,280,280,,,,,,280,,
,,French fries,,,,1 Pc,55,55,,,,,,55,,
,,Chicken burger,,,,1 Pc,60,60,,,,,,60,,
,,Chicken Rice Half,,,,3 Pc,80,240,,,,,,240,,
,,Chicken Lolipop Half,,,,1 Pc,220,220,,,,,,220,,
,,Water 1 lit,,,,1 Pc,20,20,,,,,,20,,
,,Chicken Rice Half,,,,3 Pc,80,240,,,,,,240,,
,,Paneer cheese roll,,,,1 Pc,80,80,,,,,,80,,
,,Paneer roll,,,,1 Pc,70,70,,,,,,70,,
,,Egg roll,,,,2 Pc,50,100,,,,,,100,,
,,Veg Burger,,,,1 Pc,50,50,,,,,,50,,
,,Veg Burger,,,,4 Pc,50,200,,,,,,200,,
,,Egg roll,,,,2 Pc,50,100,,,,,,100,,
,,Chicken roll,,,,2 Pc,80,160,,,,,,160,,
,,Chicken egg roll single,,,,1 Pc,90,90,,,,,,90,,
,,Chicken cheese burger,,,,2 Pc,75,150,,,,,,150,,
,,Veg cheese burger,,,,1 Pc,65,65,,,,,,65,,
,,Double eggs Roll,,,,2 Pc,60,120,,,,,,120,,
,,Veg noodles Half,,,,2 Pc,60,120,,,,,,120,,
,,French fries,,,,1 Pc,55,55,,,,,,55,,
,,French fries,,,,2 Pc,55,110,,,,,,110,,
,,Chicken lolipop Full,,,,1 Pc,280,280,,,,,,280,,
,,Chicken egg roll single,,,,1 Pc,90,90,,,,,,90,,
,,Veg Manchurian,,,,1 Pc,129,129,,,,,,129,,
,,Chicken noodles,,,,1 Pc,150,150,,,,,,150,,
,,Veg noodles Half,,,,2 Pc,60,120,,,,,,120,,
,,Chicken roll,,,,2 Pc,80,160,,,,,,160,,
,,Chicken Boneless Half,,,,1 Pc,85,85,,,,,,85,,
,,Veg noodles Half,,,,1 Pc,60,60,,,,,,60,,
,,Chicken fried rice,,,,1 Pc,150,150,,,,,,150,,
,,Chicken 65,,,,1 Pc,220,220,,,,,,220,,
,,Chicken fried rice,,,,2 Pc,150,300,,,,,,300,,
,,Chicken Noodles Half,,,,1 Pc,150,150,,,,,,150,,
,,Paneer roll,,,,1 Pc,70,70,,,,,,70,,
,,Veg Manchurian,,,,1 Pc,129,129,,,,,,129,,
,,Chicken Rice Half,,,,1 Pc,80,80,,,,,,80,,
22/10/2024,INV-00207,Cash,,,,,,,,,,,,,0,2645
,,Chicken Rice Half,,,,1 Pc,80,80,,,,,,80,,
,,Chicken cheese roll,,,,1 Pc,90,90,,,,,,90,,
,,Veg Burger,,,,1 Pc,50,50,,,,,,50,,
,,Chicken double eggs Roll,,,,1 Pc,100,100,,,,,,100,,
,,Chicken Rice Half,,,,1 Pc,80,80,,,,,,80,,
,,Chicken Rice Half,,,,1 Pc,80,80,,,,,,80,,
,,Chicken Boneless Half,,,,1 Pc,85,85,,,,,,85,,
,,Chicken crispy,,,,1 Pc,100,100,,,,,,100,,
,,French fries,,,,1 Pc,55,55,,,,,,55,,
,,Chicken crispy,,,,1 Pc,100,100,,,,,,100,,
,,Veg Burger,,,,1 Pc,50,50,,,,,,50,,
,,Veg Burger,,,,4 Pc,50,200,,,,,,200,,
,,Chiken boneless,,,,1 Pc,150,150,,,,,,150,,
,,Chicken noodles,,,,1 Pc,150,150,,,,,,150,,
,,Chicken Boneless Half,,,,1 Pc,85,85,,,,,,85,,
,,Chicken Noodles Half,,,,1 Pc,80,80,,,,,,80,,
,,Water 1 lit,,,,2 Pc,20,40,,,,,,40,,
,,Chicken lolipop Full,,,,1 Pc,280,280,,,,,,280,,
,,Chicken Rice Half,,,,1 Pc,80,80,,,,,,80,,
,,Chicken Noodles Half,,,,1 Pc,80,80,,,,,,80,,
,,Paneer chilli Half,,,,1 Pc,100,100,,,,,,100,,
,,Egg burger,,,,1 Pc,30,30,,,,,,30,,
,,Chicken Rice Half,,,,1 Pc,80,80,,,,,,80,,
,,Chicken Rice Half,,,,1 Pc,80,80,,,,,,80,,
,,Chicken combi roll,,,,1 Pc,100,100,,,,,,100,,
,,Chicken roll,,,,3 Pc,80,240,,,,,,240,,
23/10/2024,INV-00208,Cash,,,,,,,,,,,,,0,4840
,,Double eggs Roll,,,,1 Pc,60,60,,,,,,60,,
,,Paneer chilli Half,,,,1 Pc,100,100,,,,,,100,,
,,Paratha,,,,4 Pc,25,100,,,,,,100,,
,,Chicken chilli,,,,1 Pc,200,200,,,,,,200,,
,,Paneer chilli,,,,1 Pc,180,180,,,,,,180,,
,,Veg Noodles,,,,1 Pc,110,110,,,,,,110,,
,,Chicken chilli,,,,1 Pc,200,200,,,,,,200,,
,,Chicken burger,,,,1 Pc,60,60,,,,,,60,,
,,Double eggs Roll,,,,1 Pc,60,60,,,,,,60,,
,,Chicken noodles,,,,1 Pc,150,150,,,,,,150,,
,,Veg noodles Half,,,,1 Pc,60,60,,,,,,60,,
,,Veg roll,,,,2 Pc,45,90,,,,,,90,,
,,Chicken noodles,,,,2 Pc,150,300,,,,,,300,,
,,Chiken boneless,,,,2 Pc,150,300,,,,,,300,,
,,Water 1 lit,,,,3 Pc,20,60,,,,,,60,,
,,Water 500 ml,,,,1 Pc,10,10,,,,,,10,,
,,Chicken Noodles Half,,,,3 Pc,80,240,,,,,,240,,
,,Chicken roll,,,,5 Pc,80,400,,,,,,400,,
,,Chicken noodles,,,,2 Pc,150,300,,,,,,300,,
,,Paneer chilli Half,,,,1 Pc,100,100,,,,,,100,,
,,Chicken crispy,,,,1 Pc,100,100,,,,,,100,,
,,Chicken Schezwan Noodles Half,,,,3 Pc,90,270,,,,,,270,,
,,Chicken Rice Half,,,,1 Pc,80,80,,,,,,80,,
,,Veg Noodles,,,,1 Pc,110,110,,,,,,110,,
,,Chicken chilli,,,,1 Pc,200,200,,,,,,200,,
,,Paneer 65,,,,1 Pc,180,180,,,,,,180,,
,,Paneer 65,,,,1 Pc,100,100,,,,,,100,,
,,Paratha,,,,8 Pc,25,200,,,,,,200,,
,,Veg Schezwan Rice,,,,1 Pc,130,130,,,,,,130,,
,,Chicken roll,,,,2 Pc,80,160,,,,,,160,,
,,Chicken Lolipop Half,,,,1 Pc,155,155,,,,,,155,,
,,Paratha,,,,2 Pc,25,50,,,,,,50,,
,,Paratha,,,,1 Pc,25,25,,,,,,25,,
24/10/2024,INV-00209,Cash,,,,,,,,,,,,,0,2835
,,Chicken lolipop Full,,,,1 Pc,280,280,,,,,,280,,
,,Chicken cheese burger,,,,1 Pc,75,75,,,,,,75,,
,,Chicken cheese roll,,,,1 Pc,90,90,,,,,,90,,
,,Veg roll,,,,1 Pc,45,45,,,,,,45,,
,,Veg Burger,,,,1 Pc,50,50,,,,,,50,,
,,Double eggs Roll,,,,2 Pc,60,120,,,,,,120,,
,,Veg noodles Half,,,,2 Pc,60,120,,,,,,120,,
,,Chiken boneless,,,,1 Pc,150,150,,,,,,150,,
,,Paneer 65,,,,1 Pc,180,180,,,,,,180,,
,,Egg noodles,,,,1 Pc,70,70,,,,,,70,,
,,Chicken burger,,,,1 Pc,60,60,,,,,,60,,
,,Chicken roll,,,,1 Pc,80,80,,,,,,80,,
,,Chicken burger,,,,1 Pc,60,60,,,,,,60,,
,,Chicken lolipop Full,,,,1 Pc,280,280,,,,,,280,,
,,Paratha,,,,4 Pc,25,100,,,,,,100,,
,,Water 1 lit,,,,1 Pc,20,20,,,,,,20,,
,,Chicken egg roll single,,,,1 Pc,90,90,,,,,,90,,
,,Chicken chilli,,,,1 Pc,180,180,,,,,,180,,
,,Egg roll,,,,1 Pc,50,50,,,,,,50,,
,,Chicken roll,,,,3 Pc,80,240,,,,,,240,,
,,Chicken roll,,,,1 Pc,80,80,,,,,,80,,
,,Paneer Manchurian,,,,1 Pc,155,155,,,,,,155,,
,,Paratha,,,,4 Pc,25,100,,,,,,100,,
,,Chicken roll,,,,2 Pc,80,160,,,,,,160,,
25/10/2024,INV-00210,Cash,,,,,,,,,,,,,0,3344
,,Double eggs Roll,,,,1 Pc,60,60,,,,,,60,,
,,Chicken Noodles Half,,,,1 Pc,80,80,,,,,,80,,
,,Chicken roll,,,,2 Pc,80,160,,,,,,160,,
,,Chicken burger,,,,1 Pc,60,60,,,,,,60,,
,,Chicken burger,,,,2 Pc,60,120,,,,,,120,,
,,French fries,,,,1 Pc,55,55,,,,,,55,,
,,Chicken cheese roll,,,,2 Pc,90,180,,,,,,180,,
,,Egg roll,,,,2 Pc,50,100,,,,,,100,,
,,Veg Manchurian Half,,,,1 Pc,75,75,,,,,,75,,
,,Paratha,,,,1 Pc,25,25,,,,,,25,,
,,Chicken burger,,,,3 Pc,60,180,,,,,,180,,
,,Veg Manchurian,,,,1 Pc,129,129,,,,,,129,,
,,Paratha,,,,5 Pc,25,125,,,,,,125,,
,,Chicken crispy,,,,1 Pc,100,100,,,,,,100,,
,,Veg roll,,,,1 Pc,45,45,,,,,,45,,
,,Chilli Half,,,,1 Pc,110,110,,,,,,110,,
,,Chicken egg roll single,,,,4 Pc,90,360,,,,,,360,,
,,Double eggs Roll,,,,1 Pc,60,60,,,,,,60,,
,,Veg Burger,,,,1 Pc,50,50,,,,,,50,,
,,Chicken fried rice,,,,1 Pc,150,150,,,,,,150,,
,,Chiken boneless,,,,1 Pc,150,150,,,,,,150,,
,,Water 1 lit,,,,1 Pc,20,20,,,,,,20,,
,,Chicken roll,,,,2 Pc,80,160,,,,,,160,,
,,Chicken roll,,,,1 Pc,80,80,,,,,,80,,
,,Chicken roll,,,,1 Pc,80,80,,,,,,80,,
,,Chicken Noodles Half,,,,1 Pc,80,80,,,,,,80,,
,,Chicken roll,,,,3 Pc,80,240,,,,,,240,,
,,Chicken roll,,,,1 Pc,80,80,,,,,,80,,
,,Chicken Rice Half,,,,1 Pc,80,80,,,,,,80,,
,,Chiken boneless,,,,1 Pc,150,150,,,,,,150,,
26/10/2024,INV-00211,Cash,,,,,,,,,,,,,0,4070
,,Chicken crispy,,,,1 Pc,100,100,,,,,,100,,
,,Chicken roll,,,,1 Pc,80,80,,,,,,80,,
,,Chicken burger,,,,2 Pc,60,120,,,,,,120,,
,,Veg roll,,,,1 Pc,45,45,,,,,,45,,
,,Double eggs Roll,,,,2 Pc,60,120,,,,,,120,,
,,Double eggs Roll,,,,1 Pc,60,60,,,,,,60,,
,,Chicken combi roll,,,,2 Pc,100,200,,,,,,200,,
,,Veg cheese burger,,,,1 Pc,65,65,,,,,,65,,
,,Chicken roll,,,,3 Pc,80,240,,,,,,240,,
,,Veg cheese burger,,,,5 Pc,65,325,,,,,,325,,
,,Chicken Schezwan Rice,,,,1 Pc,170,170,,,,,,170,,
,,Water 1 lit,,,,1 Pc,20,20,,,,,,20,,
,,Chicken Rice Half,,,,1 Pc,80,80,,,,,,80,,
,,Chicken roll,,,,1 Pc,80,80,,,,,,80,,
,,Chicken noodles,,,,2 Pc,150,300,,,,,,300,,
,,Chiken boneless,,,,1 Pc,150,150,,,,,,150,,
,,Paratha,,,,4 Pc,25,100,,,,,,100,,
,,Veg noodles Half,,,,2 Pc,60,120,,,,,,120,,
,,Chicken roll,,,,3 Pc,80,240,,,,,,240,,
,,Chicken fried rice,,,,2 Pc,150,300,,,,,,300,,
,,Chicken egg roll single,,,,1 Pc,90,90,,,,,,90,,
,,Chiken boneless,,,,1 Pc,150,150,,,,,,150,,
,,Paneer Combination Rice,,,,1 Pc,100,100,,,,,,100,,
,,Water 1 lit,,,,1 Pc,20,20,,,,,,20,,
,,Chicken Noodles Half,,,,1 Pc,80,80,,,,,,80,,
,,Chicken crispy,,,,1 Pc,100,100,,,,,,100,,
,,Chiken boneless,,,,1 Pc,150,150,,,,,,150,,
,,Paratha,,,,5 Pc,25,125,,,,,,125,,
,,Egg burger,,,,1 Pc,30,30,,,,,,30,,
,,Chicken Rice Half,,,,1 Pc,80,80,,,,,,80,,
,,Chicken crispy,,,,1 Pc,100,100,,,,,,100,,
,,Paneer roll,,,,1 Pc,70,70,,,,,,70,,
,,Chicken burger,,,,1 Pc,60,60,,,,,,60,,
27/10/2024,INV-00212,Cash,,,,,,,,,,,,,0,4014
,,Chicken Rice Half,,,,1 Pc,80,80,,,,,,80,,
,,Chicken fried rice,,,,1 Pc,150,150,,,,,,150,,
,,Veg noodles Half,,,,3 Pc,60,180,,,,,,180,,
,,Chicken fried rice,,,,1 Pc,150,150,,,,,,150,,
,,Chicken egg roll single,,,,3 Pc,90,270,,,,,,270,,
,,Double eggs Roll,,,,1 Pc,60,60,,,,,,60,,
,,Veg cheese burger,,,,1 Pc,65,65,,,,,,65,,
,,Chicken roll,,,,2 Pc,80,160,,,,,,160,,
,,Chicken burger,,,,1 Pc,60,60,,,,,,60,,
,,Egg roll,,,,1 Pc,50,50,,,,,,50,,
,,Chicken roll,,,,2 Pc,80,160,,,,,,160,,
,,Paneer Schezwan Roll,,,,1 Pc,80,80,,,,,,80,,
,,Veg cheese burger,,,,1 Pc,65,65,,,,,,65,,
,,Chicken chilli,,,,1 Pc,200,200,,,,,,200,,
,,Paneer chilli,,,,1 Pc,180,180,,,,,,180,,
,,Veg Manchurian,,,,1 Pc,129,129,,,,,,129,,
,,Chicken chilli,,,,2 Pc,180,360,,,,,,360,,
,,Chicken egg roll single,,,,2 Pc,81,162,,,,,,162,,
,,Chicken fried rice,,,,1 Pc,138,138,,,,,,138,,
,,Chicken Schezwan Noodles Half,,,,1 Pc,90,90,,,,,,90,,
,,Chicken Schezwan Rice,,,,1 Pc,90,90,,,,,,90,,
,,Egg Rice,,,,1 Pc,70,70,,,,,,70,,
,,Veg Rice Half,,,1,1 Pc,60,60,,,,,,60,,
,,Chiken boneless,,,,1 Pc,150,150,,,,,,150,,
,,Paratha,,,,2 Pc,25,50,,,,,,50,,
,,Water 1 lit,,,,1 Pc,20,20,,,,,,20,,
,,Chicken Boneless Half,,,,1 Pc,85,85,,,,,,85,,
,,Veg Manchurian Half,,,,1 Pc,75,75,,,,,,75,,
,,Chicken burger,,,,1 Pc,60,60,,,,,,60,,
,,Paneer 65,,,,2 Pc,180,360,,,,,,360,,
,,Paratha,,,,2 Pc,25,50,,,,,,50,,
,,Chicken Lolipop Half,,,,1 Pc,155,155,,,,,,155,,
28/10/2024,INV-00213,Cash,,,,,,,,,,,,,0,4634
,,Chicken combi roll,,,,2 Pc,100,200,,,,,,200,,
,,Veg noodles Half,,,,1 Pc,60,60,,,,,,60,,
,,Chicken Manchow Soup Full,,,,1 Pc,100,100,,,,,,100,,
,,Chicken burger,,,,2 Pc,60,120,,,,,,120,,
,,Chicken roll,,,,1 Pc,80,80,,,,,,80,,
,,Chiken lollipop,,,,1 Pc,225,225,,,,,,225,,
,,Water 1 lit,,,,1 Pc,20,20,,,,,,20,,
,,Chicken crispy,,,,1 Pc,100,100,,,,,,100,,
,,Chicken cheese roll,,,,2 Pc,90,180,,,,,,180,,
,,Chicken Lolipop Half,,,,1 Pc,155,155,,,,,,155,,
,,Chicken noodles,,,,1 Pc,150,150,,,,,,150,,
,,Chicken roll,,,,1 Pc,80,80,,,,,,80,,
,,Chicken Rice Half,,,,2 Pc,80,160,,,,,,160,,
,,Double eggs Roll,,,,1 Pc,60,60,,,,,,60,,
,,Chicken Double Cheese Burger,,,,3 Pc,85,255,,,,,,255,,
,,Egg roll,,,,1 Pc,50,50,,,,,,50,,
,,Chicken crispy,,,,1 Pc,100,100,,,,,,100,,
,,Chicken burger,,,,1 Pc,60,60,,,,,,60,,
,,Chicken roll,,,,2 Pc,80,160,,,,,,160,,
,,Chicken cheese burger,,,,1 Pc,75,75,,,,,,75,,
,,Chicken double eggs Roll,,,,3 Pc,100,300,,,,,,300,,
,,Veg noodles Half,,,,1 Pc,60,60,,,,,,60,,
,,Chiken boneless,,,,1 Pc,150,150,,,,,,150,,
,,Water 1 lit,,,,1 Pc,20,20,,,,,,20,,
,,Chicken fried rice,,,,2 Pc,140,280,,,,,,280,,
,,Chicken chilli,,,,1 Pc,180,180,,,,,,180,,
,,Chicken egg roll single,,,,1 Pc,90,90,,,,,,90,,
,,Double eggs Roll,,,,1 Pc,60,60,,,,,,60,,
,,Chicken 65,,,,1 Pc,220,220,,,,,,220,,
,,Paratha,,,,1 Pc,25,25,,,,,,25,,
,,Chicken Rice Half,,,,1 Pc,80,80,,,,,,80,,
,,Chicken crispy,,,,1 Pc,100,100,,,,,,100,,
,,Veg Manchurian,,,,1 Pc,129,129,,,,,,129,,
,,Veg noodles Half,,,,1 Pc,60,60,,,,,,60,,
,,Chicken burger,,,,1 Pc,60,60,,,,,,60,,
,,Chicken roll,,,,1 Pc,80,80,,,,,,80,,
,,Chicken noodles,,,,1 Pc,150,150,,,,,,150,,
,,Chicken chilli,,,,1 Pc,200,200,,,,,,200,,
29/10/2024,INV-00214,Cash,,,,,,,,,,,,,0,6405
,,Veg roll,,,,2 Pc,45,90,,,,,,90,,
,,Chicken Lolipop Half,,,,1 Pc,155,155,,,,,,155,,
,,Chicken Noodles Half,,,,1 Pc,80,80,,,,,,80,,
,,Chicken fried rice,,,,2 Pc,150,300,,,,,,300,,
,,Chicken Lolipop Half,,,,1 Pc,225,225,,,,,,225,,
,,Chicken Noodles Half,,,,3 Pc,80,240,,,,,,240,,
,,Chicken roll,,,,1 Pc,80,80,,,,,,80,,
,,Water 1 lit,,,,1 Pc,20,20,,,,,,20,,
,,Chilli Half,,,,1 Pc,110,110,,,,,,110,,
,,Veg noodles Half,,,,1 Pc,60,60,,,,,,60,,
,,Chicken Noodles Half,,,,4 Pc,80,320,,,,,,320,,
,,Chicken double eggs Roll,,,,4 Pc,100,400,,,,,,400,,
,,Chicken cheese roll,,,,3 Pc,90,270,,,,,,270,,
,,Chicken Schezwan roll,,,,2 Pc,90,180,,,,,,180,,
,,Paneer roll,,,,1 Pc,70,70,,,,,,70,,
,,Veg Burger,,,,3 Pc,50,150,,,,,,150,,
,,Chicken burger,,,,1 Pc,60,60,,,,,,60,,
,,Veg Burger,,,,2 Pc,50,100,,,,,,100,,
,,Veg Noodles,,,,1 Pc,110,110,,,,,,110,,
,,Veg Manchurian Half,,,,1 Pc,75,75,,,,,,75,,
,,Paratha,,,,2 Pc,25,50,,,,,,50,,
,,Chicken crispy,,,,1 Pc,100,100,,,,,,100,,
,,Paratha,,,,2 Pc,25,50,,,,,,50,,
,,Chiken boneless,,,,1 Pc,150,150,,,,,,150,,
,,Chicken noodles,,,,1 Pc,150,150,,,,,,150,,
,,Chicken Noodles Half,,,,1 Pc,80,80,,,,,,80,,
,,Paratha,,,,1 Pc,25,25,,,,,,25,,
,,Chicken noodles,,,,2 Pc,140,280,,,,,,280,,
,,Chicken chilli,,,,1 Pc,180,180,,,,,,180,,
,,Veg Burger,,,,1 Pc,50,50,,,,,,50,,
,,Chicken roll,,,,2 Pc,80,160,,,,,,160,,
,,Chicken cheese burger,,,,2 Pc,75,150,,,,,,150,,
,,Veg cheese burger,,,,1 Pc,65,65,,,,,,65,,
,,Paneer chilli Half,,,,1 Pc,100,100,,,,,,100,,
,,Chicken Boneless Half,,,,1 Pc,85,85,,,,,,85,,
,,Chicken Lolipop Half,,,,1 Pc,155,155,,,,,,155,,
,,Double eggs Roll,,,,2 Pc,60,120,,,,,,120,,
,,Chicken crispy,,,,1 Pc,100,100,,,,,,100,,
,,Paratha,,,,1 Pc,25,25,,,,,,25,,
,,Chicken roll,,,,2 Pc,80,160,,,,,,160,,
,,Chicken Lolipop Half,,,,1 Pc,155,155,,,,,,155,,
,,Chicken roll,,,,3 Pc,80,240,,,,,,240,,
,,Chicken double eggs Roll,,,,1 Pc,100,100,,,,,,100,,
,,Chicken Lolipop Half,,,,1 Pc,155,155,,,,,,155,,
,,Paneer chilli,,,,1 Pc,180,180,,,,,,180,,
,,Veg fried rice,,,,1 Pc,110,110,,,,,,110,,
,,Veg Manchurian Half,,,,1 Pc,75,75,,,,,,75,,
,,Veg Rice Half,,,1,1 Pc,60,60,,,,,,60,,
30/10/2024,INV-00216,Cash,,,,,,,,,,,,,0,3574
,,Veg noodles Half,,,,7 Pc,60,420,,,,,,420,,
,,Chicken Noodles Half,,,,3 Pc,80,240,,,,,,240,,
,,Paneer roll,,,,1 Pc,70,70,,,,,,70,,
,,French fries,,,,1 Pc,55,55,,,,,,55,,
,,Paneer cheese roll,,,,1 Pc,80,80,,,,,,80,,
,,Chicken Rice Half,,,,1 Pc,80,80,,,,,,80,,
,,Egg roll,,,,2 Pc,50,100,,,,,,100,,
,,Chicken burger,,,,2 Pc,60,120,,,,,,120,,
,,Veg Burger,,,,1 Pc,50,50,,,,,,50,,
,,Paneer Rice Half,,,,1 Pc,80,80,,,,,,80,,
,,Chicken Rice Half,,,,1 Pc,80,80,,,,,,80,,
,,Veg Noodles,,,,1 Pc,110,110,,,,,,110,,
,,Chicken Manchurian Half,,,,1 Pc,90,90,,,,,,90,,
,,Chilli Half,,,,1 Pc,110,110,,,,,,110,,
,,Chicken noodles,,,,1 Pc,150,150,,,,,,150,,
,,Chicken Noodles Half,,,,1 Pc,80,80,,,,,,80,,
,,Chicken burger,,,,1 Pc,60,60,,,,,,60,,
,,Chicken Lolipop Half,,,,1 Pc,155,155,,,,,,155,,
,,Chicken Double Cheese Burger,,,,1 Pc,85,85,,,,,,85,,
,,Egg  chicken roll,,,,1 Pc,90,90,,,,,,90,,
,,Chicken chilli,,,,1 Pc,180,180,,,,,,180,,
,,Chicken lolipop Full,,,,1 Pc,280,280,,,,,,280,,
,,Chicken egg roll single,,,,1 Pc,90,90,,,,,,90,,
,,Water 1 lit,,,,1 Pc,20,20,,,,,,20,,
,,Paneer roll,,,,2 Pc,70,140,,,,,,140,,
,,Chicken roll,,,,2 Pc,80,160,,,,,,160,,
,,Veg noodles Half,,,,1 Pc,60,60,,,,,,60,,
,,Veg Manchurian,,,,1 Pc,129,129,,,,,,129,,
,,Veg Noodles,,,,1 Pc,110,110,,,,,,110,,
,,Veg Burger,,,,2 Pc,50,100,,,,,,100,,
31/10/2024,INV-00217,Cash,,,,,,,,,,,,,0,2955
,,Veg Burger,,,,1 Pc,50,50,,,,,,50,,
,,French fries,,,,1 Pc,55,55,,,,,,55,,
,,Paneer Noodles Half,,,,1 Pc,80,80,,,,,,80,,
,,Paneer roll,,,,1 Pc,70,70,,,,,,70,,
,,Veg Burger,,,,2 Pc,50,100,,,,,,100,,
,,Chicken Rice Half,,,,1 Pc,80,80,,,,,,80,,
,,Chicken Noodles Half,,,,1 Pc,80,80,,,,,,80,,
,,Chicken combi roll,,,,1 Pc,100,100,,,,,,100,,
,,French fries,,,,1 Pc,55,55,,,,,,55,,
,,Paneer cheese roll,,,,1 Pc,80,80,,,,,,80,,
,,Veg Burger,,,,4 Pc,50,200,,,,,,200,,
,,Chicken Schezwan Rice,,,,1 Pc,90,90,,,,,,90,,
,,Chicken roll,,,,3 Pc,80,240,,,,,,240,,
,,Veg Manchurian,,,,2 Pc,130,260,,,,,,260,,
,,Chicken roll,,,,1 Pc,80,80,,,,,,80,,
,,Paneer roll,,,,1 Pc,70,70,,,,,,70,,
,,Chicken Noodles Half,,,,2 Pc,80,160,,,,,,160,,
,,Chicken fried rice,,,,2 Pc,150,300,,,,,,300,,
,,Chicken Lolipop Half,,,,1 Pc,155,155,,,,,,155,,
,,Chicken chilli,,,,1 Pc,200,200,,,,,,200,,
,,Paratha,,,,5 Pc,25,125,,,,,,125,,
,,Chicken roll,,,,1 Pc,80,80,,,,,,80,,
,,Veg roll,,,,2 Pc,45,90,,,,,,90,,
,,Chicken Lolipop Half,,,,1 Pc,155,155,,,,,,155,,
01/11/2024,INV-00218,Cash,,,,,,,,,,,,,0,1205
,,Paneer cheese roll,,,,1 Pc,80,80,,,,,,80,,
,,French fries,,,,1 Pc,55,55,,,,,,55,,
,,Veg roll,,,,1 Pc,45,45,,,,,,45,,
,,Chicken crispy,,,,2 Pc,100,200,,,,,,200,,
,,Chicken Rice Half,,,,2 Pc,80,160,,,,,,160,,
,,Paneer chilli Half,,,,1 Pc,100,100,,,,,,100,,
,,Paratha,,,,1 Pc,25,25,,,,,,25,,
,,Chicken egg roll single,,,,2 Pc,90,180,,,,,,180,,
,,Veg Noodles,,,,1 Pc,110,110,,,,,,110,,
,,Veg Manchurian Half,,,,1 Pc,75,75,,,,,,75,,
,,French fries,,,,1 Pc,55,55,,,,,,55,,
,,Chicken burger,,,,2 Pc,60,120,,,,,,120,,
13/11/2024,INV-00219,Cash,,,,,,,,,,,,,0,4415
,,Chicken noodles,,,,1 Pc,150,150,,,,,,150,,
,,Chicken noodles,,,,1 Pc,150,150,,,,,,150,,
,,Chicken roll,,,,1 Pc,80,80,,,,,,80,,
,,Veg roll,,,,5 Pc,45,225,,,,,,225,,
,,Veg roll,,,,1 Pc,45,45,,,,,,45,,
,,Chicken Noodles Half,,,,1 Pc,80,80,,,,,,80,,
,,Chicken roll,,,,2 Pc,80,160,,,,,,160,,
,,Chicken Noodles Half,,,,1 Pc,80,80,,,,,,80,,
,,Double eggs Roll,,,,2 Pc,60,120,,,,,,120,,
,,Paratha,,,,2 Pc,25,50,,,,,,50,,
,,Chicken fried rice,,,,1 Pc,150,150,,,,,,150,,
,,Chiken boneless,,,,1 Pc,150,150,,,,,,150,,
,,Chicken roll,,,,1 Pc,80,80,,,,,,80,,
,,Chicken Schezwan Rice,,,,3 Pc,90,270,,,,,,270,,
,,Chicken roll,,,,1 Pc,80,80,,,,,,80,,
,,Chicken double eggs Roll,,,,1 Pc,100,100,,,,,,100,,
,,Double eggs Roll,,,,2 Pc,60,120,,,,,,120,,
,,Double eggs Roll,,,,1 Pc,60,60,,,,,,60,,
,,Veg Burger,,,,1 Pc,50,50,,,,,,50,,
,,French fries,,,,1 Pc,55,55,,,,,,55,,
,,Chicken Boneless Half,,,,1 Pc,85,85,,,,,,85,,
,,Chicken Rice Half,,,,1 Pc,80,80,,,,,,80,,
,,Paratha,,,,1 Pc,25,25,,,,,,25,,
,,Chicken crispy,,,,1 Pc,100,100,,,,,,100,,
,,Chicken Lolipop Half,,,,1 Pc,155,155,,,,,,155,,
,,Chicken Schezwan Rice,,,,2 Pc,90,180,,,,,,180,,
,,Chiken boneless,,,,1 Pc,150,150,,,,,,150,,
,,Paratha,,,,1 Pc,25,25,,,,,,25,,
,,Chicken Boneless Half,,,,1 Pc,85,85,,,,,,85,,
,,Chicken Rice Half,,,,1 Pc,80,80,,,,,,80,,
,,Chicken fried rice,,,,1 Pc,150,150,,,,,,150,,
,,Chicken fried rice,,,,1 Pc,150,150,,,,,,150,,
,,Chicken Lolipop Half,,,,1 Pc,155,155,,,,,,155,,
,,Chicken lolipop Full,,,,1 Pc,280,280,,,,,,280,,
,,Chicken noodles,,,,2 Pc,150,300,,,,,,300,,
,,Chiken Manchurian,,,,1 Pc,160,160,,,,,,160,,
14/11/2024,INV-00220,Cash,,,,,,,,,,,,,0,2610
,,Chicken fried rice,,,,1 Pc,150,150,,,,,,150,,
,,Egg roll,,,,2 Pc,50,100,,,,,,100,,
,,Paneer roll,,,,2 Pc,70,140,,,,,,140,,
,,Chicken combi roll,,,,1 Pc,100,100,,,,,,100,,
,,Chilli Half,,,,1 Pc,110,110,,,,,,110,,
,,Double eggs Roll,,,,4 Pc,60,240,,,,,,240,,
,,Water 1 lit,,,,1 Pc,20,20,,,,,,20,,
,,Chicken roll,,,,1 Pc,80,80,,,,,,80,,
,,Veg Burger,,,,2 Pc,50,100,,,,,,100,,
,,Chicken roll,,,,2 Pc,80,160,,,,,,160,,
,,Chicken crispy,,,,2 Pc,100,200,,,,,,200,,
,,Veg noodles Half,,,,1 Pc,60,60,,,,,,60,,
,,Veg Burger,,,,5 Pc,50,250,,,,,,250,,
,,Chicken roll,,,,1 Pc,80,80,,,,,,80,,
,,Paneer roll,,,,1 Pc,70,70,,,,,,70,,
,,Chicken combi roll,,,,1 Pc,100,100,,,,,,100,,
,,Double eggs Roll,,,,1 Pc,60,60,,,,,,60,,
,,Chicken roll,,,,1 Pc,80,80,,,,,,80,,
,,Chicken Boneless Half,,,,1 Pc,80,80,,,,,,80,,
,,Paratha,,,,6 Pc,25,150,,,,,,150,,
,,Chicken Rice Half,,,,2 Pc,80,160,,,,,,160,,
,,Veg noodles Half,,,,2 Pc,60,120,,,,,,120,,
15/11/2024,INV-00221,Cash,,,,,,,,,,,,,0,4195
,,Veg Manchurian Half,,,,1 Pc,75,75,,,,,,75,,
,,Chicken roll,,,,2 Pc,80,160,,,,,,160,,
,,Chicken roll,,,,10 Pc,80,800,,,,,,800,,
,,Chicken roll,,,,2 Pc,80,160,,,,,,160,,
,,Chicken roll,,,,3 Pc,80,240,,,,,,240,,
,,Double eggs Roll,,,,2 Pc,60,120,,,,,,120,,
,,Chicken Noodles Half,,,,2 Pc,80,160,,,,,,160,,
,,Veg roll,,,,1 Pc,45,45,,,,,,45,,
,,Paneer cheese roll,,,,1 Pc,80,80,,,,,,80,,
,,Veg Noodles,,,,1 Pc,110,110,,,,,,110,,
,,Double eggs Roll,,,,2 Pc,60,120,,,,,,120,,
,,Veg Manchurian,,,,1 Pc,129,129,,,,,,129,,
,,Chicken fried rice,,,,1 Pc,150,150,,,,,,150,,
,,Chicken crispy,,,,1 Pc,100,100,,,,,,100,,
,,Veg noodles Half,,,,1 Pc,60,60,,,,,,60,,
,,Paneer Rice Half,,,,1 Pc,80,80,,,,,,80,,
,,Chicken burger,,,,1 Pc,60,60,,,,,,60,,
,,Veg Manchurian Rice,,,,1 Pc,150,150,,,,,,150,,
,,Veg Manchurian,,,,2 Pc,129,258,,,,,,258,,
,,Veg cheese burger,,,,2 Pc,65,130,,,,,,130,,
,,Veg Noodles,,,,1 Pc,110,110,,,,,,110,,
,,Veg Burger,,,,2 Pc,50,100,,,,,,100,,
,,Paneer cheese roll,,,,1 Pc,100,100,,,,,,100,,
,,Veg Manchurian,,,,2 Pc,129,258,,,,,,258,,
,,Chicken burger,,,,1 Pc,60,60,,,,,,60,,
,,Chicken egg roll single,,,,1 Pc,90,90,,,,,,90,,
,,Egg roll,,,,1 Pc,50,50,,,,,,50,,
,,Chicken Schezwan Noodles Half,,,,1 Pc,90,90,,,,,,90,,
,,Chicken fried rice,,,,1 Pc,150,150,,,,,,150,,
16/11/2024,INV-00222,Cash,,,,,,,,,,,,,0,3530
,,Chicken roll,,,,2 Pc,80,160,,,,,,160,,
,,Veg Manchurian Half,,,,1 Pc,75,75,,,,,,75,,
,,Chicken roll,,,,1 Pc,80,80,,,,,,80,,
,,Veg Burger,,,,1 Pc,50,50,,,,,,50,,
,,Double eggs Roll,,,,1 Pc,60,60,,,,,,60,,
,,Chicken Noodles Half,,,,1 Pc,80,80,,,,,,80,,
,,Chicken noodles,,,,1 Pc,150,150,,,,,,150,,
,,Chicken crispy,,,,1 Pc,100,100,,,,,,100,,
,,Veg cheese burger,,,,2 Pc,65,130,,,,,,130,,
,,Chicken crispy,,,,1 Pc,100,100,,,,,,100,,
,,Egg roll,,,,1 Pc,50,50,,,,,,50,,
,,Chicken noodles,,,,1 Pc,150,150,,,,,,150,,
,,Chicken crispy,,,,1 Pc,100,100,,,,,,100,,
,,Chicken Manchow Soup Full,,,,1 Pc,100,100,,,,,,100,,
,,Chicken combi roll,,,,2 Pc,100,200,,,,,,200,,
,,Veg Noodles,,,,3 Pc,110,330,,,,,,330,,
,,Chiken boneless,,,,2 Pc,150,300,,,,,,300,,
,,Water 1 lit,,,,1 Pc,20,20,,,,,,20,,
,,Paratha,,,,3 Pc,25,75,,,,,,75,,
,,Veg Manchurian Half,,,,1 Pc,75,75,,,,,,75,,
,,Double eggs Roll,,,,1 Pc,60,60,,,,,,60,,
,,Chicken schezwan,,,,1 Pc,170,170,,,,,,170,,
,,Chicken crispy,,,,2 Pc,100,200,,,,,,200,,
,,Egg burger,,,,1 Pc,40,40,,,,,,40,,
,,Chicken Rice Half,,,,1 Pc,80,80,,,,,,80,,
,,Chicken noodles,,,,1 Pc,150,150,,,,,,150,,
,,Chicken Noodles Half,,,,1 Pc,80,80,,,,,,80,,
,,Chicken egg roll single,,,,2 Pc,90,180,,,,,,180,,
,,Chicken combi roll,,,,1 Pc,100,100,,,,,,100,,
,,Chicken Boneless Half,,,,1 Pc,85,85,,,,,,85,,
17/11/2024,INV-00223,Cash,,,,,,,,,,,,,0,4215
,,Veg roll,,,,1 Pc,45,45,,,,,,45,,
,,Chicken fried rice,,,,1 Pc,150,150,,,,,,150,,
,,Chicken Rice Half,,,,1 Pc,80,80,,,,,,80,,
,,Paneer Rice Half,,,,1 Pc,80,80,,,,,,80,,
,,Chicken Manchauw Soup Half,,,,1 Pc,60,60,,,,,,60,,
,,Chicken burger,,,,5 Pc,60,300,,,,,,300,,
,,Chicken Noodles Half,,,,1 Pc,80,80,,,,,,80,,
,,Chicken burger,,,,1 Pc,60,60,,,,,,60,,
,,Chicken roll,,,,1 Pc,80,80,,,,,,80,,
,,Chicken crispy,,,,1 Pc,100,100,,,,,,100,,
,,Chicken roll,,,,3 Pc,80,240,,,,,,240,,
,,Veg Burger,,,,1 Pc,50,50,,,,,,50,,
,,French fries,,,,1 Pc,55,55,,,,,,55,,
,,Chicken roll,,,,1 Pc,80,80,,,,,,80,,
,,Chicken chilli,,,,1 Pc,200,200,,,,,,200,,
,,Chiken Manchurian,,,,1 Pc,160,160,,,,,,160,,
,,Paratha,,,,3 Pc,25,75,,,,,,75,,
,,Chicken combi roll,,,,1 Pc,100,100,,,,,,100,,
,,Chicken burger,,,,11 Pc,60,660,,,,,,660,,
,,Chicken roll,,,,2 Pc,80,160,,,,,,160,,
,,Veg Burger,,,,1 Pc,50,50,,,,,,50,,
,,French fries,,,,1 Pc,55,55,,,,,,55,,
,,Chicken Noodles Half,,,,1 Pc,80,80,,,,,,80,,
,,Chicken roll,,,,2 Pc,80,160,,,,,,160,,
,,Veg Manchurian Half,,,,1 Pc,75,75,,,,,,75,,
,,Chilli Half,,,,1 Pc,110,110,,,,,,110,,
,,Chicken Rice Half,,,,1 Pc,80,80,,,,,,80,,
,,Water 1 lit,,,,1 Pc,20,20,,,,,,20,,
,,Double eggs Roll,,,,2 Pc,60,120,,,,,,120,,
,,Double eggs Roll,,,,2 Pc,60,120,,,,,,120,,
,,Chicken noodles,,,,2 Pc,150,300,,,,,,300,,
,,Chiken Manchurian,,,,1 Pc,160,160,,,,,,160,,
,,Egg noodles,,,,1 Pc,70,70,,,,,,70,,
18/11/2024,INV-00224,Cash,,,,,,,,,,,,,0,3460
,,Chicken crispy,,,,1 Pc,100,100,,,,,,100,,
,,Veg Burger,,,,2 Pc,50,100,,,,,,100,,
,,Egg roll,,,,1 Pc,50,50,,,,,,50,,
,,Veg fried rice,,,,1 Pc,110,110,,,,,,110,,
,,Veg Manchurian Half,,,,1 Pc,75,75,,,,,,75,,
,,Veg Noodles,,,,1 Pc,110,110,,,,,,110,,
,,Chicken Boneless Half,,,,1 Pc,85,85,,,,,,85,,
,,Egg roll,,,,1 Pc,50,50,,,,,,50,,
,,Chicken noodles,,,,1 Pc,150,150,,,,,,150,,
,,Chicken lolipop Full,,,,1 Pc,280,280,,,,,,280,,
,,Chicken chilli,,,,1 Pc,200,200,,,,,,200,,
,,Veg roll,,,,1 Pc,45,45,,,,,,45,,
,,Veg roll,,,,1 Pc,45,45,,,,,,45,,
,,Chicken Noodles Half,,,,1 Pc,80,80,,,,,,80,,
,,Chicken chilli,,,,1 Pc,200,200,,,,,,200,,
,,Chicken burger,,,,2 Pc,60,120,,,,,,120,,
,,Chicken crispy,,,,1 Pc,100,100,,,,,,100,,
,,Chicken Rice Half,,,,3 Pc,80,240,,,,,,240,,
,,Chicken burger,,,,1 Pc,60,60,,,,,,60,,
,,Paneer 65,,,,1 Pc,180,180,,,,,,180,,
,,Chicken Boneless Half,,,,1 Pc,85,85,,,,,,85,,
,,Chicken Lolipop Half,,,,1 Pc,155,155,,,,,,155,,
,,Paratha,,,,2 Pc,25,50,,,,,,50,,
,,Chicken 65,,,,1 Pc,220,220,,,,,,220,,
,,Veg cheese burger,,,,1 Pc,65,65,,,,,,65,,
,,Chicken double eggs Roll,,,,1 Pc,100,100,,,,,,100,,
,,Veg fried rice,,,,1 Pc,110,110,,,,,,110,,
,,Paneer Rice Half,,,,1 Pc,80,80,,,,,,80,,
,,Chicken Boneless Half,,,,1 Pc,85,85,,,,,,85,,
,,Paratha,,,,2 Pc,25,50,,,,,,50,,
,,Chicken Rice Half,,,,1 Pc,80,80,,,,,,80,,
19/11/2024,INV-00225,Cash,,,,,,,,,,,,,0,3855
,,Chicken burger,,,,2 Pc,60,120,,,,,,120,,
,,Chicken soup hot and sour,,,,2 Pc,90,180,,,,,,180,,
,,French fries,,,,1 Pc,55,55,,,,,,55,,
,,Paneer cheese roll,,,,1 Pc,80,80,,,,,,80,,
,,Chicken roll,,,,1 Pc,80,80,,,,,,80,,
,,Chicken cheese roll,,,,2 Pc,90,180,,,,,,180,,
,,Chicken roll,,,,1 Pc,80,80,,,,,,80,,
,,Egg noodles,,,,1 Pc,70,70,,,,,,70,,
,,Veg roll,,,,1 Pc,45,45,,,,,,45,,
,,Chicken noodles,,,,1 Pc,150,150,,,,,,150,,
,,Chicken lolipop Full,,,,1 Pc,280,280,,,,,,280,,
,,Paratha,,,,4 Pc,25,100,,,,,,100,,
,,Chicken egg roll single,,,,1 Pc,90,90,,,,,,90,,
,,Chicken crispy,,,,1 Pc,100,100,,,,,,100,,
,,Chicken burger,,,,2 Pc,60,120,,,,,,120,,
,,Veg Noodles,,,,1 Pc,110,110,,,,,,110,,
,,Chicken Manchauw Soup Half,,,,1 Pc,60,60,,,,,,60,,
,,Chicken double eggs Roll,,,,2 Pc,100,200,,,,,,200,,
,,Chicken chilli,,,,1 Pc,200,200,,,,,,200,,
,,Chicken double eggs Roll,,,,2 Pc,100,200,,,,,,200,,
,,Paratha,,,,2 Pc,25,50,,,,,,50,,
,,Chicken Manchurian Half,,,,1 Pc,90,90,,,,,,90,,
,,Chicken lolipop Full,,,,2 Pc,280,560,,,,,,560,,
,,Chicken fried rice,,,,3 Pc,150,450,,,,,,450,,
,,Chicken Lolipop Half,,,,1 Pc,155,155,,,,,,155,,
,,Paratha,,,,2 Pc,25,50,,,,,,50,,
20/11/2024,INV-00226,Cash,,,,,,,,,,,,,0,3380
,,Chicken Rice Half,,,,2 Pc,80,160,,,,,,160,,
,,Chicken Rice Half,,,,1 Pc,80,80,,,,,,80,,
,,Egg roll,,,,1 Pc,50,50,,,,,,50,,
,,Chicken burger,,,,2 Pc,60,120,,,,,,120,,
,,French fries,,,,2 Pc,55,110,,,,,,110,,
,,Egg roll,,,,1 Pc,50,50,,,,,,50,,
,,Chicken Chilli Half,,,,1 Pc,100,100,,,,,,100,,
,,Paratha,,,,4 Pc,25,100,,,,,,100,,
,,Chicken noodles,,,,1 Pc,150,150,,,,,,150,,
,,Egg roll,,,,2 Pc,50,100,,,,,,100,,
,,Chicken combi roll,,,,2 Pc,100,200,,,,,,200,,
,,Egg burger,,,,2 Pc,30,60,,,,,,60,,
,,Veg Noodles,,,,1 Pc,110,110,,,,,,110,,
,,Chicken Noodles Half,,,,1 Pc,80,80,,,,,,80,,
,,Chicken Manchauw Soup Half,,,,1 Pc,60,60,,,,,,60,,
,,Chiken boneless,,,,1 Pc,150,150,,,,,,150,,
,,Paratha,,,,4 Pc,25,100,,,,,,100,,
,,Chicken cheese roll,,,,3 Pc,90,270,,,,,,270,,
,,Chicken Schezwan roll,,,,2 Pc,90,180,,,,,,180,,
,,Double eggs Roll,,,,3 Pc,60,180,,,,,,180,,
,,Veg Burger,,,,1 Pc,50,50,,,,,,50,,
,,Chicken chilli,,,,1 Pc,200,200,,,,,,200,,
,,Chicken crispy,,,,1 Pc,100,100,,,,,,100,,
,,Paratha,,,,3 Pc,25,75,,,,,,75,,
,,Veg noodles Half,,,,1 Pc,60,60,,,,,,60,,
,,Chicken Schezwan Noodles Half,,,,1 Pc,90,90,,,,,,90,,
,,Double eggs Roll,,,,2 Pc,60,120,,,,,,120,,
,,Veg cheese burger,,,,1 Pc,65,65,,,,,,65,,
,,Chicken Manchauw Soup Half,,,,1 Pc,60,60,,,,,,60,,
,,Paneer chilli Half,,,,1 Pc,100,100,,,,,,100,,
,,Paratha,,,,2 Pc,25,50,,,,,,50,,
21/11/2024,INV-00227,Cash,,,,,,,,,,,,,0,4194
,,Chicken Rice Half,,,,1 Pc,80,80,,,,,,80,,
,,Veg noodles Half,,,,1 Pc,60,60,,,,,,60,,
,,Chicken Rice Half,,,,1 Pc,80,80,,,,,,80,,
,,Chicken noodles,,,,1 Pc,150,150,,,,,,150,,
,,Chicken roll,,,,1 Pc,80,80,,,,,,80,,
,,Chicken schezwan,,,,1 Pc,170,170,,,,,,170,,
,,Paratha,,,,2 Pc,25,50,,,,,,50,,
,,Veg Burger,,,,1 Pc,50,50,,,,,,50,,
,,Veg Burger,,,,1 Pc,50,50,,,,,,50,,
,,Egg double burger,,,40,2 Pc,40,80,,,,,,80,,
,,Veg Burger,,,,2 Pc,50,100,,,,,,100,,
,,Veg Burger,,,,1 Pc,50,50,,,,,,50,,
,,Chicken roll,,,,1 Pc,80,80,,,,,,80,,
,,Double eggs Roll,,,,1 Pc,60,60,,,,,,60,,
,,Chicken roll,,,,1 Pc,80,80,,,,,,80,,
,,Veg Hot and Sour Soup Half,,,,1 Pc,50,50,,,,,,50,,
,,Chicken roll,,,,2 Pc,80,160,,,,,,160,,
,,Chicken roll,,,,3 Pc,80,240,,,,,,240,,
,,Chicken cheese burger,,,,2 Pc,75,150,,,,,,150,,
,,Veg Burger,,,,1 Pc,50,50,,,,,,50,,
,,Chicken Lolipop Half,,,,1 Pc,155,155,,,,,,155,,
,,Veg noodles Half,,,,1 Pc,60,60,,,,,,60,,
,,Chicken lolipop Full,,,,1 Pc,280,280,,,,,,280,,
,,Paratha,,,,3 Pc,25,75,,,,,,75,,
,,Chicken roll,,,,1 Pc,80,80,,,,,,80,,
,,Chicken crispy,,,,2 Pc,100,200,,,,,,200,,
,,Veg Noodles,,,,1 Pc,110,110,,,,,,110,,
,,Veg noodles Half,,,,1 Pc,60,60,,,,,,60,,
,,Veg Noodles,,,,1 Pc,110,110,,,,,,110,,
,,Chicken combi roll,,,,1 Pc,100,100,,,,,,100,,
,,Chicken Double Cheese Burger,,,,1 Pc,85,85,,,,,,85,,
,,Veg Hot and Sour Soup Half,,,,1 Pc,50,50,,,,,,50,,
,,Chicken Lolipop Half,,,,1 Pc,155,155,,,,,,155,,
,,Chicken lolipop Full,,,,1 Pc,280,280,,,,,,280,,
,,Chicken cheese burger,,,,2 Pc,75,150,,,,,,150,,
,,Veg Manchurian,,,,1 Pc,129,129,,,,,,129,,
,,French fries,,,,1 Pc,55,55,,,,,,55,,
,,Chilli Half,,,,1 Pc,110,110,,,,,,110,,
,,Chicken Rice Half,,,,1 Pc,80,80,,,,,,80,,
01/12/2024,INV-00228,Cash,,,,,,,,,,,,,0,4070
,,Chicken fried rice,,,,1 Pc,150,150,,,,,,150,,
,,Chicken chilli,,,,1 Pc,200,200,,,,,,200,,
,,Chicken Manchow Soup Full,,,,1 Pc,100,100,,,,,,100,,
,,Veg Noodles,,,,1 Pc,110,110,,,,,,110,,
,,Chicken egg roll single,,,,1 Pc,90,90,,,,,,90,,
,,Paneer roll,,,,1 Pc,70,70,,,,,,70,,
,,Chicken roll,,,,1 Pc,80,80,,,,,,80,,
,,Chicken Noodles Half,,,,2 Pc,80,160,,,,,,160,,
,,Chicken crispy,,,,1 Pc,100,100,,,,,,100,,
,,Chicken Noodles Half,,,,1 Pc,80,80,,,,,,80,,
,,Chicken noodles,,,,1 Pc,150,150,,,,,,150,,
,,Veg roll,,,,3 Pc,45,135,,,,,,135,,
,,Chicken Noodles Half,,,,1 Pc,80,80,,,,,,80,,
,,Veg noodles Half,,,,1 Pc,60,60,,,,,,60,,
,,Chicken roll,,,,1 Pc,80,80,,,,,,80,,
,,Veg noodles Half,,,,1 Pc,60,60,,,,,,60,,
,,Veg Schezwan Noodles Half,,,,1 Pc,70,70,,,,,,70,,
,,Chicken cheese burger,,,,1 Pc,75,75,,,,,,75,,
,,Egg  chicken roll,,,,1 Pc,90,90,,,,,,90,,
,,Chicken Lolipop Half,,,,1 Pc,155,155,,,,,,155,,
,,Chiken boneless,,,,1 Pc,150,150,,,,,,150,,
,,Paratha,,,,4 Pc,25,100,,,,,,100,,
,,Chicken double eggs Roll,,,,1 Pc,100,100,,,,,,100,,
,,Chicken cheese burger,,,,2 Pc,75,150,,,,,,150,,
,,Chicken lolipop Full,,,,1 Pc,280,280,,,,,,280,,
,,Chicken cheese burger,,,,2 Pc,75,150,,,,,,150,,
,,Paratha,,,,6 Pc,25,150,,,,,,150,,
,,Chiken boneless,,,,2 Pc,150,300,,,,,,300,,
,,Chicken Double Cheese Burger,,,,2 Pc,85,170,,,,,,170,,
,,French fries,,,,1 Pc,55,55,,,,,,55,,
,,Paneer chilli,,,,1 Pc,180,180,,,,,,180,,
,,Egg roll,,,,1 Pc,50,50,,,,,,50,,
,,Double eggs Roll,,,,1 Pc,60,60,,,,,,60,,
,,Chicken Rice Half,,,,1 Pc,80,80,,,,,,80,,
02/12/2024,INV-00229,Cash,,,,,,,,,,,,,0,2795
,,Chicken Lolipop Half,,,,1 Pc,155,155,,,,,,155,,
,,Veg Schezwan Noodles Half,,,,1 Pc,70,70,,,,,,70,,
,,French fries,,,,1 Pc,55,55,,,,,,55,,
,,Chicken Noodles Half,,,,1 Pc,80,80,,,,,,80,,
,,Double eggs Roll,,,,2 Pc,60,120,,,,,,120,,
,,Veg Burger,,,,2 Pc,50,100,,,,,,100,,
,,Egg roll,,,,1 Pc,50,50,,,,,,50,,
,,Chicken Noodles Half,,,,1 Pc,80,80,,,,,,80,,
,,Double eggs Roll,,,,2 Pc,60,120,,,,,,120,,
,,Egg roll,,,,2 Pc,50,100,,,,,,100,,
,,Chicken cheese roll,,,,2 Pc,90,180,,,,,,180,,
,,Chicken cheese roll,,,,1 Pc,105,105,,,,,,105,,
,,Chicken roll,,,,1 Pc,80,80,,,,,,80,,
,,Chicken Boneless Half,,,,1 Pc,85,85,,,,,,85,,
,,Veg Burger,,,,1 Pc,50,50,,,,,,50,,
,,Chicken burger,,,,1 Pc,60,60,,,,,,60,,
,,Chicken Rice Half,,,,1 Pc,80,80,,,,,,80,,
,,Chicken burger,,,,1 Pc,60,60,,,,,,60,,
,,Chicken cheese burger,,,,1 Pc,75,75,,,,,,75,,
,,Chicken roll,,,,2 Pc,80,160,,,,,,160,,
,,Chicken fried rice,,,,1 Pc,150,150,,,,,,150,,
,,Chicken noodles,,,,1 Pc,150,150,,,,,,150,,
,,Chicken roll,,,,1 Pc,80,80,,,,,,80,,
,,Chicken noodles,,,,1 Pc,150,150,,,,,,150,,
,,Chicken combi roll,,,,1 Pc,100,100,,,,,,100,,
,,Chicken Chilli Half,,,,1 Pc,100,100,,,,,,100,,
,,Chicken double eggs Roll,,,,2 Pc,100,200,,,,,,200,,
03/12/2024,INV-00230,Cash,,,,,,,,,,,,,0,3050
,,Chicken Noodles Half,,,,1 Pc,80,80,,,,,,80,,
,,Chicken roll,,,,1 Pc,80,80,,,,,,80,,
,,Paneer roll,,,,1 Pc,70,70,,,,,,70,,
,,Paneer cheese roll,,,,1 Pc,80,80,,,,,,80,,
,,Chicken noodles,,,,1 Pc,150,150,,,,,,150,,
,,Chicken Boneless Half,,,,1 Pc,85,85,,,,,,85,,
,,Chicken Noodles Half,,,,1 Pc,80,80,,,,,,80,,
,,Chicken Manchauw Soup Half,,,,1 Pc,60,60,,,,,,60,,
,,Chiken boneless,,,,1 Pc,150,150,,,,,,150,,
,,Chicken Lolipop Half,,,,1 Pc,155,155,,,,,,155,,
,,Paratha,,,,1 Pc,25,25,,,,,,25,,
,,Chicken lolipop Full,,,,1 Pc,280,280,,,,,,280,,
,,Chicken Rice Half,,,,2 Pc,80,160,,,,,,160,,
,,Paneer roll,,,,2 Pc,70,140,,,,,,140,,
,,Chicken Boneless Half,,,,1 Pc,85,85,,,,,,85,,
,,Chicken Rice Half,,,,1 Pc,80,80,,,,,,80,,
,,Chicken roll,,,,2 Pc,80,160,,,,,,160,,
,,Veg Noodles,,,,2 Pc,110,220,,,,,,220,,
,,Chicken Boneless Half,,,,1 Pc,85,85,,,,,,85,,
,,Paratha,,,,4 Pc,25,100,,,,,,100,,
,,Veg Rice Half,,,1,1 Pc,60,60,,,,,,60,,
,,Chicken Lolipop Half,,,,1 Pc,155,155,,,,,,155,,
,,Paneer roll,,,,1 Pc,70,70,,,,,,70,,
,,Veg Burger,,,,1 Pc,50,50,,,,,,50,,
,,Veg cheese burger,,,,1 Pc,65,65,,,,,,65,,
,,Paneer chilli Half,,,,1 Pc,100,100,,,,,,100,,
,,Paratha,,,,1 Pc,25,25,,,,,,25,,
,,Egg roll,,,,4 Pc,50,200,,,,,,200,,
04/12/2024,INV-00231,Cash,,,,,,,,,,,,,0,3104
,,Chicken cheese roll,,,,2 Pc,90,180,,,,,,180,,
,,Chicken roll,,,,2 Pc,80,160,,,,,,160,,
,,Chicken Noodles Half,,,,1 Pc,80,80,,,,,,80,,
,,Paneer cheese roll,,,,1 Pc,80,80,,,,,,80,,
,,Egg roll,,,,2 Pc,50,100,,,,,,100,,
,,Chicken Noodles Half,,,,1 Pc,80,80,,,,,,80,,
,,Egg roll,,,,2 Pc,50,100,,,,,,100,,
,,Chicken burger,,,,5 Pc,60,300,,,,,,300,,
,,Chicken Noodles Half,,,,1 Pc,80,80,,,,,,80,,
,,Egg burger,,,,2 Pc,30,60,,,,,,60,,
,,Double eggs Roll,,,,1 Pc,60,60,,,,,,60,,
,,Chicken Noodles Half,,,,1 Pc,80,80,,,,,,80,,
,,Paneer roll,,,,2 Pc,70,140,,,,,,140,,
,,Chicken roll,,,,1 Pc,80,80,,,,,,80,,
,,Chicken burger,,,,1 Pc,60,60,,,,,,60,,
,,Chilli Half,,,,1 Pc,110,110,,,,,,110,,
,,Veg roll,,,,1 Pc,45,45,,,,,,45,,
,,Chicken roll,,,,3 Pc,80,240,,,,,,240,,
,,Egg roll,,,,2 Pc,50,100,,,,,,100,,
,,Paneer Manchurian,,,,1 Pc,155,155,,,,,,155,,
,,Chiken boneless,,,,1 Pc,150,150,,,,,,150,,
,,Chicken noodles,,,,1 Pc,150,150,,,,,,150,,
,,Chicken roll,,,,1 Pc,80,80,,,,,,80,,
,,Veg Manchurian,,,,1 Pc,129,129,,,,,,129,,
,,Paratha,,,,1 Pc,25,25,,,,,,25,,
,,Chicken Lolipop Half,,,,1 Pc,155,155,,,,,,155,,
,,Paratha,,,,1 Pc,25,25,,,,,,25,,
,,Chicken double eggs Roll,,,,1 Pc,100,100,,,,,,100,,
05/12/2024,INV-00232,Cash,,,,,,,,,,,,,0,2545
,,Chicken lolipop Full,,,,1 Pc,280,280,,,,,,280,,
,,Chicken roll,,,,1 Pc,80,80,,,,,,80,,
,,Paneer roll,,,,1 Pc,70,70,,,,,,70,,
,,Egg roll,,,,1 Pc,50,50,,,,,,50,,
,,Chicken Lolipop Half,,,,1 Pc,155,155,,,,,,155,,
,,Chicken roll,,,,2 Pc,80,160,,,,,,160,,
,,Chicken roll,,,,4 Pc,80,320,,,,,,320,,
,,Chicken roll,,,,3 Pc,80,240,,,,,,240,,
,,Paneer Noodles Half,,,,2 Pc,80,160,,,,,,160,,
,,Chicken chilli,,,,1 Pc,180,180,,,,,,180,,
,,Chicken Schezwan Rice,,,,2 Pc,90,180,,,,,,180,,
,,Chicken burger,,,,4 Pc,60,240,,,,,,240,,
,,Veg roll,,,,1 Pc,45,45,,,,,,45,,
,,Chicken burger,,,,1 Pc,60,60,,,,,,60,,
,,Veg Double cheese Burger,,,,2 Pc,75,150,,,,,,150,,
,,Chicken Boneless Half,,,,1 Pc,85,85,,,,,,85,,
,,Chicken Schezwan Rice,,,,1 Pc,90,90,,,,,,90,,
06/12/2024,INV-00233,Cash,,,,,,,,,,,,,0,2560
,,Chicken roll,,,,1 Pc,80,80,,,,,,80,,
,,Veg noodles Half,,,,1 Pc,60,60,,,,,,60,,
,,Paneer roll,,,,1 Pc,70,70,,,,,,70,,
,,Chicken Noodles Half,,,,3 Pc,80,240,,,,,,240,,
,,Paneer Rice Half,,,,1 Pc,80,80,,,,,,80,,
,,Chicken roll,,,,3 Pc,80,240,,,,,,240,,
,,Chicken Double Cheese Burger,,,,1 Pc,85,85,,,,,,85,,
,,Paratha,,,,2 Pc,25,50,,,,,,50,,
,,Chicken Boneless Half,,,,1 Pc,85,85,,,,,,85,,
,,Egg burger,,,,1 Pc,30,30,,,,,,30,,
,,Double eggs Roll,,,,2 Pc,60,120,,,,,,120,,
,,Chicken roll,,,,1 Pc,80,80,,,,,,80,,
,,Double eggs Roll,,,,1 Pc,60,60,,,,,,60,,
,,Chicken burger,,,,2 Pc,60,120,,,,,,120,,
,,Chicken roll,,,,5 Pc,80,400,,,,,,400,,
,,Chicken Rice Half,,,,1 Pc,80,80,,,,,,80,,
,,Chicken lolipop Full,,,,1 Pc,280,280,,,,,,280,,
,,Chicken cheese burger,,,,2 Pc,75,150,,,,,,150,,
,,Chicken crispy,,,,1 Pc,100,100,,,,,,100,,
,,Chicken noodles,,,,1 Pc,150,150,,,,,,150,,
07/12/2024,INV-00234,Cash,,,,,,,,,,,,,0,3370
,,Chicken crispy,,,,2 Pc,100,200,,,,,,200,,
,,Veg noodles Half,,,,1 Pc,60,60,,,,,,60,,
,,Chicken Rice Half,,,,1 Pc,80,80,,,,,,80,,
,,Veg Burger,,,,4 Pc,50,200,,,,,,200,,
,,Chicken egg roll single,,,,1 Pc,90,90,,,,,,90,,
,,Chicken Noodles Half,,,,1 Pc,80,80,,,,,,80,,
,,Double eggs Roll,,,,1 Pc,60,60,,,,,,60,,
,,Chicken schezwan,,,,1 Pc,170,170,,,,,,170,,
,,Chicken noodles,,,,1 Pc,150,150,,,,,,150,,
,,Egg roll,,,,1 Pc,50,50,,,,,,50,,
,,Chicken roll,,,,3 Pc,80,240,,,,,,240,,
,,Veg noodles Half,,,,1 Pc,60,60,,,,,,60,,
,,Veg Manchurian Half,,,,1 Pc,75,75,,,,,,75,,
,,Paneer chilli,,,,2 Pc,180,360,,,,,,360,,
,,Paratha,,,,2 Pc,25,50,,,,,,50,,
,,Paneer roll,,,,1 Pc,70,70,,,,,,70,,
,,Veg noodles Half,,,,2 Pc,60,120,,,,,,120,,
,,Egg roll,,,,2 Pc,50,100,,,,,,100,,
,,Chicken Rice Half,,,,1 Pc,80,80,,,,,,80,,
,,Double eggs Roll,,,,3 Pc,60,180,,,,,,180,,
,,Chicken noodles,,,,1 Pc,150,150,,,,,,150,,
,,Chicken Boneless Half,,,,1 Pc,85,85,,,,,,85,,
,,Chicken combi roll,,,,2 Pc,100,200,,,,,,200,,
,,Chicken fried rice,,,,1 Pc,150,150,,,,,,150,,
,,Chicken Rice Half,,,,1 Pc,80,80,,,,,,80,,
,,Chicken noodles,,,,1 Pc,150,150,,,,,,150,,
,,Chicken roll,,,,1 Pc,80,80,,,,,,80,,
08/12/2024,INV-00235,Cash,,,,,,,,,,,,,0,3530
,,Chicken fried rice,,,,3 Pc,150,450,,,,,,450,,
,,Chicken crispy,,,,1 Pc,100,100,,,,,,100,,
,,Veg Burger,,,,1 Pc,50,50,,,,,,50,,
,,Chicken Noodles Half,,,,1 Pc,80,80,,,,,,80,,
,,Egg roll,,,,1 Pc,50,50,,,,,,50,,
,,Chicken Schezwan roll,,,,2 Pc,90,180,,,,,,180,,
,,Chicken roll,,,,1 Pc,80,80,,,,,,80,,
,,French fries,,,,1 Pc,55,55,,,,,,55,,
,,Veg cheese burger,,,,3 Pc,65,195,,,,,,195,,
,,Chicken roll,,,,1 Pc,80,80,,,,,,80,,
,,Chicken roll,,,,1 Pc,80,80,,,,,,80,,
,,Chilli Half,,,,1 Pc,110,110,,,,,,110,,
,,Chiken boneless,,,,1 Pc,150,150,,,,,,150,,
,,Paratha,,,,3 Pc,25,75,,,,,,75,,
,,Chicken lolipop Full,,,,1 Pc,280,280,,,,,,280,,
,,Chicken combi roll,,,,2 Pc,100,200,,,,,,200,,
,,Chicken Lolipop Half,,,,1 Pc,155,155,,,,,,155,,
,,Veg noodles Half,,,,1 Pc,60,60,,,,,,60,,
,,Chicken crispy,,,,1 Pc,100,100,,,,,,100,,
,,Double eggs Roll,,,,1 Pc,60,60,,,,,,60,,
,,Chicken roll,,,,3 Pc,80,240,,,,,,240,,
,,Chicken burger,,,,2 Pc,60,120,,,,,,120,,
,,Chicken Rice Half,,,,3 Pc,80,240,,,,,,240,,
,,Chicken roll,,,,2 Pc,80,160,,,,,,160,,
,,Chicken burger,,,,1 Pc,60,60,,,,,,60,,
,,Veg Rice Half,,,1,1 Pc,60,60,,,,,,60,,
,,Veg noodles Half,,,,1 Pc,60,60,,,,,,60,,
09/12/2024,INV-00236,Cash,,,,,,,,,,,,,0,4259
,,Chicken chilli,,,,1 Pc,200,200,,,,,,200,,
,,Paratha,,,,6 Pc,25,150,,,,,,150,,
,,Veg cheese burger,,,,2 Pc,65,130,,,,,,130,,
,,Chicken roll,,,,3 Pc,80,240,,,,,,240,,
,,Chicken burger,,,,4 Pc,60,240,,,,,,240,,
,,Chicken roll,,,,1 Pc,80,80,,,,,,80,,
,,Chiken boneless,,,,1 Pc,150,150,,,,,,150,,
,,Paratha,,,,2 Pc,25,50,,,,,,50,,
,,Chicken burger,,,,1 Pc,60,60,,,,,,60,,
,,French fries,,,,1 Pc,55,55,,,,,,55,,
,,Chicken Lolipop Half,,,,1 Pc,155,155,,,,,,155,,
,,Double eggs Roll,,,,2 Pc,60,120,,,,,,120,,
,,Chiken boneless,,,,1 Pc,150,150,,,,,,150,,
,,Chicken Lolipop Half,,,,1 Pc,155,155,,,,,,155,,
,,Veg noodles Half,,,,1 Pc,60,60,,,,,,60,,
,,Veg Noodles,,,,1 Pc,110,110,,,,,,110,,
,,Double eggs Roll,,,,2 Pc,60,120,,,,,,120,,
,,Chicken roll,,,,2 Pc,80,160,,,,,,160,,
,,Veg Manchurian,,,,1 Pc,129,129,,,,,,129,,
,,Chicken schezwan,,,,1 Pc,170,170,,,,,,170,,
,,Chicken Rice Half,,,,3 Pc,80,240,,,,,,240,,
,,Chicken chilli,,,,1 Pc,200,200,,,,,,200,,
,,Veg noodles Half,,,,1 Pc,60,60,,,,,,60,,
,,Chicken Rice Half,,,,3 Pc,80,240,,,,,,240,,
,,Paratha,,,,2 Pc,25,50,,,,,,50,,
,,Chicken Boneless Half,,,,1 Pc,85,85,,,,,,85,,
,,Chicken roll,,,,3 Pc,80,240,,,,,,240,,
,,Egg roll,,,,1 Pc,50,50,,,,,,50,,
,,Egg roll,,,,3 Pc,50,150,,,,,,150,,
,,Chicken noodles,,,,1 Pc,150,150,,,,,,150,,
,,Veg Noodles,,,,1 Pc,110,110,,,,,,110,,
10/12/2024,INV-00237,Cash,,,,,,,,,,,,,0,3378
,,Chicken roll,,,,2 Pc,80,160,,,,,,160,,
,,Paneer roll,,,,2 Pc,70,140,,,,,,140,,
,,Veg noodles Half,,,,1 Pc,60,60,,,,,,60,,
,,Chicken Noodles Half,,,,1 Pc,80,80,,,,,,80,,
,,Paneer cheese roll,,,,1 Pc,80,80,,,,,,80,,
,,French fries,,,,1 Pc,55,55,,,,,,55,,
,,Veg Manchurian Half,,,,1 Pc,75,75,,,,,,75,,
,,Veg Rice Half,,,1,1 Pc,60,60,,,,,,60,,
,,Chicken Lolipop Half,,,,1 Pc,155,155,,,,,,155,,
,,Paratha,,,,2 Pc,25,50,,,,,,50,,
,,Egg roll,,,,1 Pc,50,50,,,,,,50,,
,,Veg Burger,,,,1 Pc,50,50,,,,,,50,,
,,Veg roll,,,,1 Pc,45,45,,,,,,45,,
,,Chicken roll,,,,2 Pc,80,160,,,,,,160,,
,,Chicken crispy,,,,2 Pc,100,200,,,,,,200,,
,,Chicken fried rice,,,,1 Pc,150,150,,,,,,150,,
,,Paneer Manchurian,,,,1 Pc,85,85,,,,,,85,,
,,Chicken roll,,,,1 Pc,80,80,,,,,,80,,
,,Veg Noodles,,,,1 Pc,110,110,,,,,,110,,
,,Chicken Boneless Half,,,,1 Pc,85,85,,,,,,85,,
,,Veg Manchurian Half,,,,1 Pc,75,75,,,,,,75,,
,,Chicken roll,,,,1 Pc,80,80,,,,,,80,,
,,Chicken burger,,,,2 Pc,60,120,,,,,,120,,
,,Veg Manchurian,,,,2 Pc,129,258,,,,,,258,,
,,Paneer chilli Half,,,,1 Pc,100,100,,,,,,100,,
,,Chicken roll,,,,1 Pc,80,80,,,,,,80,,
,,Chilli Half,,,,1 Pc,110,110,,,,,,110,,
,,Paratha,,,,2 Pc,25,50,,,,,,50,,
,,Chicken Lolipop Half,,,,1 Pc,155,155,,,,,,155,,
,,Chicken burger,,,,1 Pc,60,60,,,,,,60,,
,,Veg noodles Half,,,,1 Pc,60,60,,,,,,60,,
,,Veg noodles Half,,,,1 Pc,60,60,,,,,,60,,
,,Chiken Manchurian,,,,1 Pc,160,160,,,,,,160,,
,,Chicken Rice Half,,,,1 Pc,80,80,,,,,,80,,
11/12/2024,INV-00238,Cash,,,,,,,,,,,,,-0.4,5209
,,Paneer roll,,,,1 Pc,70,70,,,,,,70,,
,,Chicken Lolipop Half,,,,1 Pc,155,155,,,,,,155,,
,,Veg Burger,,,,1 Pc,50,50,,,,,,50,,
,,Veg roll,,,,1 Pc,45,45,,,,,,45,,
,,Paneer roll,,,,1 Pc,70,70,,,,,,70,,
,,French fries,,,,2 Pc,55,110,,,,,,110,,
,,Veg Burger,,,,1 Pc,50,50,,,,,,50,,
,,Chicken cheese roll,,,,3 Pc,90,270,,,,,,270,,
,,Chicken Schezwan roll,,,,2 Pc,90,180,,,,,,180,,
,,Double eggs Roll,,,,3 Pc,60,180,,,,,,180,,
,,French fries,,,,1 Pc,55,55,,,,,,55,,
,,Chicken egg roll single,,,,2 Pc,90,180,,,,,,180,,
,,Chicken burger,,,,1 Pc,60,60,,,,,,60,,
,,Veg cheese burger,,,,1 Pc,65,65,,,,,,65,,
,,Veg noodles Half,,,,1 Pc,60,60,,,,,,60,,
,,Veg Manchurian,,,,1 Pc,129,129,,,,,,129,,
,,Chicken combi roll,,,,2 Pc,100,200,,,,,,200,,
,,Veg noodles Half,,,,1 Pc,60,60,,,,,,60,,
,,Chicken 65,,,,1 Pc,220,220,,,,,,220,,
,,Chicken Lolipop Half,,,,1 Pc,155,155,,,,,,155,,
,,Veg Hot and Sour Soup Half,,,,1 Pc,50,50,,,,,,50,,
,,Paratha,,,,2 Pc,25,50,,,,,,50,,
,,Chicken roll,,,,2 Pc,80,160,,,,,,160,,
,,Chicken burger,,,,1 Pc,60,60,,,,,,60,,
,,Chicken chilli,,,,1 Pc,180,180,,,,,,180,,
,,Chicken lolipop Full,,,,1 Pc,260.4,260.4,,,,,,260.4,,
,,Chicken double eggs Roll,,,,1 Pc,100,100,,,,,,100,,
,,Chicken roll,,,,2 Pc,80,160,,,,,,160,,
,,Veg Double cheese Burger,,,,1 Pc,75,75,,,,,,75,,
,,Paneer 65,,,,1 Pc,180,180,,,,,,180,,
,,Paratha,,,,2 Pc,25,50,,,,,,50,,
,,Chicken Boneless Half,,,,1 Pc,85,85,,,,,,85,,
,,Chicken chilli,,,,1 Pc,200,200,,,,,,200,,
,,French fries,,,,1 Pc,55,55,,,,,,55,,
,,Chicken fried rice,,,,1 Pc,150,150,,,,,,150,,
,,Chicken Noodles Half,,,,1 Pc,80,80,,,,,,80,,
,,Chicken double eggs Roll,,,,2 Pc,100,200,,,,,,200,,
,,Chicken Rice Half,,,,1 Pc,80,80,,,,,,80,,
,,Paneer Schezwan Noodles Full,,,,1 Pc,170,170,,,,,,170,,
,,Chicken lolipop Full,,,,1 Pc,280,280,,,,,,280,,
,,Chicken 65,,,,1 Pc,220,220,,,,,,220,,
12/12/2024,INV-00239,Cash,,,,,,,,,,,,,0,4095
,,Chicken crispy,,,,1 Pc,100,100,,,,,,100,,
,,Paneer roll,,,,1 Pc,70,70,,,,,,70,,
,,Chicken Noodles Half,,,,2 Pc,80,160,,,,,,160,,
,,Chicken roll,,,,1 Pc,80,80,,,,,,80,,
,,Chicken Boneless Half,,,,1 Pc,85,85,,,,,,85,,
,,Chicken Rice Half,,,,1 Pc,80,80,,,,,,80,,
,,Chicken double eggs Roll,,,,2 Pc,100,200,,,,,,200,,
,,Chicken schezwan,,,,1 Pc,170,170,,,,,,170,,
,,Chicken crispy,,,,2 Pc,100,200,,,,,,200,,
,,Chicken Noodles Half,,,,1 Pc,80,80,,,,,,80,,
,,Chicken burger,,,,2 Pc,60,120,,,,,,120,,
,,Paneer 65,,,,1 Pc,100,100,,,,,,100,,
,,Chicken Manchurian Half,,,,1 Pc,90,90,,,,,,90,,
,,Paratha,,,,3 Pc,25,75,,,,,,75,,
,,Egg roll,,,,1 Pc,50,50,,,,,,50,,
,,Double eggs Roll,,,,2 Pc,60,120,,,,,,120,,
,,Bone chilly,,,,1 Pc,180,180,,,,,,180,,
,,Paneer chilli,,,,1 Pc,180,180,,,,,,180,,
,,Paratha,,,,12 Pc,25,300,,,,,,300,,
,,Veg Manchurian Half,,,,1 Pc,75,75,,,,,,75,,
,,Veg Burger,,,,1 Pc,50,50,,,,,,50,,
,,Chicken roll,,,,1 Pc,80,80,,,,,,80,,
,,Paneer Manchurian,,,,1 Pc,80,80,,,,,,80,,
,,Paratha,,,,2 Pc,25,50,,,,,,50,,
,,Chiken boneless,,,,1 Pc,150,150,,,,,,150,,
,,Veg Noodles,,,,1 Pc,110,110,,,,,,110,,
,,Bone chilly,,,,1 Pc,100,100,,,,,,100,,
,,Paratha,,,,1 Pc,25,25,,,,,,25,,
,,Veg Noodles,,,,1 Pc,110,110,,,,,,110,,
,,Chicken roll,,,,1 Pc,80,80,,,,,,80,,
,,Veg roll,,,,1 Pc,45,45,,,,,,45,,
,,Double eggs Roll,,,,2 Pc,60,120,,,,,,120,,
,,Chicken Rice Half,,,,1 Pc,80,80,,,,,,80,,
,,Chicken Rice Half,,,,1 Pc,80,80,,,,,,80,,
,,Chicken noodles,,,,1 Pc,150,150,,,,,,150,,
,,Chicken burger,,,,2 Pc,60,120,,,,,,120,,
,,Chicken noodles,,,,1 Pc,150,150,,,,,,150,,
13/12/2024,INV-00240,Cash,,,,,,,,,,,,,0,5045
,,Veg Burger,,,,2 Pc,50,100,,,,,,100,,
,,Chicken cheese roll,,,,1 Pc,90,90,,,,,,90,,
,,Chicken burger,,,,2 Pc,60,120,,,,,,120,,
,,Chicken Rice Half,,,,1 Pc,80,80,,,,,,80,,
,,Chicken cheese roll,,,,4 Pc,90,360,,,,,,360,,
,,Chicken roll,,,,1 Pc,80,80,,,,,,80,,
,,Double eggs Roll,,,,1 Pc,60,60,,,,,,60,,
,,Veg cheese burger,,,,1 Pc,65,65,,,,,,65,,
,,Chicken Rice Half,,,,1 Pc,80,80,,,,,,80,,
,,Chicken chilli,,,,1 Pc,200,200,,,,,,200,,
,,Paratha,,,,3 Pc,25,75,,,,,,75,,
,,Paneer chilli,,,,1 Pc,180,180,,,,,,180,,
,,Veg Rice Half,,,1,1 Pc,60,60,,,,,,60,,
,,Chicken roll,,,,2 Pc,80,160,,,,,,160,,
,,Veg Burger,,,,2 Pc,50,100,,,,,,100,,
,,French fries,,,,1 Pc,55,55,,,,,,55,,
,,Chicken cheese roll,,,,1 Pc,90,90,,,,,,90,,
,,Chicken Lolipop Half,,,,1 Pc,155,155,,,,,,155,,
,,Paratha,,,,2 Pc,25,50,,,,,,50,,
,,Double eggs Roll,,,,2 Pc,60,120,,,,,,120,,
,,Veg roll,,,,1 Pc,45,45,,,,,,45,,
,,Chicken Noodles Half,,,,1 Pc,80,80,,,,,,80,,
,,Chicken Rice Half,,,,1 Pc,80,80,,,,,,80,,
,,Chicken Lolipop Half,,,,1 Pc,155,155,,,,,,155,,
,,Chicken noodles,,,,1 Pc,150,150,,,,,,150,,
,,Chicken Double Cheese Burger,,,,1 Pc,85,85,,,,,,85,,
,,Chicken crispy,,,,1 Pc,100,100,,,,,,100,,
,,Chicken burger,,,,1 Pc,60,60,,,,,,60,,
,,Chicken roll,,,,1 Pc,80,80,,,,,,80,,
,,Paneer chilli,,,,1 Pc,180,180,,,,,,180,,
,,Paratha,,,,3 Pc,25,75,,,,,,75,,
,,Double eggs Roll,,,,2 Pc,60,120,,,,,,120,,
,,Chicken roll,,,,1 Pc,80,80,,,,,,80,,
,,Chicken roll,,,,1 Pc,80,80,,,,,,80,,
,,Chiken boneless,,,,1 Pc,150,150,,,,,,150,,
,,Paratha,,,,4 Pc,25,100,,,,,,100,,
,,Chicken schezwan,,,,1 Pc,170,170,,,,,,170,,
,,Veg Schezwan Noodles Half,,,,1 Pc,70,70,,,,,,70,,
,,Chicken Double Cheese Burger,,,,1 Pc,100,100,,,,,,100,,
,,Paneer roll,,,,1 Pc,70,70,,,,,,70,,
,,Chicken egg roll single,,,,1 Pc,90,90,,,,,,90,,
,,Chiken boneless,,,,1 Pc,150,150,,,,,,150,,
,,Paratha,,,,3 Pc,25,75,,,,,,75,,
,,Chicken Rice Half,,,,3 Pc,80,240,,,,,,240,,
,,Paneer chilli Half,,,,1 Pc,100,100,,,,,,100,,
,,Paneer Noodles Half,,,,1 Pc,80,80,,,,,,80,,
14/12/2024,INV-00241,Cash,,,,,,,,,,,,,0,3085
,,Paneer Rice Half,,,,1 Pc,80,80,,,,,,80,,
,,Egg burger,,,,1 Pc,30,30,,,,,,30,,
,,Egg roll,,,,1 Pc,50,50,,,,,,50,,
,,Chicken Rice Half,,,,1 Pc,80,80,,,,,,80,,
,,Chicken egg roll single,,,,1 Pc,90,90,,,,,,90,,
,,Chicken burger,,,,2 Pc,60,120,,,,,,120,,
,,Chicken burger,,,,3 Pc,60,180,,,,,,180,,
,,Chicken roll,,,,1 Pc,80,80,,,,,,80,,
,,Chicken Manchauw Soup Half,,,,1 Pc,60,60,,,,,,60,,
,,Chicken Noodles Half,,,,1 Pc,80,80,,,,,,80,,
,,Egg roll,,,,1 Pc,50,50,,,,,,50,,
,,Chicken cheese roll,,,,2 Pc,100,200,,,,,,200,,
,,Chilli Half,,,,1 Pc,110,110,,,,,,110,,
,,Chicken roll,,,,1 Pc,80,80,,,,,,80,,
,,Paneer roll,,,,2 Pc,70,140,,,,,,140,,
,,Double eggs Roll,,,,1 Pc,60,60,,,,,,60,,
,,Veg roll,,,,1 Pc,45,45,,,,,,45,,
,,Chicken lolipop Full,,,,1 Pc,280,280,,,,,,280,,
,,Chicken egg roll single,,,,1 Pc,90,90,,,,,,90,,
,,Chicken egg roll single,,,,1 Pc,90,90,,,,,,90,,
,,Chicken cheese roll,,,,1 Pc,90,90,,,,,,90,,
,,Chicken Rice Half,,,,2 Pc,80,160,,,,,,160,,
,,Chicken fried rice,,,,1 Pc,150,150,,,,,,150,,
,,Chicken Lolipop Half,,,,1 Pc,155,155,,,,,,155,,
,,Chicken Boneless Half,,,,1 Pc,85,85,,,,,,85,,
,,Chilli Half,,,,1 Pc,110,110,,,,,,110,,
,,Paratha,,,,2 Pc,25,50,,,,,,50,,
,,Chicken double eggs Roll,,,,1 Pc,120,120,,,,,,120,,
,,Veg Burger,,,,1 Pc,50,50,,,,,,50,,
,,Double eggs Roll,,,,2 Pc,60,120,,,,,,120,,
15/12/2024,INV-00242,Cash,,,,,,,,,,,,,0,4435
,,Chicken fried rice,,,,1 Pc,150,150,,,,,,150,,
,,Chilli Half,,,,1 Pc,110,110,,,,,,110,,
,,Chicken roll,,,,1 Pc,80,80,,,,,,80,,
,,Chicken crispy,,,,2 Pc,100,200,,,,,,200,,
,,Chicken Noodles Half,,,,1 Pc,80,80,,,,,,80,,
,,Chicken egg roll single,,,,1 Pc,90,90,,,,,,90,,
,,Chicken cheese burger,,,,3 Pc,75,225,,,,,,225,,
,,Double eggs Roll,,,,3 Pc,60,180,,,,,,180,,
,,Veg Rice Half,,,1,1 Pc,60,60,,,,,,60,,
,,Chicken fried rice,,,,1 Pc,150,150,,,,,,150,,
,,Chiken boneless,,,,1 Pc,150,150,,,,,,150,,
,,Chicken schezwan,,,,1 Pc,170,170,,,,,,170,,
,,Chicken cheese burger,,,,2 Pc,75,150,,,,,,150,,
,,Chicken roll,,,,2 Pc,80,160,,,,,,160,,
,,Paneer cheese roll,,,,1 Pc,80,80,,,,,,80,,
,,Chicken roll,,,,1 Pc,80,80,,,,,,80,,
,,Paneer roll,,,,1 Pc,70,70,,,,,,70,,
,,Chicken roll,,,,1 Pc,80,80,,,,,,80,,
,,Chicken Schezwan Half,,,,1 Pc,95,95,,,,,,95,,
,,Chicken crispy,,,,1 Pc,100,100,,,,,,100,,
,,Paratha,,,,2 Pc,25,50,,,,,,50,,
,,Chicken burger,,,,1 Pc,60,60,,,,,,60,,
,,Chicken Lolipop Half,,,,1 Pc,155,155,,,,,,155,,
,,Chicken roll,,,,1 Pc,80,80,,,,,,80,,
,,Chicken burger,,,,2 Pc,60,120,,,,,,120,,
,,Chicken roll,,,,1 Pc,80,80,,,,,,80,,
,,Egg cheese burger,,,35,1 Pc,45,45,,,,,,45,,
,,Egg roll,,,,1 Pc,50,50,,,,,,50,,
,,Paneer noodles,,,,1 Pc,150,150,,,,,,150,,
,,Chicken noodles,,,,1 Pc,150,150,,,,,,150,,
,,Chicken chilli,,,,1 Pc,200,200,,,,,,200,,
,,Veg Burger,,,,5 Pc,50,250,,,,,,250,,
,,Double eggs Roll,,,,1 Pc,60,60,,,,,,60,,
,,Chicken Lolipop Half,,,,1 Pc,155,155,,,,,,155,,
,,Veg Noodles,,,,1 Pc,110,110,,,,,,110,,
,,Chicken roll,,,,2 Pc,80,160,,,,,,160,,
,,Egg roll,,,,2 Pc,50,100,,,,,,100,,
16/12/2024,INV-00243,Cash,,,,,,,,,,,,,0,2410
,,Double eggs Roll,,,,1 Pc,60,60,,,,,,60,,
,,Egg roll,,,,1 Pc,50,50,,,,,,50,,
,,Chicken crispy,,,,1 Pc,100,100,,,,,,100,,
,,Egg burger,,,,1 Pc,30,30,,,,,,30,,
,,Egg roll,,,,1 Pc,50,50,,,,,,50,,
,,Chiken boneless,,,,2 Pc,150,300,,,,,,300,,
,,Chicken Noodles Half,,,,1 Pc,80,80,,,,,,80,,
,,Double eggs Roll,,,,3 Pc,60,180,,,,,,180,,
,,Chicken chilli,,,,1 Pc,180,180,,,,,,180,,
,,Chicken combi roll,,,,1 Pc,100,100,,,,,,100,,
,,Egg burger,,,,3 Pc,30,90,,,,,,90,,
,,Chicken double eggs Roll,,,,3 Pc,100,300,,,,,,300,,
,,Veg Burger,,,,2 Pc,50,100,,,,,,100,,
,,Chicken crispy,,,,1 Pc,100,100,,,,,,100,,
,,Veg Hot and Sour Soup Half,,,,1 Pc,50,50,,,,,,50,,
,,Chicken roll,,,,1 Pc,80,80,,,,,,80,,
,,Chicken cheese roll,,,,1 Pc,90,90,,,,,,90,,
,,Chicken Rice Half,,,,1 Pc,80,80,,,,,,80,,
,,Chicken chilli,,,,1 Pc,200,200,,,,,,200,,
,,Paneer cheese roll,,,,1 Pc,90,90,,,,,,90,,
,,Paneer chilli Half,,,,1 Pc,100,100,,,,,,100,,
17/12/2024,INV-00244,Cash,,,,,,,,,,,,,0,4225
,,Chicken fried rice,,,,1 Pc,150,150,,,,,,150,,
,,Paneer Rice Half,,,,1 Pc,80,80,,,,,,80,,
,,Chicken Boneless Half,,,,1 Pc,85,85,,,,,,85,,
,,Paneer roll,,,,1 Pc,70,70,,,,,,70,,
,,Chicken combi roll,,,,3 Pc,100,300,,,,,,300,,
,,Chicken Schezwan Rice,,,,3 Pc,90,270,,,,,,270,,
,,Chicken burger,,,,7 Pc,60,420,,,,,,420,,
,,Chicken cheese burger,,,,1 Pc,75,75,,,,,,75,,
,,Veg Double cheese Burger,,,,1 Pc,75,75,,,,,,75,,
,,Chicken roll,,,,1 Pc,80,80,,,,,,80,,
,,Chicken schezwan,,,,1 Pc,90,90,,,,,,90,,
,,Chicken Noodles Half,,,,1 Pc,80,80,,,,,,80,,
,,Chicken burger,,,,3 Pc,60,180,,,,,,180,,
,,Chicken roll,,,,1 Pc,80,80,,,,,,80,,
,,Veg noodles Half,,,,1 Pc,60,60,,,,,,60,,
,,Veg Rice Half,,,1,1 Pc,60,60,,,,,,60,,
,,Veg Manchurian Half,,,,1 Pc,75,75,,,,,,75,,
,,Chicken roll,,,,3 Pc,80,240,,,,,,240,,
,,Veg roll,,,,1 Pc,60,60,,,,,,60,,
,,Chicken Boneless Half,,,,1 Pc,80,80,,,,,,80,,
,,Paratha,,,,4 Pc,25,100,,,,,,100,,
,,Chilli Half,,,,1 Pc,110,110,,,,,,110,,
,,Paneer roll,,,,2 Pc,70,140,,,,,,140,,
,,Paneer 65,,,,1 Pc,180,180,,,,,,180,,
,,Paneer chilli,,,,1 Pc,180,180,,,,,,180,,
,,Veg Noodles,,,,2 Pc,110,220,,,,,,220,,
,,Chicken Noodles Half,,,,1 Pc,80,80,,,,,,80,,
,,Chicken noodles,,,,1 Pc,150,150,,,,,,150,,
,,Chiken boneless,,,,1 Pc,150,150,,,,,,150,,
,,Paratha,,,,1 Pc,25,25,,,,,,25,,
,,Chicken lolipop Full,,,,1 Pc,280,280,,,,,,280,,
18/12/2024,INV-00245,Cash,,,,,,,,,,,,,0,5190
,,Chicken fried rice,,,,1 Pc,150,150,,,,,,150,,
,,Chicken Schezwan Rice,,,,1 Pc,90,90,,,,,,90,,
,,Double eggs Roll,,,,1 Pc,60,60,,,,,,60,,
,,Double eggs Roll,,,,2 Pc,60,120,,,,,,120,,
,,Chicken noodles,,,,3 Pc,150,450,,,,,,450,,
,,Chicken roll,,,,5 Pc,80,400,,,,,,400,,
,,Double eggs Roll,,,,4 Pc,60,240,,,,,,240,,
,,Egg roll,,,,1 Pc,50,50,,,,,,50,,
,,Chicken roll,,,,1 Pc,80,80,,,,,,80,,
,,Egg burger,,,,1 Pc,45,45,,,,,,45,,
,,Chicken combi roll,,,,3 Pc,100,300,,,,,,300,,
,,Chiken boneless,,,,1 Pc,150,150,,,,,,150,,
,,Veg roll,,,,1 Pc,45,45,,,,,,45,,
,,Chicken Double Cheese Burger,,,,2 Pc,85,170,,,,,,170,,
,,Chicken burger,,,,2 Pc,60,120,,,,,,120,,
,,Chicken fried rice,,,,4 Pc,150,600,,,,,,600,,
,,Chiken Manchurian,,,,1 Pc,160,160,,,,,,160,,
,,French fries,,,,2 Pc,55,110,,,,,,110,,
,,Chicken crispy,,,,1 Pc,100,100,,,,,,100,,
,,Chicken fried rice,,,,1 Pc,140,140,,,,,,140,,
,,Chicken chilli,,,,1 Pc,180,180,,,,,,180,,
,,Chicken chilli,,,,1 Pc,200,200,,,,,,200,,
,,Chilli Half,,,,1 Pc,110,110,,,,,,110,,
,,Chicken lolipop Full,,,,1 Pc,280,280,,,,,,280,,
,,Chicken crispy,,,,1 Pc,100,100,,,,,,100,,
,,Veg Noodles,,,,1 Pc,110,110,,,,,,110,,
,,Veg noodles Half,,,,1 Pc,60,60,,,,,,60,,
,,Double eggs Roll,,,,1 Pc,60,60,,,,,,60,,
,,Chicken chilli,,,,1 Pc,200,200,,,,,,200,,
,,Paneer roll,,,,1 Pc,70,70,,,,,,70,,
,,Veg noodles Half,,,,1 Pc,60,60,,,,,,60,,
,,Paratha,,,,2 Pc,25,50,,,,,,50,,
,,Egg roll,,,,1 Pc,50,50,,,,,,50,,
,,Chicken Rice Half,,,,1 Pc,80,80,,,,,,80,,
19/12/2024,INV-00246,Cash,,,,,,,,,,,,,0,2779
,,Paneer chilli,,,,1 Pc,180,180,,,,,,180,,
,,Veg Noodles,,,,1 Pc,110,110,,,,,,110,,
,,Paneer roll,,,,2 Pc,70,140,,,,,,140,,
,,Chicken burger,,,,3 Pc,60,180,,,,,,180,,
,,Egg roll,,,,1 Pc,50,50,,,,,,50,,
,,Chicken Double Cheese Burger,,,,1 Pc,85,85,,,,,,85,,
,,Chicken Noodles Half,,,,1 Pc,80,80,,,,,,80,,
,,Veg Noodles,,,,1 Pc,110,110,,,,,,110,,
,,Veg noodles Half,,,,1 Pc,60,60,,,,,,60,,
,,Chicken combi roll,,,,3 Pc,100,300,,,,,,300,,
,,Chicken roll,,,,2 Pc,80,160,,,,,,160,,
,,Chicken noodles,,,,1 Pc,150,150,,,,,,150,,
,,Egg burger,,,,2 Pc,30,60,,,,,,60,,
,,Double eggs Roll,,,,1 Pc,60,60,,,,,,60,,
,,Veg Manchurian,,,,1 Pc,129,129,,,,,,129,,
,,Chicken Manchurian Half,,,,1 Pc,90,90,,,,,,90,,
,,Paratha,,,,3 Pc,25,75,,,,,,75,,
,,Chicken egg roll single,,,,2 Pc,90,180,,,,,,180,,
,,Chicken double eggs Roll,,,,1 Pc,100,100,,,,,,100,,
,,Chicken roll,,,,1 Pc,80,80,,,,,,80,,
,,Chicken 65,,,,1 Pc,220,220,,,,,,220,,
,,Chicken crispy,,,,1 Pc,100,100,,,,,,100,,
,,Chicken Rice Half,,,,1 Pc,80,80,,,,,,80,,
20/12/2024,INV-00247,Cash,,,,,,,,,,,,,0,3000
,,Chicken Lolipop Half,,,,1 Pc,155,155,,,,,,155,,
,,Paratha,,,,4 Pc,25,100,,,,,,100,,
,,Veg Burger,,,,1 Pc,50,50,,,,,,50,,
,,Veg Burger,,,,1 Pc,50,50,,,,,,50,,
,,Chicken roll,,,,2 Pc,80,160,,,,,,160,,
,,Chicken noodles,,,,1 Pc,150,150,,,,,,150,,
,,French fries,,,,1 Pc,55,55,,,,,,55,,
,,Chicken combi roll,,,,2 Pc,100,200,,,,,,200,,
,,French fries,,,,1 Pc,55,55,,,,,,55,,
,,Egg roll,,,,1 Pc,50,50,,,,,,50,,
,,Egg double burger,,,40,1 Pc,40,40,,,,,,40,,
,,Veg roll,,,,1 Pc,45,45,,,,,,45,,
,,Chicken noodles,,,,1 Pc,150,150,,,,,,150,,
,,Double eggs Roll,,,,4 Pc,60,240,,,,,,240,,
,,Chicken roll,,,,1 Pc,80,80,,,,,,80,,
,,Paratha,,,,2 Pc,25,50,,,,,,50,,
,,Chicken Manchurian Half,,,,1 Pc,90,90,,,,,,90,,
,,Chicken noodles,,,,1 Pc,150,150,,,,,,150,,
,,Chicken Schezwan Rice,,,,2 Pc,100,200,,,,,,200,,
,,Double eggs Roll,,,,1 Pc,60,60,,,,,,60,,
,,Chicken egg roll single,,,,1 Pc,90,90,,,,,,90,,
,,French fries,,,,2 Pc,55,110,,,,,,110,,
,,Chicken 65,,,,1 Pc,220,220,,,,,,220,,
,,Paneer fried rice,,,,1 Pc,150,150,,,,,,150,,
,,Chicken chilli,,,,1 Pc,200,200,,,,,,200,,
,,Paratha,,,,4 Pc,25,100,,,,,,100,,
21/12/2024,INV-00248,Cash,,,,,,,,,,,,,0,3500
,,Chicken Rice Half,,,,3 Pc,80,240,,,,,,240,,
,,Veg roll,,,,2 Pc,45,90,,,,,,90,,
,,Chicken noodles,,,,1 Pc,150,150,,,,,,150,,
,,Chicken roll,,,,1 Pc,80,80,,,,,,80,,
,,Chicken burger,,,,4 Pc,60,240,,,,,,240,,
,,Chicken burger,,,,1 Pc,60,60,,,,,,60,,
,,Chicken cheese burger,,,,3 Pc,75,225,,,,,,225,,
,,Veg roll,,,,1 Pc,45,45,,,,,,45,,
,,Chicken noodles,,,,1 Pc,150,150,,,,,,150,,
,,Chicken Boneless Half,,,,1 Pc,85,85,,,,,,85,,
,,Veg roll,,,,5 Pc,60,300,,,,,,300,,
,,Chicken double eggs Roll,,,,2 Pc,100,200,,,,,,200,,
,,Chiken boneless,,,,1.5 Pc,150,225,,,,,,225,,
,,Chicken burger,,,,2 Pc,60,120,,,,,,120,,
,,Chicken lolipop Full,,,,2 Pc,280,560,,,,,,560,,
,,Veg Burger,,,,2 Pc,50,100,,,,,,100,,
,,French fries,,,,1 Pc,55,55,,,,,,55,,
,,Chicken crispy,,,,1 Pc,100,100,,,,,,100,,
,,Chicken Manchauw Soup Half,,,,1 Pc,60,60,,,,,,60,,
,,French fries,,,,3 Pc,55,165,,,,,,165,,
,,Egg roll,,,,1 Pc,50,50,,,,,,50,,
,,Egg roll,,,,1 Pc,50,50,,,,,,50,,
,,Chiken boneless,,,,1 Pc,150,150,,,,,,150,,
22/12/2024,INV-00249,Cash,,,,,,,,,,,,,0,4205
,,Paneer Rice Half,,,,1 Pc,80,80,,,,,,80,,
,,Paneer roll,,,,2 Pc,70,140,,,,,,140,,
,,Chicken roll,,,,1 Pc,80,80,,,,,,80,,
,,Chicken roll,,,,2 Pc,80,160,,,,,,160,,
,,Paneer roll,,,,1 Pc,70,70,,,,,,70,,
,,Veg Burger,,,,4 Pc,50,200,,,,,,200,,
,,Double eggs Roll,,,,1 Pc,60,60,,,,,,60,,
,,Chicken double eggs Roll,,,,1 Pc,100,100,,,,,,100,,
,,Chicken noodles,,,,1 Pc,150,150,,,,,,150,,
,,Chicken Boneless Half,,,,1 Pc,85,85,,,,,,85,,
,,French fries,,,,1 Pc,55,55,,,,,,55,,
,,Veg cheese burger,,,,1 Pc,65,65,,,,,,65,,
,,Chicken Lolipop Half,,,,1 Pc,155,155,,,,,,155,,
,,Double eggs Roll,,,,3 Pc,60,180,,,,,,180,,
,,Veg Noodles,,,,1 Pc,110,110,,,,,,110,,
,,Veg Manchurian Half,,,,1 Pc,75,75,,,,,,75,,
,,Veg Noodles,,,,1 Pc,110,110,,,,,,110,,
,,Chicken lolipop Full,,,,1 Pc,280,280,,,,,,280,,
,,Chicken noodles,,,,1 Pc,150,150,,,,,,150,,
,,Chicken chilli,,,,1 Pc,200,200,,,,,,200,,
,,Double eggs Roll,,,,2 Pc,60,120,,,,,,120,,
,,Egg roll,,,,1 Pc,50,50,,,,,,50,,
,,Egg roll,,,,1 Pc,50,50,,,,,,50,,
,,Chicken roll,,,,1 Pc,80,80,,,,,,80,,
,,Chicken burger,,,,3 Pc,60,180,,,,,,180,,
,,Chicken lolipop Full,,,,1 Pc,280,280,,,,,,280,,
,,Paratha,,,,4 Pc,25,100,,,,,,100,,
,,Paratha,,,,6 Pc,25,150,,,,,,150,,
,,Veg Manchurian Half,,,,1 Pc,75,75,,,,,,75,,
,,Chicken roll,,,,2 Pc,80,160,,,,,,160,,
,,Chicken Rice Half,,,,1 Pc,80,80,,,,,,80,,
,,Chiken boneless,,,,1.5 Pc,150,225,,,,,,225,,
,,Chiken boneless,,,,1 Pc,150,150,,,,,,150,,
23/12/2024,INV-00250,Cash,,,,,,,,,,,,,0,3210
,,Chicken Boneless Half,,,,1 Pc,85,85,,,,,,85,,
,,Chicken fried rice,,,,1 Pc,150,150,,,,,,150,,
,,Chicken Boneless Half,,,,1 Pc,40,40,,,,,,40,,
,,Chicken burger,,,,1 Pc,60,60,,,,,,60,,
,,Chicken Rice Half,,,,1 Pc,80,80,,,,,,80,,
,,Chicken noodles,,,,1 Pc,150,150,,,,,,150,,
,,Paneer Noodles Half,,,,1 Pc,80,80,,,,,,80,,
,,Veg cheese burger,,,,2 Pc,65,130,,,,,,130,,
,,Veg Manchurian Half,,,,1 Pc,75,75,,,,,,75,,
,,Chicken noodles,,,,1 Pc,150,150,,,,,,150,,
,,Chicken fried rice,,,,1 Pc,150,150,,,,,,150,,
,,Chicken Lolipop Half,,,,1 Pc,155,155,,,,,,155,,
,,Chicken noodles,,,,1 Pc,150,150,,,,,,150,,
,,Chicken Lolipop Half,,,,1 Pc,155,155,,,,,,155,,
,,Double eggs Roll,,,,2 Pc,60,120,,,,,,120,,
,,Chicken noodles,,,,1 Pc,150,150,,,,,,150,,
,,Chicken Noodles Half,,,,1 Pc,80,80,,,,,,80,,
,,Chicken fried rice,,,,3 Pc,150,450,,,,,,450,,
,,Chicken fried rice,,,,1 Pc,150,150,,,,,,150,,
,,Double eggs Roll,,,,2 Pc,60,120,,,,,,120,,
,,Chicken double eggs Roll,,,,1 Pc,100,100,,,,,,100,,
,,Chicken lolipop Full,,,,1 Pc,280,280,,,,,,280,,
,,Chicken fried rice,,,,1 Pc,150,150,,,,,,150,,
24/12/2024,INV-00251,Cash,,,,,,,,,,,,,0,2994
,,Chicken burger,,,,2 Pc,60,120,,,,,,120,,
,,Chicken roll,,,,2 Pc,80,160,,,,,,160,,
,,Chiken boneless,,,,1 Pc,150,150,,,,,,150,,
,,Chicken Schezwan Rice,,,,1 Pc,90,90,,,,,,90,,
,,Chicken Rice Half,,,,1 Pc,80,80,,,,,,80,,
,,Chicken schezwan,,,,1 Pc,170,170,,,,,,170,,
,,Chicken burger,,,,2 Pc,60,120,,,,,,120,,
,,Chicken noodles,,,,1 Pc,150,150,,,,,,150,,
,,Veg roll,,,,2 Pc,45,90,,,,,,90,,
,,Veg Burger,,,,1 Pc,50,50,,,,,,50,,
,,Veg cheese burger,,,,1 Pc,65,65,,,,,,65,,
,,Chicken roll,,,,1 Pc,80,80,,,,,,80,,
,,Veg Manchurian,,,,1 Pc,129,129,,,,,,129,,
,,Veg Noodles,,,,1 Pc,110,110,,,,,,110,,
,,Veg roll,,,,3 Pc,45,135,,,,,,135,,
,,Chicken noodles,,,,1 Pc,150,150,,,,,,150,,
,,Chicken roll,,,,3 Pc,80,240,,,,,,240,,
,,Chicken Rice Half,,,,3 Pc,80,240,,,,,,240,,
,,Chicken chilli,,,,1 Pc,200,200,,,,,,200,,
,,Veg Burger,,,,1 Pc,50,50,,,,,,50,,
,,Chicken Rice Half,,,,1 Pc,80,80,,,,,,80,,
,,Paneer Rice Half,,,,1 Pc,80,80,,,,,,80,,
,,Veg Burger,,,,2 Pc,50,100,,,,,,100,,
,,Chicken Lolipop Half,,,,1 Pc,155,155,,,,,,155,,
25/12/2024,INV-00252,Cash,,,,,,,,,,,,,0,3318
,,Chicken combi roll,,,,3 Pc,100,300,,,,,,300,,
,,Chicken roll,,,,1 Pc,80,80,,,,,,80,,
,,Veg roll,,,,1 Pc,45,45,,,,,,45,,
,,Egg roll,,,,1 Pc,50,50,,,,,,50,,
,,Chicken fried rice,,,,2 Pc,150,300,,,,,,300,,
,,Chicken Rice Half,,,,2 Pc,80,160,,,,,,160,,
,,Chicken noodles,,,,1 Pc,150,150,,,,,,150,,
,,Egg roll,,,,1 Pc,50,50,,,,,,50,,
,,Paneer roll,,,,1 Pc,70,70,,,,,,70,,
,,Veg Burger,,,,1 Pc,50,50,,,,,,50,,
,,Paneer roll,,,,1 Pc,70,70,,,,,,70,,
,,Veg Burger,,,,1 Pc,50,50,,,,,,50,,
,,Veg cheese burger,,,,1 Pc,65,65,,,,,,65,,
,,Paneer roll,,,,1 Pc,70,70,,,,,,70,,
,,Chilli Half,,,,1 Pc,110,110,,,,,,110,,
,,Paratha,,,,2 Pc,25,50,,,,,,50,,
,,Chicken Noodles Half,,,,1 Pc,80,80,,,,,,80,,
,,Chicken Noodles Half,,,,1 Pc,80,80,,,,,,80,,
,,Chicken cheese burger,,,,1 Pc,75,75,,,,,,75,,
,,Veg Manchurian,,,,2 Pc,129,258,,,,,,258,,
,,Chicken Schezwan Rice,,,,2 Pc,90,180,,,,,,180,,
,,Chicken Schezwan Noodles Half,,,,1 Pc,90,90,,,,,,90,,
,,Chicken roll,,,,2 Pc,80,160,,,,,,160,,
,,French fries,,,,1 Pc,55,55,,,,,,55,,
,,Chicken burger,,,,1 Pc,60,60,,,,,,60,,
,,Chicken crispy,,,,1 Pc,100,100,,,,,,100,,
,,Chilli Half,,,,1 Pc,110,110,,,,,,110,,
,,Chicken Boneless Half,,,,1 Pc,85,85,,,,,,85,,
,,Chicken fried rice,,,,1 Pc,150,150,,,,,,150,,
,,Chicken Boneless Half,,,,1 Pc,85,85,,,,,,85,,
,,Chicken roll,,,,1 Pc,80,80,,,,,,80,,
26/12/2024,INV-00253,Cash,,,,,,,,,,,,,0,3319
,,Veg Noodles,,,,1 Pc,110,110,,,,,,110,,
,,Veg Manchurian Half,,,,1 Pc,75,75,,,,,,75,,
,,Chicken fried rice,,,,1 Pc,150,150,,,,,,150,,
,,Chicken crispy,,,,1 Pc,100,100,,,,,,100,,
,,Chicken Rice Half,,,,1 Pc,80,80,,,,,,80,,
,,Paneer roll,,,,1 Pc,70,70,,,,,,70,,
,,Chicken roll,,,,2 Pc,80,160,,,,,,160,,
,,Paneer roll,,,,1 Pc,70,70,,,,,,70,,
,,Veg Manchurian,,,,1 Pc,129,129,,,,,,129,,
,,French fries,,,,1 Pc,55,55,,,,,,55,,
,,Chicken roll,,,,4 Pc,80,320,,,,,,320,,
,,Chicken burger,,,,1 Pc,60,60,,,,,,60,,
,,Chicken Noodles Half,,,,1 Pc,80,80,,,,,,80,,
,,Paneer Rice Half,,,,1 Pc,80,80,,,,,,80,,
,,Egg roll,,,,1 Pc,50,50,,,,,,50,,
,,Double eggs Roll,,,,1 Pc,60,60,,,,,,60,,
,,Chicken roll,,,,6 Pc,80,480,,,,,,480,,
,,Chicken roll,,,,1 Pc,80,80,,,,,,80,,
,,Paneer chilli Half,,,,1 Pc,100,100,,,,,,100,,
,,Paneer roll,,,,3 Pc,70,210,,,,,,210,,
,,Chicken egg roll single,,,,2 Pc,90,180,,,,,,180,,
,,Chicken Schezwan Rice,,,,1 Pc,90,90,,,,,,90,,
,,Egg roll,,,,3 Pc,50,150,,,,,,150,,
,,Chicken Manchauw Soup Half,,,,2 Pc,60,120,,,,,,120,,
,,Veg Burger,,,,2 Pc,50,100,,,,,,100,,
,,Chicken Rice Half,,,,2 Pc,80,160,,,,,,160,,
27/12/2024,INV-00254,Cash,,,,,,,,,,,,,0,2730
,,Paratha,,,,2 Pc,25,50,,,,,,50,,
,,Chicken Schezwan Half,,,,1 Pc,95,95,,,,,,95,,
,,Double eggs Roll,,,,1 Pc,60,60,,,,,,60,,
,,Chicken Rice Half,,,,2 Pc,80,160,,,,,,160,,
,,Double eggs Roll,,,,1 Pc,60,60,,,,,,60,,
,,Veg roll,,,,1 Pc,45,45,,,,,,45,,
,,Veg roll,,,,1 Pc,45,45,,,,,,45,,
,,Double eggs Roll,,,,1 Pc,60,60,,,,,,60,,
,,Veg noodles Half,,,,1 Pc,60,60,,,,,,60,,
,,Chicken lolipop Full,,,,1 Pc,280,280,,,,,,280,,
,,Chicken combi roll,,,,2 Pc,100,200,,,,,,200,,
,,Egg burger,,,,2 Pc,30,60,,,,,,60,,
,,Double eggs Roll,,,,2 Pc,60,120,,,,,,120,,
,,Veg noodles Half,,,,1 Pc,60,60,,,,,,60,,
,,Veg Burger,,,,2 Pc,50,100,,,,,,100,,
,,Chicken burger,,,,1 Pc,60,60,,,,,,60,,
,,Chicken lolipop Full,,,,2 Pc,280,560,,,,,,560,,
,,Paratha,,,,1 Pc,25,25,,,,,,25,,
,,Chicken roll,,,,1 Pc,80,80,,,,,,80,,
,,Chicken lolipop Full,,,,1 Pc,280,280,,,,,,280,,
,,Veg Burger,,,,3 Pc,50,150,,,,,,150,,
,,Paneer roll,,,,1 Pc,70,70,,,,,,70,,
,,Egg roll,,,,1 Pc,50,50,,,,,,50,,
28/12/2024,INV-00255,Cash,,,,,,,,,,,,,0,3270
,,Chicken roll,,,,3 Pc,80,240,,,,,,240,,
,,Paneer roll,,,,1 Pc,70,70,,,,,,70,,
,,Chicken egg roll single,,,,1 Pc,90,90,,,,,,90,,
,,Chicken roll,,,,2 Pc,80,160,,,,,,160,,
,,Chicken cheese burger,,,,1 Pc,75,75,,,,,,75,,
,,Paneer roll,,,,1 Pc,70,70,,,,,,70,,
,,Chicken roll,,,,4 Pc,80,320,,,,,,320,,
,,Double eggs Roll,,,,1 Pc,60,60,,,,,,60,,
,,Chicken roll,,,,2 Pc,80,160,,,,,,160,,
,,Chicken egg roll single,,,,1 Pc,90,90,,,,,,90,,
,,Chicken burger,,,,3 Pc,60,180,,,,,,180,,
,,French fries,,,,1 Pc,55,55,,,,,,55,,
,,Chiken boneless,,,,1 Pc,150,150,,,,,,150,,
,,Chicken Schezwan Rice,,,,2 Pc,90,180,,,,,,180,,
,,Chicken roll,,,,1 Pc,80,80,,,,,,80,,
,,French fries,,,,1 Pc,55,55,,,,,,55,,
,,Chicken noodles,,,,1 Pc,150,150,,,,,,150,,
,,Chicken burger,,,,1 Pc,60,60,,,,,,60,,
,,Chicken Manchauw Soup Half,,,,2 Pc,60,120,,,,,,120,,
,,Double eggs Roll,,,,1 Pc,60,60,,,,,,60,,
,,Chicken double eggs Roll,,,,2 Pc,100,200,,,,,,200,,
,,Chicken crispy,,,,1 Pc,100,100,,,,,,100,,
,,Chicken Double Cheese Burger,,,,2 Pc,85,170,,,,,,170,,
,,French fries,,,,1 Pc,55,55,,,,,,55,,
,,Chicken Manchauw Soup Half,,,,1 Pc,60,60,,,,,,60,,
,,Chicken Rice Half,,,,1 Pc,80,80,,,,,,80,,
,,Chicken double eggs Roll,,,,1 Pc,100,100,,,,,,100,,
,,Chicken roll,,,,1 Pc,80,80,,,,,,80,,
29/12/2024,INV-00256,Cash,,,,,,,,,,,,,0,3380
,,Chicken crispy,,,,4 Pc,100,400,,,,,,400,,
,,Chicken combi roll,,,,3 Pc,100,300,,,,,,300,,
,,Veg roll,,,,3 Pc,45,135,,,,,,135,,
,,Chicken roll,,,,3 Pc,80,240,,,,,,240,,
,,Veg Burger,,,,1 Pc,50,50,,,,,,50,,
,,Chicken burger,,,,1 Pc,60,60,,,,,,60,,
,,Paneer Rice Half,,,,1 Pc,80,80,,,,,,80,,
,,Chicken cheese burger,,,,1 Pc,75,75,,,,,,75,,
,,Chicken schezwan,,,,1 Pc,170,170,,,,,,170,,
,,Chicken burger,,,,1 Pc,60,60,,,,,,60,,
,,Chicken Lolipop Half,,,,1 Pc,155,155,,,,,,155,,
,,Chicken Rice Half,,,,1 Pc,80,80,,,,,,80,,
,,Chicken roll,,,,3 Pc,80,240,,,,,,240,,
,,Paneer roll,,,,1 Pc,70,70,,,,,,70,,
,,Chicken Noodles Half,,,,1 Pc,80,80,,,,,,80,,
,,Chicken Schezwan Noodles Half,,,,1 Pc,90,90,,,,,,90,,
,,Chicken Schezwan Rice,,,,1 Pc,90,90,,,,,,90,,
,,Chicken lolipop Full,,,,2 Pc,280,560,,,,,,560,,
,,Double eggs Roll,,,,2 Pc,60,120,,,,,,120,,
,,Chiken boneless,,,,1.5 Pc,150,225,,,,,,225,,
,,Paratha,,,,4 Pc,25,100,,,,,,100,,
30/12/2024,INV-00257,Cash,,,,,,,,,,,,,0,3620
,,Double eggs Roll,,,,2 Pc,60,120,,,,,,120,,
,,Chilli Half,,,,1 Pc,110,110,,,,,,110,,
,,Chicken noodles,,,,1 Pc,150,150,,,,,,150,,
,,Double eggs Roll,,,,1 Pc,60,60,,,,,,60,,
,,Chilli Half,,,,1 Pc,110,110,,,,,,110,,
,,Chicken noodles,,,,1 Pc,150,150,,,,,,150,,
,,Chicken roll,,,,1 Pc,80,80,,,,,,80,,
,,Chicken crispy,,,,2 Pc,100,200,,,,,,200,,
,,Veg roll,,,,2 Pc,45,90,,,,,,90,,
,,Chicken cheese roll,,,,1 Pc,100,100,,,,,,100,,
,,Chicken crispy,,,,1 Pc,100,100,,,,,,100,,
,,Chicken Manchauw Soup Half,,,,1 Pc,60,60,,,,,,60,,
,,Chicken roll,,,,1 Pc,80,80,,,,,,80,,
,,Chicken noodles,,,,2 Pc,150,300,,,,,,300,,
,,Chicken double eggs Roll,,,,2 Pc,100,200,,,,,,200,,
,,Chicken crispy,,,,2 Pc,100,200,,,,,,200,,
,,Chicken Triple Rice,,,,1 Pc,200,200,,,,,,200,,
,,Chicken combi roll,,,,5 Pc,100,500,,,,,,500,,
,,Chicken cheese roll,,,,1 Pc,90,90,,,,,,90,,
,,Paneer roll,,,,1 Pc,70,70,,,,,,70,,
,,Chicken Rice Half,,,,2 Pc,80,160,,,,,,160,,
,,Chicken roll,,,,1 Pc,80,80,,,,,,80,,
,,French fries,,,,1 Pc,55,55,,,,,,55,,
,,Chicken Lolipop Half,,,,1 Pc,155,155,,,,,,155,,
,,Chicken crispy,,,,2 Pc,100,200,,,,,,200,,
31/12/2024,INV-00258,Cash,,,,,,,,,,,,,0,4513
,,Veg noodles Half,,,,1 Pc,60,60,,,,,,60,,
,,Chicken double eggs Roll,,,,4 Pc,100,400,,,,,,400,,
,,Egg  chicken roll,,,,1 Pc,90,90,,,,,,90,,
,,Chicken egg roll single,,,,3 Pc,90,270,,,,,,270,,
,,Chicken burger,,,,1 Pc,60,60,,,,,,60,,
,,Chicken Schezwan Rice,,,,1 Pc,90,90,,,,,,90,,
,,Chicken Rice Half,,,,1 Pc,80,80,,,,,,80,,
,,Chicken roll,,,,2 Pc,80,160,,,,,,160,,
,,French fries,,,,1 Pc,55,55,,,,,,55,,
,,Chicken soup hot and sour,,,,1 Pc,100,100,,,,,,100,,
,,Veg Noodles,,,,1 Pc,110,110,,,,,,110,,
,,Veg Manchurian,,,,1 Pc,129,129,,,,,,129,,
,,Veg cheese burger,,,,2 Pc,65,130,,,,,,130,,
,,Veg noodles Half,,,,1 Pc,60,60,,,,,,60,,
,,Paneer roll,,,,1 Pc,70,70,,,,,,70,,
,,Veg Burger,,,,2 Pc,50,100,,,,,,100,,
,,Paneer chilli,,,,1 Pc,180,180,,,,,,180,,
,,Chicken Noodles Half,,,,1 Pc,80,80,,,,,,80,,
,,Veg Noodles,,,,1 Pc,110,110,,,,,,110,,
,,Chicken Manchauw Soup Half,,,,1 Pc,60,60,,,,,,60,,
,,Veg Burger,,,,1 Pc,50,50,,,,,,50,,
,,Chicken Noodles Half,,,,1 Pc,80,80,,,,,,80,,
,,Chicken Schezwan Noodles Half,,,,1 Pc,90,90,,,,,,90,,
,,Veg Burger,,,,1 Pc,50,50,,,,,,50,,
,,Chicken lolipop Full,,,,1 Pc,260,260,,,,,,260,,
,,Chicken fried rice,,,,2 Pc,140,280,,,,,,280,,
,,Double eggs chicken roll,,,,2 Pc,100,200,,,,,,200,,
,,Veg Manchurian Half,,,,2 Pc,75,150,,,,,,150,,
,,Paneer Manchurian,,,,1 Pc,150,150,,,,,,150,,
,,Paneer chilli Half,,,,1 Pc,100,100,,,,,,100,,
,,Veg noodles Half,,,,1 Pc,60,60,,,,,,60,,
,,Double eggs Roll,,,,2 Pc,60,120,,,,,,120,,
,,Chicken egg roll single,,,,1 Pc,90,90,,,,,,90,,
,,Egg roll,,,,1 Pc,50,50,,,,,,50,,
,,Chicken crispy,,,,1 Pc,100,100,,,,,,100,,
,,Chicken Noodles Half,,,,2 Pc,80,160,,,,,,160,,
,,Veg Manchurian,,,,1 Pc,129,129,,,,,,129,,
01/01/2025,INV-00259,Cash,,,,,,,,,,,,,0,4435
,,Chicken fried rice,,,,1 Pc,150,150,,,,,,150,,
,,Chicken combi roll,,,,1 Pc,100,100,,,,,,100,,
,,Chicken soup hot and sour,,,,2 Pc,50,100,,,,,,100,,
,,Chicken crispy,,,,1 Pc,100,100,,,,,,100,,
,,French fries,,,,2 Pc,55,110,,,,,,110,,
,,Chicken cheese burger,,,,2 Pc,75,150,,,,,,150,,
,,Chicken cheese roll,,,,1 Pc,90,90,,,,,,90,,
,,Chicken burger,,,,1 Pc,60,60,,,,,,60,,
,,Chicken roll,,,,1 Pc,80,80,,,,,,80,,
,,Chicken Manchauw Soup Half,,,,1 Pc,60,60,,,,,,60,,
,,Chicken noodles,,,,1 Pc,150,150,,,,,,150,,
,,Chicken roll,,,,5 Pc,80,400,,,,,,400,,
,,Chicken combi roll,,,,2 Pc,100,200,,,,,,200,,
,,Paratha,,,,2 Pc,25,50,,,,,,50,,
,,Chiken boneless,,,,1 Pc,150,150,,,,,,150,,
,,Veg noodles Half,,,,1 Pc,60,60,,,,,,60,,
,,Chicken Boneless Half,,,,1 Pc,85,85,,,,,,85,,
,,Chiken boneless,,,,1 Pc,150,150,,,,,,150,,
,,Chicken Rice Half,,,,1 Pc,80,80,,,,,,80,,
,,Chicken Rice Half,,,,2 Pc,80,160,,,,,,160,,
,,Paneer roll,,,,2 Pc,70,140,,,,,,140,,
,,Veg Burger,,,,1 Pc,50,50,,,,,,50,,
,,Chicken roll,,,,2 Pc,80,160,,,,,,160,,
,,Chicken Noodles Half,,,,1 Pc,80,80,,,,,,80,,
,,Paneer Noodles Half,,,,3 Pc,80,240,,,,,,240,,
,,Paneer cheese roll,,,,2 Pc,80,160,,,,,,160,,
,,Chicken fried rice,,,,1 Pc,150,150,,,,,,150,,
,,Chicken Rice Half,,,,2 Pc,80,160,,,,,,160,,
,,Chicken lolipop Full,,,,1 Pc,280,280,,,,,,280,,
,,Paratha,,,,4 Pc,25,100,,,,,,100,,
,,Chicken lolipop Full,,,,1 Pc,280,280,,,,,,280,,
,,Paratha,,,,6 Pc,25,150,,,,,,150,,
02/01/2025,INV-00260,Cash,,,,,,,,,,,,,0,3135
,,Veg Noodles,,,,1 Pc,110,110,,,,,,110,,
,,Paneer chilli,,,,1 Pc,180,180,,,,,,180,,
,,Chicken burger,,,,1 Pc,60,60,,,,,,60,,
,,Chicken burger,,,,10 Pc,60,600,,,,,,600,,
,,Chicken Manchauw Soup Half,,,,2 Pc,60,120,,,,,,120,,
,,Chicken Noodles Half,,,,1 Pc,80,80,,,,,,80,,
,,Chiken boneless,,,,1 Pc,150,150,,,,,,150,,
,,Veg Noodles,,,,1 Pc,110,110,,,,,,110,,
,,Chicken burger,,,,2 Pc,60,120,,,,,,120,,
,,Chicken noodles,,,,1 Pc,150,150,,,,,,150,,
,,Chicken cheese roll,,,,1 Pc,90,90,,,,,,90,,
,,Veg noodles Half,,,,1 Pc,60,60,,,,,,60,,
,,Chilli Half,,,,1 Pc,110,110,,,,,,110,,
,,Chicken noodles,,,,2 Pc,150,300,,,,,,300,,
,,Chicken Noodles Half,,,,1 Pc,80,80,,,,,,80,,
,,Chicken lolipop Full,,,,1 Pc,280,280,,,,,,280,,
,,Chicken Noodles Half,,,,1 Pc,80,80,,,,,,80,,
,,Double eggs Roll,,,,2 Pc,60,120,,,,,,120,,
,,Egg roll,,,,1 Pc,50,50,,,,,,50,,
,,Chicken cheese burger,,,,1 Pc,75,75,,,,,,75,,
,,Chicken crispy,,,,1 Pc,100,100,,,,,,100,,
,,Chicken burger,,,,1 Pc,60,60,,,,,,60,,
,,Veg Burger,,,,1 Pc,50,50,,,,,,50,,
03/01/2025,INV-00267,Cash,,,,,,,,,,,,,0,2725
,,Paneer Rice Half,,,,1 Pc,80,80,,,,,,80,,
,,Egg roll,,,,2 Pc,50,100,,,,,,100,,
,,Paneer roll,,,,1 Pc,70,70,,,,,,70,,
,,Chilli Half,,,,1 Pc,110,110,,,,,,110,,
,,Paratha,,,,2 Pc,25,50,,,,,,50,,
,,Chicken Noodles Half,,,,1 Pc,80,80,,,,,,80,,
,,Chicken cheese burger,,,,1 Pc,75,75,,,,,,75,,
,,Paneer roll,,,,1 Pc,70,70,,,,,,70,,
,,Paneer Noodles Half,,,,1 Pc,80,80,,,,,,80,,
,,Chicken chilli,,,,1 Pc,200,200,,,,,,200,,
,,Veg Noodles,,,,1 Pc,110,110,,,,,,110,,
,,Paneer Noodles Half,,,,3 Pc,80,240,,,,,,240,,
,,Double eggs Roll,,,,1 Pc,60,60,,,,,,60,,
,,Veg Burger,,,,1 Pc,50,50,,,,,,50,,
,,Egg roll,,,,2 Pc,50,100,,,,,,100,,
,,Veg fried rice,,,,1 Pc,110,110,,,,,,110,,
,,Chicken lolipop Full,,,,1 Pc,280,280,,,,,,280,,
,,Chicken Lolipop Half,,,,1 Pc,155,155,,,,,,155,,
,,Chicken crispy,,,,1 Pc,100,100,,,,,,100,,
,,Chicken Noodles Half,,,,1 Pc,80,80,,,,,,80,,
,,Chicken egg roll single,,,,1 Pc,90,90,,,,,,90,,
,,Egg roll,,,,1 Pc,50,50,,,,,,50,,
,,Chicken crispy,,,,1 Pc,100,100,,,,,,100,,
,,Chicken cheese burger,,,,1 Pc,75,75,,,,,,75,,
,,Chicken soup hot and sour,,,,2 Pc,50,100,,,,,,100,,
,,Chilli Half,,,,1 Pc,110,110,,,,,,110,,
04/01/2025,INV-00261,Cash,,,,,,,,,,,,,0,1785
,,Chicken Schezwan Noodles Half,,,,1 Pc,90,90,,,,,,90,,
,,Paneer Noodles Half,,,,1 Pc,80,80,,,,,,80,,
,,Veg Manchurian Half,,,,1 Pc,75,75,,,,,,75,,
,,Paneer roll,,,,2 Pc,70,140,,,,,,140,,
,,Chicken roll,,,,1 Pc,80,80,,,,,,80,,
,,Chicken crispy,,,,1 Pc,100,100,,,,,,100,,
,,Chicken Schezwan Noodles Half,,,,1 Pc,90,90,,,,,,90,,
,,Paneer chilli,,,,1 Pc,180,180,,,,,,180,,
,,Chicken Schezwan Rice,,,,1 Pc,90,90,,,,,,90,,
,,Double eggs Roll,,,,1 Pc,60,60,,,,,,60,,
,,Chiken boneless,,,,1 Pc,150,150,,,,,,150,,
,,Chicken burger,,,,2 Pc,60,120,,,,,,120,,
,,Chicken roll,,,,2 Pc,80,160,,,,,,160,,
,,French fries,,,,1 Pc,55,55,,,,,,55,,
,,Paneer chilli,,,,1 Pc,180,180,,,,,,180,,
,,Paratha,,,,2 Pc,25,50,,,,,,50,,
,,Chicken Boneless Half,,,,1 Pc,85,85,,,,,,85,,
05/01/2025,INV-00262,Cash,,,,,,,,,,,,,0,3270
,,Veg roll,,,,1 Pc,45,45,,,,,,45,,
,,Chicken crispy,,,,1 Pc,100,100,,,,,,100,,
,,Chicken burger,,,,1 Pc,60,60,,,,,,60,,
,,Chicken roll,,,,2 Pc,80,160,,,,,,160,,
,,Egg roll,,,,1 Pc,50,50,,,,,,50,,
,,Veg roll,,,,1 Pc,45,45,,,,,,45,,
,,Chicken noodles,,,,1 Pc,150,150,,,,,,150,,
,,Chicken Boneless Half,,,,1 Pc,85,85,,,,,,85,,
,,Chiken boneless,,,,1 Pc,150,150,,,,,,150,,
,,Chicken noodles,,,,1 Pc,150,150,,,,,,150,,
,,Chilli Half,,,,1 Pc,110,110,,,,,,110,,
,,Chicken noodles,,,,1 Pc,150,150,,,,,,150,,
,,Chicken Noodles Half,,,,1 Pc,80,80,,,,,,80,,
,,Chicken roll,,,,1 Pc,80,80,,,,,,80,,
,,Egg roll,,,,1 Pc,50,50,,,,,,50,,
,,Chicken crispy,,,,1 Pc,100,100,,,,,,100,,
,,Chicken Noodles Half,,,,1 Pc,80,80,,,,,,80,,
,,Veg Hot and Sour Soup Half,,,,1 Pc,50,50,,,,,,50,,
,,Veg roll,,,,1 Pc,45,45,,,,,,45,,
,,Chicken cheese burger,,,,3 Pc,75,225,,,,,,225,,
,,Chicken Rice Half,,,,1 Pc,80,80,,,,,,80,,
,,Chicken Noodles Half,,,,1 Pc,80,80,,,,,,80,,
,,Paneer roll,,,,1 Pc,70,70,,,,,,70,,
,,Chicken Boneless Half,,,,1 Pc,85,85,,,,,,85,,
,,Chicken crispy,,,,1 Pc,100,100,,,,,,100,,
,,Chicken burger,,,,1 Pc,60,60,,,,,,60,,
,,Veg Burger,,,,1 Pc,50,50,,,,,,50,,
,,Paneer 65,,,,2 Pc,180,360,,,,,,360,,
,,Chicken Rice Half,,,,2 Pc,80,160,,,,,,160,,
,,Chicken fried rice,,,,1 Pc,150,150,,,,,,150,,
,,Veg Noodles,,,,1 Pc,110,110,,,,,,110,,
06/01/2025,INV-00263,Cash,,,,,,,,,,,,,0,1940
,,Chicken Triple Rice,,,,1 Pc,200,200,,,,,,200,,
,,Chicken crispy,,,,1 Pc,100,100,,,,,,100,,
,,Veg Burger,,,,1 Pc,50,50,,,,,,50,,
,,Veg roll,,,,1 Pc,45,45,,,,,,45,,
,,Chicken Lolipop Half,,,,1 Pc,155,155,,,,,,155,,
,,Paratha,,,,2 Pc,25,50,,,,,,50,,
,,Egg burger,,,,1 Pc,30,30,,,,,,30,,
,,Chicken egg roll single,,,,2 Pc,90,180,,,,,,180,,
,,Chicken roll,,,,3 Pc,80,240,,,,,,240,,
,,Chicken noodles,,,,2 Pc,150,300,,,,,,300,,
,,Chicken roll,,,,2 Pc,80,160,,,,,,160,,
,,Chicken Boneless Half,,,,1 Pc,85,85,,,,,,85,,
,,Chicken Boneless Half,,,,1 Pc,85,85,,,,,,85,,
,,Chilli Half,,,,1 Pc,110,110,,,,,,110,,
,,Chicken fried rice,,,,1 Pc,150,150,,,,,,150,,
07/01/2025,INV-00264,Cash,,,,,,,,,,,,,0,2879
,,Chicken roll,,,,1 Pc,80,80,,,,,,80,,
,,Veg cheese burger,,,,2 Pc,65,130,,,,,,130,,
,,Chicken Schezwan Rice,,,,1 Pc,170,170,,,,,,170,,
,,Chicken roll,,,,3 Pc,80,240,,,,,,240,,
,,Paneer roll,,,,2 Pc,70,140,,,,,,140,,
,,Veg cheese burger,,,,2 Pc,65,130,,,,,,130,,
,,Veg noodles Half,,,,1 Pc,60,60,,,,,,60,,
,,Chicken Manchow Soup Full,,,,1 Pc,100,100,,,,,,100,,
,,Chicken Rice Half,,,,1 Pc,80,80,,,,,,80,,
,,Veg Rice Half,,,1,1 Pc,60,60,,,,,,60,,
,,Veg Burger,,,,4 Pc,50,200,,,,,,200,,
,,Chicken crispy,,,,2 Pc,100,200,,,,,,200,,
,,Chicken soup hot and sour,,,,1 Pc,50,50,,,,,,50,,
,,Paratha,,,,4 Pc,25,100,,,,,,100,,
,,Chicken Boneless Half,,,,1 Pc,85,85,,,,,,85,,
,,Chicken fried rice,,,,2 Pc,150,300,,,,,,300,,
,,Veg roll,,,,1 Pc,45,45,,,,,,45,,
,,Veg Manchurian,,,,1 Pc,129,129,,,,,,129,,
,,Paneer chilli,,,,1 Pc,180,180,,,,,,180,,
,,Chicken chilli,,,,1 Pc,200,200,,,,,,200,,
,,Chicken crispy,,,,1 Pc,100,100,,,,,,100,,
,,Chicken combi roll,,,,1 Pc,100,100,,,,,,100,,
08/01/2025,INV-00265,Cash,,,,,,,,,,,,,0,3420
,,Chicken combi roll,,,,1 Pc,100,100,,,,,,100,,
,,Chicken Rice Half,,,,1 Pc,80,80,,,,,,80,,
,,Egg roll,,,,2 Pc,50,100,,,,,,100,,
,,Veg noodles Half,,,,1 Pc,60,60,,,,,,60,,
,,Chilli Half,,,,1 Pc,110,110,,,,,,110,,
,,Chicken roll,,,,2 Pc,80,160,,,,,,160,,
,,Chicken Schezwan Noodles Half,,,,1 Pc,90,90,,,,,,90,,
,,Chicken combi roll,,,,1 Pc,100,100,,,,,,100,,
,,Chicken roll,,,,1 Pc,80,80,,,,,,80,,
,,Double eggs Roll,,,,1 Pc,60,60,,,,,,60,,
,,Chicken roll,,,,3 Pc,80,240,,,,,,240,,
,,Chicken Lolipop Half,,,,1 Pc,155,155,,,,,,155,,
,,Double eggs Roll,,,,1 Pc,60,60,,,,,,60,,
,,Paneer fried rice,,,,1 Pc,150,150,,,,,,150,,
,,Veg Burger,,,,1 Pc,50,50,,,,,,50,,
,,French fries,,,,1 Pc,55,55,,,,,,55,,
,,Chicken double eggs Roll,,,,1 Pc,100,100,,,,,,100,,
,,Chilli Half,,,,1 Pc,110,110,,,,,,110,,
,,Chicken Rice Half,,,,2 Pc,80,160,,,,,,160,,
,,Veg Rice Half,,,1,1 Pc,60,60,,,,,,60,,
,,Paneer chilli Half,,,,1 Pc,100,100,,,,,,100,,
,,Veg noodles Half,,,,1 Pc,60,60,,,,,,60,,
,,Egg roll,,,,1 Pc,50,50,,,,,,50,,
,,Chicken Noodles Half,,,,1 Pc,80,80,,,,,,80,,
,,Double eggs Roll,,,,1 Pc,60,60,,,,,,60,,
,,Chicken roll,,,,1 Pc,80,80,,,,,,80,,
,,Chicken burger,,,,1 Pc,60,60,,,,,,60,,
,,Chicken double eggs Roll,,,,1 Pc,100,100,,,,,,100,,
,,Chicken roll,,,,1 Pc,80,80,,,,,,80,,
,,Chicken roll,,,,2 Pc,80,160,,,,,,160,,
,,Chicken Rice Half,,,,2 Pc,80,160,,,,,,160,,
,,Chicken fried rice,,,,1 Pc,150,150,,,,,,150,,
,,Chicken chilli,,,,1 Pc,200,200,,,,,,200,,
09/01/2025,INV-00266,Cash,,,,,,,,,,,,,0,4265
,,Chicken Noodles Half,,,,3 Pc,80,240,,,,,,240,,
,,Chicken Schezwan Rice,,,,1 Pc,90,90,,,,,,90,,
,,Egg Rice,,,,1 Pc,70,70,,,,,,70,,
,,Chicken Rice Half,,,,1 Pc,80,80,,,,,,80,,
,,Chicken noodles,,,,2 Pc,150,300,,,,,,300,,
,,Chicken Boneless Half,,,,2 Pc,85,170,,,,,,170,,
,,Chicken Noodles Half,,,,1 Pc,80,80,,,,,,80,,
,,Chicken noodles,,,,1 Pc,150,150,,,,,,150,,
,,Veg fried rice,,,,1 Pc,110,110,,,,,,110,,
,,Paneer chilli Half,,,,1 Pc,100,100,,,,,,100,,
,,Veg cheese burger,,,,3 Pc,65,195,,,,,,195,,
,,Veg noodles Half,,,,1 Pc,60,60,,,,,,60,,
,,Paneer roll,,,,1 Pc,70,70,,,,,,70,,
,,Chicken Rice Half,,,,1 Pc,80,80,,,,,,80,,
,,Chicken Schezwan Rice,,,,2 Pc,90,180,,,,,,180,,
,,Paneer chilli,,,,1 Pc,180,180,,,,,,180,,
,,Bone chilly,,,,2 Pc,180,360,,,,,,360,,
,,Chicken fried rice,,,,2 Pc,150,300,,,,,,300,,
,,Paratha,,,,5 Pc,25,125,,,,,,125,,
,,Chicken Manchow Soup Full,,,,1 Pc,100,100,,,,,,100,,
,,Chicken crispy,,,,2 Pc,100,200,,,,,,200,,
,,Chicken noodles,,,,1 Pc,150,150,,,,,,150,,
,,Chicken burger,,,,1 Pc,60,60,,,,,,60,,
,,Chicken noodles,,,,1 Pc,150,150,,,,,,150,,
,,Chicken Noodles Half,,,,1 Pc,80,80,,,,,,80,,
,,Chiken boneless,,,,1 Pc,150,150,,,,,,150,,
,,Chicken roll,,,,2 Pc,80,160,,,,,,160,,
,,Chicken 65,,,,1 Pc,275,275,,,,,,275,,
10/01/2025,INV-00268,Cash,,,,,,,,,,,,,0,3990
,,Egg roll,,,,1 Pc,50,50,,,,,,50,,
,,Egg roll,,,,1 Pc,50,50,,,,,,50,,
,,Chicken roll,,,,1 Pc,70,70,,,,,,70,,
,,Chicken lolipop Full,,,,2 Pc,280,560,,,,,,560,,
,,Chicken Rice Half,,,,4 Pc,80,320,,,,,,320,,
,,Chilli Half,,,,1 Pc,110,110,,,,,,110,,
,,Paratha,,,,2 Pc,25,50,,,,,,50,,
,,Chicken chilli,,,,2 Pc,200,400,,,,,,400,,
,,Chicken Noodles Half,,,,2 Pc,80,160,,,,,,160,,
,,Chilli Half,,,,1 Pc,110,110,,,,,,110,,
,,Chilli Half,,,,1 Pc,110,110,,,,,,110,,
,,Paratha,,,,2 Pc,25,50,,,,,,50,,
,,Chicken burger,,,,1 Pc,60,60,,,,,,60,,
,,Chicken egg roll single,,,,1 Pc,90,90,,,,,,90,,
,,Chicken Noodles Half,,,,1 Pc,80,80,,,,,,80,,
,,Veg noodles Half,,,,1 Pc,60,60,,,,,,60,,
,,Chicken crispy,,,,1 Pc,100,100,,,,,,100,,
,,Mushroom chilli,,,,1 Pc,230,230,,,,,,230,,
,,Paratha,,,,2 Pc,25,50,,,,,,50,,
,,Chicken burger,,,,2 Pc,60,120,,,,,,120,,
,,Chicken roll,,,,2 Pc,80,160,,,,,,160,,
,,Egg roll,,,,1 Pc,50,50,,,,,,50,,
,,Veg Schezwan Noodles Half,,,,1 Pc,70,70,,,,,,70,,
,,Chicken burger,,,,2 Pc,60,120,,,,,,120,,
,,Chicken crispy,,,,1 Pc,100,100,,,,,,100,,
,,Chicken Rice Half,,,,1 Pc,80,80,,,,,,80,,
,,Veg fried rice,,,,1 Pc,110,110,,,,,,110,,
,,Paneer chilli,,,,1 Pc,180,180,,,,,,180,,
,,Paratha,,,,5 Pc,25,125,,,,,,125,,
,,Chicken Rice Half,,,,1 Pc,80,80,,,,,,80,,
,,Chicken Boneless Half,,,,1 Pc,85,85,,,,,,85,,
11/01/2025,INV-00269,Cash,,,,,,,,,,,,,0,3529
,,French fries,,,,1 Pc,55,55,,,,,,55,,
,,Chicken Noodles Half,,,,1 Pc,80,80,,,,,,80,,
,,Chicken Lolipop Half,,,,1 Pc,155,155,,,,,,155,,
,,Chicken noodles,,,,1 Pc,150,150,,,,,,150,,
,,Egg roll,,,,2 Pc,50,100,,,,,,100,,
,,Chicken Rice Half,,,,1 Pc,80,80,,,,,,80,,
,,Chicken roll,,,,3 Pc,80,240,,,,,,240,,
,,Double eggs Roll,,,,6 Pc,60,360,,,,,,360,,
,,Chicken roll,,,,1 Pc,80,80,,,,,,80,,
,,Chicken double eggs Roll,,,,1 Pc,100,100,,,,,,100,,
,,French fries,,,,1 Pc,55,55,,,,,,55,,
,,Double eggs Roll,,,,2 Pc,60,120,,,,,,120,,
,,French fries,,,,1 Pc,55,55,,,,,,55,,
,,Chicken Schezwan Noodles Half,,,,1 Pc,90,90,,,,,,90,,
,,Chicken burger,,,,1 Pc,60,60,,,,,,60,,
,,Chicken Rice Half,,,,1 Pc,80,80,,,,,,80,,
,,Egg roll,,,,2 Pc,50,100,,,,,,100,,
,,Chicken cheese roll,,,,1 Pc,90,90,,,,,,90,,
,,Egg burger,,,,1 Pc,30,30,,,,,,30,,
,,Chicken egg roll single,,,,1 Pc,90,90,,,,,,90,,
,,Veg Noodles,,,,1 Pc,110,110,,,,,,110,,
,,Chicken roll,,,,1 Pc,80,80,,,,,,80,,
,,Chicken fried rice,,,,2 Pc,150,300,,,,,,300,,
,,Chicken crispy,,,,2 Pc,100,200,,,,,,200,,
,,Chicken noodles,,,,1 Pc,150,150,,,,,,150,,
,,Double eggs Roll,,,,1 Pc,60,60,,,,,,60,,
,,Chicken roll,,,,1 Pc,80,80,,,,,,80,,
,,Paratha,,,,6 Pc,25,150,,,,,,150,,
,,Veg Manchurian,,,,1 Pc,129,129,,,,,,129,,
,,Chicken double eggs Roll,,,,1 Pc,100,100,,,,,,100,,
12/01/2025,INV-00270,Cash,,,,,,,,,,,,,0,5415
,,Chicken Schezwan Half,,,,1 Pc,95,95,,,,,,95,,
,,Double eggs Roll,,,,1 Pc,60,60,,,,,,60,,
,,Chicken Rice Half,,,,1 Pc,80,80,,,,,,80,,
,,Chiken boneless,,,,2 Pc,150,300,,,,,,300,,
,,Chicken Noodles Half,,,,2 Pc,80,160,,,,,,160,,
,,Veg Burger,,,,3 Pc,50,150,,,,,,150,,
,,Veg roll,,,,1 Pc,45,45,,,,,,45,,
,,Chicken roll,,,,1 Pc,80,80,,,,,,80,,
,,Veg Noodles,,,,1 Pc,110,110,,,,,,110,,
,,Chicken crispy,,,,1 Pc,100,100,,,,,,100,,
,,Chicken burger,,,,1 Pc,60,60,,,,,,60,,
,,Egg burger,,,,4 Pc,30,120,,,,,,120,,
,,Veg Noodles,,,,1 Pc,110,110,,,,,,110,,
,,Veg Manchurian Half,,,,1 Pc,75,75,,,,,,75,,
,,French fries,,,,1 Pc,55,55,,,,,,55,,
,,Chicken crispy,,,,5 Pc,100,500,,,,,,500,,
,,Chicken Noodles Half,,,,1 Pc,80,80,,,,,,80,,
,,Chicken Lolipop Half,,,,1 Pc,155,155,,,,,,155,,
,,Chicken lolipop Full,,,,1 Pc,280,280,,,,,,280,,
,,Chicken fried rice,,,,2 Pc,150,300,,,,,,300,,
,,Chicken noodles,,,,3 Pc,150,450,,,,,,450,,
,,Chicken Noodles Half,,,,2 Pc,80,160,,,,,,160,,
,,Chicken Rice Half,,,,3 Pc,80,240,,,,,,240,,
,,Chicken lolipop Full,,,,1 Pc,280,280,,,,,,280,,
,,Chicken 65,,,,1 Pc,110,110,,,,,,110,,
,,Paratha,,,,1 Pc,25,25,,,,,,25,,
,,Chicken noodles,,,,2 Pc,150,300,,,,,,300,,
,,Chicken roll,,,,3 Pc,80,240,,,,,,240,,
,,Double eggs Roll,,,,1 Pc,60,60,,,,,,60,,
,,Chicken Rice Half,,,,2 Pc,80,160,,,,,,160,,
,,Chicken Lolipop Half,,,,1 Pc,155,155,,,,,,155,,
,,Egg burger,,,,1 Pc,40,40,,,,,,40,,
,,Chicken burger,,,,2 Pc,60,120,,,,,,120,,
,,Chicken roll,,,,2 Pc,80,160,,,,,,160,,
13/01/2025,INV-00271,Cash,,,,,,,,,,,,,0,3045
,,Veg Burger,,,,1 Pc,50,50,,,,,,50,,
,,Chicken combi roll,,,,2 Pc,100,200,,,,,,200,,
,,Chicken cheese roll,,,,2 Pc,90,180,,,,,,180,,
,,Chicken fried rice,,,,1 Pc,150,150,,,,,,150,,
,,Double eggs Roll,,,,1 Pc,60,60,,,,,,60,,
,,Chicken Rice Half,,,,2 Pc,80,160,,,,,,160,,
,,Chicken burger,,,,1 Pc,60,60,,,,,,60,,
,,Chicken roll,,,,1 Pc,80,80,,,,,,80,,
,,Chicken burger,,,,2 Pc,60,120,,,,,,120,,
,,Double eggs Roll,,,,2 Pc,60,120,,,,,,120,,
,,Chicken noodles,,,,1 Pc,150,150,,,,,,150,,
,,French fries,,,,1 Pc,55,55,,,,,,55,,
,,Egg burger,,,,3 Pc,30,90,,,,,,90,,
,,Egg double burger,,,40,1 Pc,40,40,,,,,,40,,
,,Chicken crispy,,,,2 Pc,100,200,,,,,,200,,
,,Chicken crispy,,,,2 Pc,100,200,,,,,,200,,
,,Chicken noodles,,,,1 Pc,150,150,,,,,,150,,
,,Veg roll,,,,1 Pc,45,45,,,,,,45,,
,,Egg roll,,,,1 Pc,50,50,,,,,,50,,
,,Chicken crispy,,,,1 Pc,100,100,,,,,,100,,
,,Bone chilly,,,,2 Pc,180,360,,,,,,360,,
,,Chicken fried rice,,,,2 Pc,150,300,,,,,,300,,
,,Paratha,,,,5 Pc,25,125,,,,,,125,,
14/01/2025,INV-00272,Cash,,,,,,,,,,,,,0,3445
,,Chicken crispy,,,,1 Pc,100,100,,,,,,100,,
,,Chicken crispy,,,,1 Pc,100,100,,,,,,100,,
,,French fries,,,,1 Pc,55,55,,,,,,55,,
,,Egg roll,,,,2 Pc,50,100,,,,,,100,,
,,Paneer chilli,,,,1 Pc,180,180,,,,,,180,,
,,Chicken cheese roll,,,,3 Pc,90,270,,,,,,270,,
,,Chicken roll,,,,2 Pc,80,160,,,,,,160,,
,,Chicken cheese roll,,,,1 Pc,90,90,,,,,,90,,
,,Chicken roll,,,,3 Pc,80,240,,,,,,240,,
,,Egg  chicken roll,,,,1 Pc,90,90,,,,,,90,,
,,Veg Noodles,,,,1 Pc,110,110,,,,,,110,,
,,Chicken crispy,,,,2 Pc,100,200,,,,,,200,,
,,Chicken noodles,,,,1 Pc,150,150,,,,,,150,,
,,Veg noodles Half,,,,3 Pc,60,180,,,,,,180,,
,,Veg Noodles,,,,1 Pc,110,110,,,,,,110,,
,,Chicken 65,,,,1 Pc,220,220,,,,,,220,,
,,Veg Triple Rice,,,,1 Pc,160,160,,,,,,160,,
,,Veg Rice Half,,,1,1 Pc,60,60,,,,,,60,,
,,Paneer cheese roll,,,,1 Pc,80,80,,,,,,80,,
,,Bone chilly,,,,1 Pc,180,180,,,,,,180,,
,,Chicken noodles,,,,1 Pc,150,150,,,,,,150,,
,,Chicken Noodles Half,,,,1 Pc,80,80,,,,,,80,,
,,Chicken double eggs Roll,,,,1 Pc,100,100,,,,,,100,,
,,Chicken chilli,,,,1 Pc,200,200,,,,,,200,,
,,Chicken Rice Half,,,,1 Pc,80,80,,,,,,80,,
15/01/2025,INV-00273,Cash,,,,,,,,,,,,,0,2475
,,Chicken roll,,,,1 Pc,80,80,,,,,,80,,
,,Paneer cheese roll,,,,1 Pc,80,80,,,,,,80,,
,,Chicken roll,,,,2 Pc,80,160,,,,,,160,,
,,Chicken double eggs Roll,,,,1 Pc,100,100,,,,,,100,,
,,Double eggs Roll,,,,1 Pc,60,60,,,,,,60,,
,,Chicken noodles,,,,1 Pc,150,150,,,,,,150,,
,,Chicken fried rice,,,,1 Pc,150,150,,,,,,150,,
,,Chicken roll,,,,2 Pc,80,160,,,,,,160,,
,,Veg Burger,,,,1 Pc,50,50,,,,,,50,,
,,Chicken burger,,,,1 Pc,60,60,,,,,,60,,
,,Double eggs Roll,,,,1 Pc,60,60,,,,,,60,,
,,Chicken lolipop Full,,,,1 Pc,280,280,,,,,,280,,
,,Paratha,,,,2 Pc,25,50,,,,,,50,,
,,Chicken Rice Half,,,,1 Pc,80,80,,,,,,80,,
,,Chicken lolipop Full,,,,1 Pc,280,280,,,,,,280,,
,,Chicken Noodles Half,,,,1 Pc,80,80,,,,,,80,,
,,Double eggs Roll,,,,1 Pc,60,60,,,,,,60,,
,,Egg roll,,,,1 Pc,50,50,,,,,,50,,
,,Chicken Noodles Half,,,,1 Pc,80,80,,,,,,80,,
,,Egg fried rice,,,,1 Pc,130,130,,,,,,130,,
,,Veg cheese burger,,,,1 Pc,65,65,,,,,,65,,
,,Paneer chilli Half,,,,1 Pc,100,100,,,,,,100,,
,,Chilli Half,,,,1 Pc,110,110,,,,,,110,,
16/01/2025,INV-00274,Cash,,,,,,,,,,,,,0,2840
,,Chicken Rice Half,,,,2 Pc,80,160,,,,,,160,,
,,Chicken egg roll single,,,,2 Pc,90,180,,,,,,180,,
,,Chicken egg roll single,,,,1 Pc,90,90,,,,,,90,,
,,Chicken roll,,,,2 Pc,80,160,,,,,,160,,
,,Chicken burger,,,,2 Pc,60,120,,,,,,120,,
,,Chicken roll,,,,1 Pc,80,80,,,,,,80,,
,,Double eggs Roll,,,,3 Pc,60,180,,,,,,180,,
,,Chicken Schezwan Rice,,,,1 Pc,170,170,,,,,,170,,
,,Chicken Schezwan Noodles Half,,,,1 Pc,90,90,,,,,,90,,
,,Chicken chilli,,,,1 Pc,200,200,,,,,,200,,
,,Paratha,,,,4 Pc,25,100,,,,,,100,,
,,Chicken roll,,,,1 Pc,80,80,,,,,,80,,
,,Egg roll,,,,2 Pc,50,100,,,,,,100,,
,,Chicken Manchauw Soup Half,,,,3 Pc,60,180,,,,,,180,,
,,Chicken Manchauw Soup Half,,,,2 Pc,60,120,,,,,,120,,
,,Chicken crispy,,,,1 Pc,100,100,,,,,,100,,
,,Chicken Schezwan Noodles Half,,,,1 Pc,90,90,,,,,,90,,
,,Chicken lolipop Full,,,,1 Pc,280,280,,,,,,280,,
,,Paratha,,,,4 Pc,25,100,,,,,,100,,
,,Paneer 65,,,,1 Pc,180,180,,,,,,180,,
,,Chicken Rice Half,,,,1 Pc,80,80,,,,,,80,,
17/01/2025,INV-00275,Cash,,,,,,,,,,,,,0,3755
,,Chicken roll,,,,3 Pc,80,240,,,,,,240,,
,,Chicken burger,,,,1 Pc,60,60,,,,,,60,,
,,Chicken egg roll single,,,,1 Pc,90,90,,,,,,90,,
,,Chicken noodles,,,,1 Pc,150,150,,,,,,150,,
,,Chicken burger,,,,2 Pc,60,120,,,,,,120,,
,,Chicken roll,,,,1 Pc,80,80,,,,,,80,,
,,Chicken burger,,,,1 Pc,60,60,,,,,,60,,
,,Chicken lolipop Full,,,,1 Pc,280,280,,,,,,280,,
,,Chicken cheese roll,,,,2 Pc,90,180,,,,,,180,,
,,Egg burger,,,,1 Pc,30,30,,,,,,30,,
,,Chicken roll,,,,2 Pc,80,160,,,,,,160,,
,,Double eggs Roll,,,,4 Pc,60,240,,,,,,240,,
,,Chicken roll,,,,4 Pc,80,320,,,,,,320,,
,,Chicken Noodles Half,,,,2 Pc,80,160,,,,,,160,,
,,Chicken combi roll,,,,1 Pc,100,100,,,,,,100,,
,,Veg noodles Half,,,,1 Pc,60,60,,,,,,60,,
,,Chicken roll,,,,4 Pc,80,320,,,,,,320,,
,,Double eggs Roll,,,,3 Pc,60,180,,,,,,180,,
,,Chicken roll,,,,1 Pc,80,80,,,,,,80,,
,,Paneer Schezwan Roll,,,,1 Pc,80,80,,,,,,80,,
,,Veg Burger,,,,2 Pc,50,100,,,,,,100,,
,,Chicken Boneless Half,,,,1 Pc,85,85,,,,,,85,,
,,Double eggs Roll,,,,1 Pc,60,60,,,,,,60,,
,,Chicken fried rice,,,,1 Pc,150,150,,,,,,150,,
,,Double eggs Roll,,,,1 Pc,60,60,,,,,,60,,
,,Chicken Noodles Half,,,,1 Pc,80,80,,,,,,80,,
,,Chicken Noodles Half,,,,1 Pc,80,80,,,,,,80,,
,,Chicken fried rice,,,,1 Pc,150,150,,,,,,150,,
18/01/2025,INV-00276,Cash,,,,,,,,,,,,,0,2300
,,Chicken fried rice,,,,1 Pc,150,150,,,,,,150,,
,,Chicken crispy,,,,1 Pc,100,100,,,,,,100,,
,,Veg Noodles,,,,1 Pc,110,110,,,,,,110,,
,,Chicken chilli,,,,1 Pc,200,200,,,,,,200,,
,,Double eggs Roll,,,,2 Pc,60,120,,,,,,120,,
,,Chicken roll,,,,2 Pc,80,160,,,,,,160,,
,,Chicken crispy,,,,1 Pc,100,100,,,,,,100,,
,,Veg noodles Half,,,,1 Pc,60,60,,,,,,60,,
,,Chilli Half,,,,1 Pc,110,110,,,,,,110,,
,,Chicken Noodles Half,,,,1 Pc,80,80,,,,,,80,,
,,Chicken roll,,,,1 Pc,80,80,,,,,,80,,
,,Chicken Manchauw Soup Half,,,,3 Pc,60,180,,,,,,180,,
,,Chicken roll,,,,1 Pc,80,80,,,,,,80,,
,,Chicken burger,,,,1 Pc,60,60,,,,,,60,,
,,Chicken chilli,,,,1 Pc,200,200,,,,,,200,,
,,Chicken Double Cheese Burger,,,,2 Pc,85,170,,,,,,170,,
,,Chicken crispy,,,,1 Pc,100,100,,,,,,100,,
,,Double eggs Roll,,,,1 Pc,60,60,,,,,,60,,
,,Chicken combi roll,,,,1 Pc,100,100,,,,,,100,,
,,Paneer Noodles Half,,,,1 Pc,80,80,,,,,,80,,
19/01/2025,INV-00277,Cash,,,,,,,,,,,,,0,3505
,,Chicken fried rice,,,,1 Pc,150,150,,,,,,150,,
,,Chicken noodles,,,,2 Pc,150,300,,,,,,300,,
,,Chicken schezwan,,,,1 Pc,170,170,,,,,,170,,
,,Egg roll,,,,3 Pc,50,150,,,,,,150,,
,,Egg burger,,,,1 Pc,30,30,,,,,,30,,
,,Veg Burger,,,,1 Pc,50,50,,,,,,50,,
,,Chicken Lolipop Half,,,,1 Pc,155,155,,,,,,155,,
,,Veg Burger,,,,1 Pc,50,50,,,,,,50,,
,,Double eggs Roll,,,,2 Pc,60,120,,,,,,120,,
,,Veg roll,,,,1 Pc,45,45,,,,,,45,,
,,Chicken double eggs Roll,,,,3 Pc,100,300,,,,,,300,,
,,Chicken crispy,,,,2 Pc,100,200,,,,,,200,,
,,Egg roll,,,,1 Pc,50,50,,,,,,50,,
,,Veg roll,,,,1 Pc,45,45,,,,,,45,,
,,Chicken chilli,,,,1 Pc,200,200,,,,,,200,,
,,Chicken crispy,,,,2 Pc,100,200,,,,,,200,,
,,Chicken burger,,,,1 Pc,60,60,,,,,,60,,
,,Chicken burger,,,,2 Pc,60,120,,,,,,120,,
,,Double eggs Roll,,,,1 Pc,60,60,,,,,,60,,
,,Chicken chilli,,,,1 Pc,200,200,,,,,,200,,
,,Egg burger,,,,2 Pc,30,60,,,,,,60,,
,,Chicken Schezwan Noodles Half,,,,1 Pc,90,90,,,,,,90,,
,,Chicken Double Cheese Burger,,,,1 Pc,85,85,,,,,,85,,
,,Chiken boneless,,,,1 Pc,150,150,,,,,,150,,
,,Chicken Boneless Half,,,,1 Pc,85,85,,,,,,85,,
,,Paratha,,,,6 Pc,25,150,,,,,,150,,
,,Chicken Rice Half,,,,1 Pc,80,80,,,,,,80,,
,,Chicken noodles,,,,1 Pc,150,150,,,,,,150,,
20/01/2025,INV-00278,Cash,,,,,,,,,,,,,0,3350
,,Chicken Rice Half,,,,1 Pc,80,80,,,,,,80,,
,,Chiken boneless,,,,2 Pc,150,300,,,,,,300,,
,,Chicken Noodles Half,,,,1 Pc,80,80,,,,,,80,,
,,Chicken Manchauw Soup Half,,,,1 Pc,60,60,,,,,,60,,
,,Chicken burger,,,,4 Pc,60,240,,,,,,240,,
,,Double eggs Roll,,,,1 Pc,60,60,,,,,,60,,
,,Egg burger,,,,1 Pc,30,30,,,,,,30,,
,,Paneer chilli,,,,1 Pc,180,180,,,,,,180,,
,,Double eggs Roll,,,,3 Pc,60,180,,,,,,180,,
,,Veg Burger,,,,2 Pc,50,100,,,,,,100,,
,,Chicken cheese burger,,,,1 Pc,75,75,,,,,,75,,
,,Chicken Boneless Half,,,,1 Pc,85,85,,,,,,85,,
,,Paratha,,,,3 Pc,25,75,,,,,,75,,
,,Chilli Half,,,,1 Pc,110,110,,,,,,110,,
,,Chicken Lolipop Half,,,,1 Pc,155,155,,,,,,155,,
,,Chicken fried rice,,,,2 Pc,150,300,,,,,,300,,
,,Chicken Rice Half,,,,1 Pc,80,80,,,,,,80,,
,,Paneer roll,,,,2 Pc,70,140,,,,,,140,,
,,Chicken roll,,,,1 Pc,80,80,,,,,,80,,
,,French fries,,,,1 Pc,55,55,,,,,,55,,
,,Bone chilly,,,,1 Pc,180,180,,,,,,180,,
,,Paratha,,,,3 Pc,25,75,,,,,,75,,
,,Paneer fried rice,,,,1 Pc,150,150,,,,,,150,,
,,Veg Manchurian Half,,,,2 Pc,75,150,,,,,,150,,
,,Chilli Half,,,,1 Pc,110,110,,,,,,110,,
,,Chicken Noodles Half,,,,1 Pc,80,80,,,,,,80,,
,,Chicken roll,,,,1 Pc,80,80,,,,,,80,,
,,Veg Rice Half,,,1,1 Pc,60,60,,,,,,60,,
21/01/2025,INV-00279,Cash,,,,,,,,,,,,,0,2924
,,Chicken Rice Half,,,,1 Pc,80,80,,,,,,80,,
,,Chicken burger,,,,1 Pc,60,60,,,,,,60,,
,,French fries,,,,1 Pc,55,55,,,,,,55,,
,,Chicken Rice Half,,,,1 Pc,80,80,,,,,,80,,
,,Chicken double eggs Roll,,,,1 Pc,100,100,,,,,,100,,
,,Chicken roll,,,,1 Pc,80,80,,,,,,80,,
,,Chicken burger,,,,2 Pc,60,120,,,,,,120,,
,,Chicken roll,,,,1 Pc,80,80,,,,,,80,,
,,French fries,,,,2 Pc,55,110,,,,,,110,,
,,Chicken roll,,,,4 Pc,80,320,,,,,,320,,
,,Chicken burger,,,,1 Pc,60,60,,,,,,60,,
,,French fries,,,,1 Pc,55,55,,,,,,55,,
,,French fries,,,,1 Pc,55,55,,,,,,55,,
,,Chicken crispy,,,,1 Pc,100,100,,,,,,100,,
,,Veg Noodles,,,,1 Pc,110,110,,,,,,110,,
,,Veg Noodles,,,,1 Pc,110,110,,,,,,110,,
,,Chicken egg roll single,,,,1 Pc,90,90,,,,,,90,,
,,Egg roll,,,,1 Pc,50,50,,,,,,50,,
,,Veg Manchurian,,,,1 Pc,129,129,,,,,,129,,
,,Paneer roll,,,,1 Pc,70,70,,,,,,70,,
,,Chicken roll,,,,1 Pc,80,80,,,,,,80,,
,,Chicken Manchauw Soup Half,,,,2 Pc,60,120,,,,,,120,,
,,Chicken crispy,,,,1 Pc,100,100,,,,,,100,,
,,Egg roll,,,,1 Pc,50,50,,,,,,50,,
,,Chicken crispy,,,,2 Pc,100,200,,,,,,200,,
,,Chiken boneless,,,,1 Pc,150,150,,,,,,150,,
,,Chicken chilli,,,,1 Pc,200,200,,,,,,200,,
,,Veg Noodles,,,,1 Pc,110,110,,,,,,110,,
22/01/2025,INV-00280,Cash,,,,,,,,,,,,,0,4475
,,Veg Burger,,,,5 Pc,50,250,,,,,,250,,
,,Chicken burger,,,,2 Pc,60,120,,,,,,120,,
,,Chicken Rice Half,,,,2 Pc,80,160,,,,,,160,,
,,Egg noodles,,,,2 Pc,70,140,,,,,,140,,
,,Chicken Schezwan Noodles Half,,,,2 Pc,90,180,,,,,,180,,
,,Chicken double eggs Roll,,,,2 Pc,100,200,,,,,,200,,
,,Chiken boneless,,,,6 Pc,150,900,,,,,,900,,
,,Paratha,,,,16 Pc,25,400,,,,,,400,,
,,Chicken roll,,,,2 Pc,80,160,,,,,,160,,
,,Egg roll,,,,1 Pc,50,50,,,,,,50,,
,,Chiken boneless,,,,1 Pc,150,150,,,,,,150,,
,,Chicken burger,,,,1 Pc,60,60,,,,,,60,,
,,Chicken double eggs Roll,,,,2 Pc,100,200,,,,,,200,,
,,Chicken Rice Half,,,,1 Pc,80,80,,,,,,80,,
,,Chicken Rice Half,,,,1 Pc,80,80,,,,,,80,,
,,Chicken roll,,,,1 Pc,80,80,,,,,,80,,
,,Chicken crispy,,,,4 Pc,100,400,,,,,,400,,
,,Chicken noodles,,,,1 Pc,150,150,,,,,,150,,
,,Chicken Noodles Half,,,,1 Pc,80,80,,,,,,80,,
,,Chicken Rice Half,,,,1 Pc,80,80,,,,,,80,,
,,Chicken Schezwan Noodles full,,,,2 Pc,170,340,,,,,,340,,
,,Chicken Lolipop Half,,,,1 Pc,155,155,,,,,,155,,
,,Chicken burger,,,,1 Pc,60,60,,,,,,60,,
23/01/2025,INV-00281,Cash,,,,,,,,,,,,,0,2605
,,Paneer chilli Half,,,,1 Pc,100,100,,,,,,100,,
,,Chicken cheese roll,,,,1 Pc,90,90,,,,,,90,,
,,Chicken roll,,,,3 Pc,80,240,,,,,,240,,
,,Chicken burger,,,,5 Pc,60,300,,,,,,300,,
,,Chicken crispy,,,,2 Pc,100,200,,,,,,200,,
,,Double eggs Roll,,,,1 Pc,60,60,,,,,,60,,
,,Chicken Noodles Half,,,,1 Pc,80,80,,,,,,80,,
,,French fries,,,,1 Pc,55,55,,,,,,55,,
,,Veg noodles Half,,,,1 Pc,60,60,,,,,,60,,
,,French fries,,,,1 Pc,55,55,,,,,,55,,
,,Veg Burger,,,,3 Pc,50,150,,,,,,150,,
,,Veg roll,,,,1 Pc,45,45,,,,,,45,,
,,Chicken crispy,,,,2 Pc,100,200,,,,,,200,,
,,Chicken roll,,,,1 Pc,80,80,,,,,,80,,
,,Chiken Manchurian,,,,1 Pc,160,160,,,,,,160,,
,,Paratha,,,,2 Pc,25,50,,,,,,50,,
,,Chicken Boneless Half,,,,1 Pc,85,85,,,,,,85,,
,,Double eggs Roll,,,,1 Pc,60,60,,,,,,60,,
,,Paneer Schezwan Roll,,,,1 Pc,80,80,,,,,,80,,
,,Chicken roll,,,,2 Pc,80,160,,,,,,160,,
,,Chicken burger,,,,1 Pc,60,60,,,,,,60,,
,,Chicken crispy,,,,1 Pc,100,100,,,,,,100,,
,,French fries,,,,1 Pc,55,55,,,,,,55,,
,,Chicken roll,,,,1 Pc,80,80,,,,,,80,,
24/01/2025,INV-00282,Cash,,,,,,,,,,,,,0,3445
,,Veg Burger,,,,1 Pc,50,50,,,,,,50,,
,,Egg roll,,,,1 Pc,50,50,,,,,,50,,
,,Chicken Rice Half,,,,2 Pc,80,160,,,,,,160,,
,,Chicken Rice Half,,,,1 Pc,80,80,,,,,,80,,
,,Double eggs Roll,,,,1 Pc,60,60,,,,,,60,,
,,Veg noodles Half,,,,1 Pc,60,60,,,,,,60,,
,,Double eggs Roll,,,,1 Pc,60,60,,,,,,60,,
,,Chicken burger,,,,2 Pc,60,120,,,,,,120,,
,,Egg roll,,,,1 Pc,50,50,,,,,,50,,
,,Veg roll,,,,1 Pc,45,45,,,,,,45,,
,,Double eggs Roll,,,,2 Pc,60,120,,,,,,120,,
,,Chilli Half,,,,1 Pc,110,110,,,,,,110,,
,,Paratha,,,,2 Pc,25,50,,,,,,50,,
,,Chicken Noodles Half,,,,2 Pc,80,160,,,,,,160,,
,,Paneer chilli Half,,,,1 Pc,100,100,,,,,,100,,
,,Chicken fried rice,,,,3 Pc,150,450,,,,,,450,,
,,Chicken lolipop Full,,,,1 Pc,280,280,,,,,,280,,
,,Chicken Double Cheese Burger,,,,2 Pc,85,170,,,,,,170,,
,,Chicken egg roll single,,,,2 Pc,90,180,,,,,,180,,
,,Chicken Rice Half,,,,1 Pc,80,80,,,,,,80,,
,,Bone chilly,,,,1 Pc,180,180,,,,,,180,,
,,Paratha,,,,3 Pc,25,75,,,,,,75,,
,,Chicken lolipop Full,,,,1 Pc,280,280,,,,,,280,,
,,Chicken Boneless Half,,,,1 Pc,115,115,,,,,,115,,
,,Chicken roll,,,,1 Pc,80,80,,,,,,80,,
,,Chicken lolipop Full,,,,1 Pc,280,280,,,,,,280,,
25/01/2025,INV-00283,Cash,,,,,,,,,,,,,0,5550
,,Chicken Rice Half,,,,1 Pc,80,80,,,,,,80,,
,,Veg Burger,,,,1 Pc,50,50,,,,,,50,,
,,Chicken fried rice,,,,2 Pc,150,300,,,,,,300,,
,,Chicken Lolipop Half,,,,1 Pc,155,155,,,,,,155,,
,,Chicken crispy,,,,1 Pc,100,100,,,,,,100,,
,,Chicken Manchow Soup Full,,,,1 Pc,100,100,,,,,,100,,
,,Chicken crispy,,,,3 Pc,100,300,,,,,,300,,
,,Veg noodles Half,,,,1 Pc,60,60,,,,,,60,,
,,Chicken burger,,,,1 Pc,60,60,,,,,,60,,
,,French fries,,,,1 Pc,55,55,,,,,,55,,
,,Chicken noodles,,,,1 Pc,150,150,,,,,,150,,
,,Chicken burger,,,,1 Pc,60,60,,,,,,60,,
,,Double eggs Roll,,,,2 Pc,60,120,,,,,,120,,
,,Chicken egg roll single,,,,3 Pc,90,270,,,,,,270,,
,,Chicken noodles,,,,1 Pc,150,150,,,,,,150,,
,,Chicken Lolipop Half,,,,1 Pc,155,155,,,,,,155,,
,,Veg noodles Half,,,,1 Pc,60,60,,,,,,60,,
,,Chicken roll,,,,1 Pc,80,80,,,,,,80,,
,,Veg Burger,,,,1 Pc,50,50,,,,,,50,,
,,Veg noodles Half,,,,1 Pc,60,60,,,,,,60,,
,,Egg noodles,,,,1 Pc,70,70,,,,,,70,,
,,Chicken 65,,,,1 Pc,120,120,,,,,,120,,
,,Paneer roll,,,,4 Pc,70,280,,,,,,280,,
,,Chicken roll,,,,1 Pc,80,80,,,,,,80,,
,,Chicken fried rice,,,,2 Pc,150,300,,,,,,300,,
,,Chiken boneless,,,,1 Pc,150,150,,,,,,150,,
,,Paratha,,,,6 Pc,25,150,,,,,,150,,
,,Chiken boneless,,,,1 Pc,150,150,,,,,,150,,
,,Chicken Schezwan Noodles Half,,,,1 Pc,90,90,,,,,,90,,
,,Chicken burger,,,,2 Pc,60,120,,,,,,120,,
,,Chicken cheese burger,,,,1 Pc,75,75,,,,,,75,,
,,Chicken egg roll single,,,,2 Pc,90,180,,,,,,180,,
,,Chicken Boneless Half,,,,1 Pc,85,85,,,,,,85,,
,,Paratha,,,,1 Pc,25,25,,,,,,25,,
,,Chicken fried rice,,,,1 Pc,150,150,,,,,,150,,
,,Chicken crispy,,,,1 Pc,100,100,,,,,,100,,
,,Paneer roll,,,,2 Pc,70,140,,,,,,140,,
,,Paneer Noodles Half,,,,2 Pc,80,160,,,,,,160,,
,,Chicken Lolipop Half,,,,1 Pc,155,155,,,,,,155,,
,,Chicken Noodles Half,,,,1 Pc,80,80,,,,,,80,,
,,Chicken Rice Half,,,,1 Pc,80,80,,,,,,80,,
,,Double eggs Roll,,,,2 Pc,60,120,,,,,,120,,
,,Chicken chilli,,,,1 Pc,200,200,,,,,,200,,
,,Paratha,,,,3 Pc,25,75,,,,,,75,,
26/01/2025,INV-00284,Cash,,,,,,,,,,,,,0,5020
,,Double eggs Roll,,,,1 Pc,60,60,,,,,,60,,
,,Paneer cheese roll,,,,1 Pc,80,80,,,,,,80,,
,,Veg roll,,,,1 Pc,45,45,,,,,,45,,
,,Chicken cheese roll,,,,1 Pc,90,90,,,,,,90,,
,,Chilli Half,,,,1 Pc,110,110,,,,,,110,,
,,Paratha,,,,2 Pc,25,50,,,,,,50,,
,,Chicken schezwan,,,,1 Pc,170,170,,,,,,170,,
,,Chicken crispy,,,,1 Pc,100,100,,,,,,100,,
,,Paratha,,,,6 Pc,25,150,,,,,,150,,
,,Chicken Manchow Soup Full,,,,2 Pc,100,200,,,,,,200,,
,,Chicken burger,,,,3 Pc,60,180,,,,,,180,,
,,Egg roll,,,,1 Pc,50,50,,,,,,50,,
,,Veg Manchurian Half,,,,1 Pc,75,75,,,,,,75,,
,,Chicken chilli,,,,1 Pc,200,200,,,,,,200,,
,,Paratha,,,,4 Pc,25,100,,,,,,100,,
,,Chicken Schezwan Rice,,,,1 Pc,90,90,,,,,,90,,
,,Chicken Lolipop Half,,,,1 Pc,155,155,,,,,,155,,
,,Veg noodles Half,,,,1 Pc,60,60,,,,,,60,,
,,Chicken lolipop Full,,,,2 Pc,280,560,,,,,,560,,
,,Chicken crispy,,,,2 Pc,100,200,,,,,,200,,
,,Veg Schezwan Rice,,,,1 Pc,130,130,,,,,,130,,
,,Veg Manchurian,,,,1 Pc,130,130,,,,,,130,,
,,Chicken chilli,,,,1 Pc,200,200,,,,,,200,,
,,Paratha,,,,6 Pc,25,150,,,,,,150,,
,,Chicken Boneless Half,,,,1 Pc,85,85,,,,,,85,,
,,Chiken boneless,,,,1 Pc,150,150,,,,,,150,,
,,Paratha,,,,4 Pc,25,100,,,,,,100,,
,,Chicken chilli,,,,3 Pc,200,600,,,,,,600,,
,,Chicken Rice Half,,,,2 Pc,80,160,,,,,,160,,
,,Chicken roll,,,,1 Pc,80,80,,,,,,80,,
,,Paneer chilli Half,,,,1 Pc,100,100,,,,,,100,,
,,Chicken Manchow Soup Full,,,,1 Pc,100,100,,,,,,100,,
,,Chicken combi roll,,,,1 Pc,100,100,,,,,,100,,
,,Chiken boneless,,,,1 Pc,150,150,,,,,,150,,
,,Chicken burger,,,,1 Pc,60,60,,,,,,60,,
27/01/2025,INV-00285,Cash,,,,,,,,,,,,,0,3745
,,French fries,,,,1 Pc,55,55,,,,,,55,,
,,Chicken fried rice,,,,1 Pc,150,150,,,,,,150,,
,,Chicken crispy,,,,1 Pc,100,100,,,,,,100,,
,,Veg cheese burger,,,,1 Pc,65,65,,,,,,65,,
,,Veg Burger,,,,1 Pc,50,50,,,,,,50,,
,,Chicken roll,,,,3 Pc,80,240,,,,,,240,,
,,Chicken roll,,,,2 Pc,80,160,,,,,,160,,
,,Veg cheese burger,,,,2 Pc,65,130,,,,,,130,,
,,Egg roll,,,,2 Pc,50,100,,,,,,100,,
,,Chicken egg roll single,,,,2 Pc,90,180,,,,,,180,,
,,Chicken chilli,,,,1 Pc,200,200,,,,,,200,,
,,Paratha,,,,2 Pc,25,50,,,,,,50,,
,,Egg burger,,,,1 Pc,30,30,,,,,,30,,
,,Veg cheese burger,,,,1 Pc,65,65,,,,,,65,,
,,Chicken roll,,,,2 Pc,80,160,,,,,,160,,
,,Chicken Noodles Half,,,,2 Pc,80,160,,,,,,160,,
,,Chicken Noodles Half,,,,1 Pc,80,80,,,,,,80,,
,,Chicken double eggs Roll,,,,5 Pc,100,500,,,,,,500,,
,,Chicken Schezwan Rice,,,,2 Pc,90,180,,,,,,180,,
,,Paneer Manchurian,,,,2 Pc,155,310,,,,,,310,,
,,Chicken chilli,,,,1 Pc,200,200,,,,,,200,,
,,Paneer roll,,,,1 Pc,70,70,,,,,,70,,
,,Paratha,,,,8 Pc,25,200,,,,,,200,,
,,Chicken chilli,,,,1 Pc,200,200,,,,,,200,,
,,Chilli Half,,,,1 Pc,110,110,,,,,,110,,
28/01/2025,INV-00286,Cash,,,,,,,,,,,,,0,3390
,,Double eggs Roll,,,,1 Pc,60,60,,,,,,60,,
,,Double eggs Roll,,,,1 Pc,60,60,,,,,,60,,
,,Veg Burger,,,,1 Pc,50,50,,,,,,50,,
,,Egg roll,,,,2 Pc,50,100,,,,,,100,,
,,Veg roll,,,,2 Pc,45,90,,,,,,90,,
,,Paneer Noodles Half,,,,1 Pc,80,80,,,,,,80,,
,,Chicken cheese roll,,,,2 Pc,90,180,,,,,,180,,
,,Chicken burger,,,,1 Pc,60,60,,,,,,60,,
,,Chicken combi roll,,,,2 Pc,100,200,,,,,,200,,
,,Paneer roll,,,,1 Pc,70,70,,,,,,70,,
,,Chicken roll,,,,2 Pc,80,160,,,,,,160,,
,,Chicken noodles,,,,2 Pc,150,300,,,,,,300,,
,,Veg cheese burger,,,,1 Pc,65,65,,,,,,65,,
,,Veg Manchurian Half,,,,1 Pc,75,75,,,,,,75,,
,,Chicken noodles,,,,2 Pc,150,300,,,,,,300,,
,,Veg Burger,,,,3 Pc,50,150,,,,,,150,,
,,Chicken Schezwan Rice,,,,1 Pc,90,90,,,,,,90,,
,,Veg noodles Half,,,,1 Pc,60,60,,,,,,60,,
,,Paneer roll,,,,1 Pc,70,70,,,,,,70,,
,,Chicken combi roll,,,,1 Pc,100,100,,,,,,100,,
,,Veg Noodles,,,,1 Pc,110,110,,,,,,110,,
,,Chicken Boneless Half,,,,1 Pc,85,85,,,,,,85,,
,,Chicken Rice Half,,,,1 Pc,80,80,,,,,,80,,
,,Chicken burger,,,,2 Pc,60,120,,,,,,120,,
,,Chicken double eggs Roll,,,,1 Pc,100,100,,,,,,100,,
,,Veg roll,,,,4 Pc,45,180,,,,,,180,,
,,Veg Rice Half,,,1,1 Pc,60,60,,,,,,60,,
,,Egg roll,,,,1 Pc,50,50,,,,,,50,,
,,Chicken Boneless Half,,,,1 Pc,85,85,,,,,,85,,
,,Chicken crispy,,,,1 Pc,100,100,,,,,,100,,
,,Paratha,,,,2 Pc,25,50,,,,,,50,,
,,Paratha,,,,2 Pc,25,50,,,,,,50,,
29/01/2025,INV-00287,Cash,,,,,,,,,,,,,0,2705
,,Chiken boneless,,,,2 Pc,150,300,,,,,,300,,
,,Chicken noodles,,,,2 Pc,150,300,,,,,,300,,
,,Chicken cheese burger,,,,1 Pc,75,75,,,,,,75,,
,,Chicken burger,,,,1 Pc,60,60,,,,,,60,,
,,Veg Manchurian Half,,,,1 Pc,75,75,,,,,,75,,
,,Chicken noodles,,,,1 Pc,150,150,,,,,,150,,
,,Egg burger,,,,1 Pc,30,30,,,,,,30,,
,,Veg roll,,,,1 Pc,45,45,,,,,,45,,
,,Chicken fried rice,,,,1 Pc,150,150,,,,,,150,,
,,Chicken chilli,,,,1 Pc,200,200,,,,,,200,,
,,Chicken roll,,,,1 Pc,80,80,,,,,,80,,
,,Double eggs Roll,,,,1 Pc,60,60,,,,,,60,,
,,Double eggs Roll,,,,2 Pc,60,120,,,,,,120,,
,,Veg roll,,,,1 Pc,45,45,,,,,,45,,
,,Bone chilly,,,,3 Pc,180,540,,,,,,540,,
,,Chicken noodles,,,,1 Pc,150,150,,,,,,150,,
,,Chicken Lolipop Half,,,,1 Pc,155,155,,,,,,155,,
,,Chicken cheese roll,,,,1 Pc,90,90,,,,,,90,,
,,Chicken Rice Half,,,,1 Pc,80,80,,,,,,80,,
30/01/2025,INV-00288,Cash,,,,,,,,,,,,,0,1670
,,Chilli Half,,,,1 Pc,110,110,,,,,,110,,
,,Paratha,,,,1 Pc,25,25,,,,,,25,,
,,Veg roll,,,,1 Pc,45,45,,,,,,45,,
,,French fries,,,,1 Pc,55,55,,,,,,55,,
,,Veg noodles Half,,,,3 Pc,60,180,,,,,,180,,
,,Chicken lolipop Full,,,,1 Pc,280,280,,,,,,280,,
,,Chicken roll,,,,1 Pc,80,80,,,,,,80,,
,,Chicken Noodles Half,,,,1 Pc,80,80,,,,,,80,,
,,Chicken noodles,,,,1 Pc,150,150,,,,,,150,,
,,Chicken Noodles Half,,,,1 Pc,80,80,,,,,,80,,
,,Chicken Rice Half,,,,1 Pc,80,80,,,,,,80,,
,,Chicken noodles,,,,1 Pc,150,150,,,,,,150,,
,,Chicken crispy,,,,1 Pc,100,100,,,,,,100,,
,,Paneer 65,,,,1 Pc,180,180,,,,,,180,,
,,Paratha,,,,3 Pc,25,75,,,,,,75,,
31/01/2025,INV-00289,Cash,,,,,,,,,,,,,0,685
,,Chicken Rice Half,,,,2 Pc,80,160,,,,,,160,,
,,Chicken Lolipop Half,,,,1 Pc,155,155,,,,,,155,,
,,Chicken noodles,,,,1 Pc,150,150,,,,,,150,,
,,Egg noodles,,,,1 Pc,130,130,,,,,,130,,
,,Egg burger,,,,3 Pc,30,90,,,,,,90,,
01/02/2025,INV-00290,Cash,,,,,,,,,,,,,0,4330
,,Chicken double eggs Roll,,,,1 Pc,100,100,,,,,,100,,
,,Chicken lolipop Full,,,,1 Pc,280,280,,,,,,280,,
,,Paneer chilli Half,,,,1 Pc,100,100,,,,,,100,,
,,Egg burger,,,,1 Pc,30,30,,,,,,30,,
,,Double eggs Roll,,,,1 Pc,60,60,,,,,,60,,
,,Egg double burger,,,40,1 Pc,40,40,,,,,,40,,
,,Veg Double cheese Burger,,,,2 Pc,75,150,,,,,,150,,
,,Chicken Schezwan Noodles Half,,,,1 Pc,90,90,,,,,,90,,
,,Egg burger,,,,1 Pc,30,30,,,,,,30,,
,,Chicken crispy,,,,2 Pc,100,200,,,,,,200,,
,,Chicken Rice Half,,,,1 Pc,80,80,,,,,,80,,
,,Chicken noodles,,,,1 Pc,150,150,,,,,,150,,
,,Chicken Boneless Half,,,,1 Pc,85,85,,,,,,85,,
,,Chicken roll,,,,2 Pc,80,160,,,,,,160,,
,,Chicken Noodles Half,,,,1 Pc,80,80,,,,,,80,,
,,Chicken Rice Half,,,,2 Pc,80,160,,,,,,160,,
,,Chicken noodles,,,,1 Pc,150,150,,,,,,150,,
,,Chicken soup hot and sour,,,,1 Pc,100,100,,,,,,100,,
,,French fries,,,,1 Pc,55,55,,,,,,55,,
,,Chicken chilli,,,,3 Pc,200,600,,,,,,600,,
,,Chicken roll,,,,2 Pc,80,160,,,,,,160,,
,,Chicken roll,,,,1 Pc,80,80,,,,,,80,,
,,Chicken Rice Half,,,,1 Pc,80,80,,,,,,80,,
,,Chicken Rice Half,,,,1 Pc,80,80,,,,,,80,,
,,Chicken double eggs Roll,,,,1 Pc,100,100,,,,,,100,,
,,Chilli Half,,,,1 Pc,110,110,,,,,,110,,
,,Paneer chilli Half,,,,1 Pc,100,100,,,,,,100,,
,,Veg Noodles,,,,1 Pc,110,110,,,,,,110,,
,,Egg roll,,,,1 Pc,50,50,,,,,,50,,
,,Veg roll,,,,1 Pc,45,45,,,,,,45,,
,,Chicken chilli,,,,1 Pc,200,200,,,,,,200,,
,,Veg Noodles,,,,2 Pc,110,220,,,,,,220,,
,,Veg cheese burger,,,,1 Pc,65,65,,,,,,65,,
,,Paneer chilli Half,,,,1 Pc,100,100,,,,,,100,,
,,Paratha,,,,2 Pc,25,50,,,,,,50,,
,,Chicken Rice Half,,,,1 Pc,80,80,,,,,,80,,
02/02/2025,INV-00291,Cash,,,,,,,,,,,,,0,2845
,,Chicken crispy,,,,2 Pc,100,200,,,,,,200,,
,,Veg Burger,,,,2 Pc,50,100,,,,,,100,,
,,French fries,,,,1 Pc,55,55,,,,,,55,,
,,Veg Burger,,,,2 Pc,50,100,,,,,,100,,
,,French fries,,,,1 Pc,55,55,,,,,,55,,
,,Chicken noodles,,,,1 Pc,150,150,,,,,,150,,
,,Veg Noodles,,,,1 Pc,110,110,,,,,,110,,
,,Double eggs Roll,,,,1 Pc,60,60,,,,,,60,,
,,Chiken boneless,,,,1 Pc,150,150,,,,,,150,,
,,Egg burger,,,,1 Pc,30,30,,,,,,30,,
,,French fries,,,,1 Pc,55,55,,,,,,55,,
,,Chicken cheese roll,,,,1 Pc,90,90,,,,,,90,,
,,Paneer chilli,,,,1 Pc,180,180,,,,,,180,,
,,Chicken lolipop Full,,,,1 Pc,280,280,,,,,,280,,
,,Chiken boneless,,,,1 Pc,150,150,,,,,,150,,
,,Paneer chilli,,,,1 Pc,180,180,,,,,,180,,
,,Chicken combi roll,,,,3 Pc,100,300,,,,,,300,,
,,Paratha,,,,4 Pc,25,100,,,,,,100,,
,,Chilli Half,,,,1 Pc,110,110,,,,,,110,,
,,Chicken noodles,,,,1 Pc,150,150,,,,,,150,,
,,Chicken Rice Half,,,,1 Pc,80,80,,,,,,80,,
,,Chicken Noodles Half,,,,2 Pc,80,160,,,,,,160,,
08/02/2025,INV-00292,Cash,,,,,,,,,,,,,0,2975
,,Chicken fried rice,,,,1 Pc,150,150,,,,,,150,,
,,Egg roll,,,,1 Pc,50,50,,,,,,50,,
,,Veg roll,,,,1 Pc,45,45,,,,,,45,,
,,Chicken roll,,,,3 Pc,80,240,,,,,,240,,
,,Chicken roll,,,,1 Pc,80,80,,,,,,80,,
,,Chicken Rice Half,,,,1 Pc,100,100,,,,,,100,,
,,Chicken burger,,,,1 Pc,60,60,,,,,,60,,
,,Chicken Noodles Half,,,,1 Pc,80,80,,,,,,80,,
,,Bone chilly,,,,1 Pc,180,180,,,,,,180,,
,,Bone Chilli Half,,,,1 Pc,100,100,,,,,,100,,
,,Chicken burger,,,,1 Pc,60,60,,,,,,60,,
,,Veg Burger,,,,1 Pc,50,50,,,,,,50,,
,,Chicken noodles,,,,1 Pc,150,150,,,,,,150,,
,,Egg burger,,,,6 Pc,30,180,,,,,,180,,
,,Veg Burger,,,,1 Pc,50,50,,,,,,50,,
,,Chicken crispy,,,,3 Pc,100,300,,,,,,300,,
,,Double eggs Roll,,,,1 Pc,60,60,,,,,,60,,
,,Chicken Rice Half,,,,1 Pc,80,80,,,,,,80,,
,,Chicken lolipop Full,,,,1 Pc,280,280,,,,,,280,,
,,Chicken chilli,,,,1 Pc,200,200,,,,,,200,,
,,Paneer chilli Half,,,,1 Pc,100,100,,,,,,100,,
,,Chicken double eggs Roll,,,,3 Pc,100,300,,,,,,300,,
,,Chicken Rice Half,,,,1 Pc,80,80,,,,,,80,,
09/02/2025,INV-00293,Cash,,,,,,,,,,,,,0,2305
,,Chicken cheese burger,,,,1 Pc,75,75,,,,,,75,,
,,Double eggs Roll,,,,1 Pc,60,60,,,,,,60,,
,,Chicken Noodles Half,,,,1 Pc,80,80,,,,,,80,,
,,Veg roll,,,,3 Pc,45,135,,,,,,135,,
,,Chicken Boneless Half,,,,1 Pc,85,85,,,,,,85,,
,,Paratha,,,,2 Pc,25,50,,,,,,50,,
,,Chicken roll,,,,1 Pc,80,80,,,,,,80,,
,,Veg noodles Half,,,,1 Pc,60,60,,,,,,60,,
,,Veg Manchurian Half,,,,1 Pc,75,75,,,,,,75,,
,,Chicken noodles,,,,1 Pc,150,150,,,,,,150,,
,,Veg Burger,,,,1 Pc,50,50,,,,,,50,,
,,Chicken crispy,,,,2 Pc,100,200,,,,,,200,,
,,Chicken Rice Half,,,,1 Pc,80,80,,,,,,80,,
,,Chicken roll,,,,2 Pc,80,160,,,,,,160,,
,,Double eggs Roll,,,,1 Pc,60,60,,,,,,60,,
,,Egg roll,,,,1 Pc,50,50,,,,,,50,,
,,Chicken lolipop Full,,,,1 Pc,280,280,,,,,,280,,
,,Paratha,,,,5 Pc,25,125,,,,,,125,,
,,Chicken 65,,,,1 Pc,220,220,,,,,,220,,
,,Paneer 65,,,,1 Pc,180,180,,,,,,180,,
,,Paratha,,,,2 Pc,25,50,,,,,,50,,
10/02/2025,INV-00294,Cash,,,,,,,,,,,,,0,2815
,,Double eggs Roll,,,,1 Pc,60,60,,,,,,60,,
,,Chicken roll,,,,2 Pc,80,160,,,,,,160,,
,,Chicken fried rice,,,,1 Pc,150,150,,,,,,150,,
,,Chicken Rice Half,,,,1 Pc,80,80,,,,,,80,,
,,Double eggs Roll,,,,2 Pc,60,120,,,,,,120,,
,,Chicken Schezwan Rice,,,,3 Pc,90,270,,,,,,270,,
,,Chicken Lolipop Half,,,,1 Pc,155,155,,,,,,155,,
,,Egg burger,,,,1 Pc,30,30,,,,,,30,,
,,Chicken Noodles Half,,,,1 Pc,80,80,,,,,,80,,
,,Chicken Schezwan Rice,,,,1 Pc,90,90,,,,,,90,,
,,Veg Burger,,,,3 Pc,50,150,,,,,,150,,
,,Chicken cheese roll,,,,1 Pc,90,90,,,,,,90,,
,,Chicken roll,,,,2 Pc,80,160,,,,,,160,,
,,Chicken cheese roll,,,,1 Pc,90,90,,,,,,90,,
,,Chicken cheese burger,,,,2 Pc,75,150,,,,,,150,,
,,Chicken crispy,,,,2 Pc,100,200,,,,,,200,,
,,Chicken Manchow Soup Full,,,,1 Pc,100,100,,,,,,100,,
,,Chicken crispy,,,,1 Pc,100,100,,,,,,100,,
,,Chiken Manchurian,,,,1 Pc,90,90,,,,,,90,,
,,Paneer roll,,,,1 Pc,70,70,,,,,,70,,
,,Chicken lolipop Full,,,,1 Pc,280,280,,,,,,280,,
,,Double eggs Roll,,,,1 Pc,60,60,,,,,,60,,
,,Chicken Noodles Half,,,,1 Pc,80,80,,,,,,80,,
11/02/2025,INV-00295,Cash,,,,,,,,,,,,,0,2490
,,Chicken Rice Half,,,,1 Pc,80,80,,,,,,80,,
,,Chicken lolipop Full,,,,1 Pc,280,280,,,,,,280,,
,,Chicken crispy,,,,3 Pc,100,300,,,,,,300,,
,,Chicken Noodles Half,,,,1 Pc,80,80,,,,,,80,,
,,Chicken burger,,,,2 Pc,60,120,,,,,,120,,
,,Paneer cheese roll,,,,2 Pc,80,160,,,,,,160,,
,,Veg Schezwan Full,,,,1 Pc,130,130,,,,,,130,,
,,Veg noodles Half,,,,1 Pc,60,60,,,,,,60,,
,,Chicken Noodles Half,,,,1 Pc,80,80,,,,,,80,,
,,Chicken Double Cheese Burger,,,,2 Pc,85,170,,,,,,170,,
,,Chicken Noodles Half,,,,1 Pc,80,80,,,,,,80,,
,,Chicken roll,,,,1 Pc,80,80,,,,,,80,,
,,Chicken crispy,,,,1 Pc,100,100,,,,,,100,,
,,Chicken roll,,,,1 Pc,80,80,,,,,,80,,
,,Chicken roll,,,,2 Pc,80,160,,,,,,160,,
,,Chicken Boneless Half,,,,1 Pc,85,85,,,,,,85,,
,,Paratha,,,,1 Pc,25,25,,,,,,25,,
,,Chicken combi roll,,,,1 Pc,110,110,,,,,,110,,
,,Chicken Rice Half,,,,1 Pc,80,80,,,,,,80,,
,,Chicken Rice Half,,,,1 Pc,80,80,,,,,,80,,
,,Chicken noodles,,,,1 Pc,150,150,,,,,,150,,
12/02/2025,INV-00297,Cash,,,,,,,,,,,,,0,2549
,,Double eggs Roll,,,,1 Pc,60,60,,,,,,60,,
,,Egg burger,,,,1 Pc,30,30,,,,,,30,,
,,Chicken noodles,,,,1 Pc,150,150,,,,,,150,,
,,Chicken roll,,,,2 Pc,80,160,,,,,,160,,
,,Egg roll,,,,5 Pc,50,250,,,,,,250,,
,,Double eggs Roll,,,,3 Pc,60,180,,,,,,180,,
,,Veg noodles Half,,,,1 Pc,60,60,,,,,,60,,
,,Double eggs Roll,,,,1 Pc,60,60,,,,,,60,,
,,Chicken roll,,,,1 Pc,80,80,,,,,,80,,
,,Chicken Rice Half,,,,1 Pc,80,80,,,,,,80,,
,,Veg Burger,,,,1 Pc,50,50,,,,,,50,,
,,Chicken burger,,,,3 Pc,60,180,,,,,,180,,
,,Chicken roll,,,,2 Pc,80,160,,,,,,160,,
,,Chicken roll,,,,1 Pc,80,80,,,,,,80,,
,,Chicken crispy,,,,2 Pc,100,200,,,,,,200,,
,,Egg double burger,,,40,1 Pc,40,40,,,,,,40,,
,,Double eggs Roll,,,,1 Pc,60,60,,,,,,60,,
,,Chicken Schezwan Rice,,,,2 Pc,90,180,,,,,,180,,
,,Paneer chilli,,,,1 Pc,180,180,,,,,,180,,
,,Veg Manchurian,,,,1 Pc,129,129,,,,,,129,,
,,Chicken crispy,,,,1 Pc,100,100,,,,,,100,,
,,Chicken Noodles Half,,,,1 Pc,80,80,,,,,,80,,
13/02/2025,INV-00298,Cash,,,,,,,,,,,,,0,2390
,,Chicken Boneless Half,,,,1 Pc,85,85,,,,,,85,,
,,Paratha,,,,2 Pc,25,50,,,,,,50,,
,,Chicken noodles,,,,1 Pc,150,150,,,,,,150,,
,,Chicken roll,,,,2 Pc,80,160,,,,,,160,,
,,Chicken burger,,,,4 Pc,60,240,,,,,,240,,
,,Chicken Noodles Half,,,,2 Pc,80,160,,,,,,160,,
,,Chicken roll,,,,1 Pc,80,80,,,,,,80,,
,,Veg Manchurian Half,,,,1 Pc,75,75,,,,,,75,,
,,Chicken combi roll,,,,3 Pc,100,300,,,,,,300,,
,,Chicken roll,,,,4 Pc,80,320,,,,,,320,,
,,Chicken double eggs Roll,,,,3 Pc,100,300,,,,,,300,,
,,Chicken double eggs Roll,,,,1 Pc,100,100,,,,,,100,,
,,Double eggs Roll,,,,2 Pc,60,120,,,,,,120,,
,,Chicken crispy,,,,2 Pc,100,200,,,,,,200,,
,,Veg Burger,,,,1 Pc,50,50,,,,,,50,,
14/02/2025,INV-00299,Cash,,,,,,,,,,,,,0,1895
,,Chicken fried rice,,,,2 Pc,150,300,,,,,,300,,
,,Chicken 65,,,,1 Pc,220,220,,,,,,220,,
,,Chicken Rice Half,,,,1 Pc,80,80,,,,,,80,,
,,Chicken double eggs Roll,,,,1 Pc,100,100,,,,,,100,,
,,Veg noodles Half,,,,1 Pc,60,60,,,,,,60,,
,,Veg Noodles,,,,2 Pc,110,220,,,,,,220,,
,,Veg Manchurian Half,,,,1 Pc,75,75,,,,,,75,,
,,Chicken combi roll,,,,1 Pc,100,100,,,,,,100,,
,,Chicken roll,,,,1 Pc,80,80,,,,,,80,,
,,Veg roll,,,,1 Pc,45,45,,,,,,45,,
,,Egg burger,,,,1 Pc,30,30,,,,,,30,,
,,Chicken Rice Half,,,,1 Pc,80,80,,,,,,80,,
,,Chicken crispy,,,,1 Pc,100,100,,,,,,100,,
,,Chicken noodles,,,,1 Pc,150,150,,,,,,150,,
,,Veg cheese burger,,,,1 Pc,65,65,,,,,,65,,
,,Chicken roll,,,,1 Pc,80,80,,,,,,80,,
,,Chilli Half,,,,1 Pc,110,110,,,,,,110,,
15/02/2025,INV-00300,Cash,,,,,,,,,,,,,0,2650
,,Bone chilly,,,,1 Pc,180,180,,,,,,180,,
,,Paratha,,,,2 Pc,25,50,,,,,,50,,
,,Chicken Rice Half,,,,1 Pc,80,80,,,,,,80,,
,,Paneer noodles,,,,1 Pc,150,150,,,,,,150,,
,,Chicken roll,,,,1 Pc,80,80,,,,,,80,,
,,Chicken noodles,,,,1 Pc,150,150,,,,,,150,,
,,Chicken roll,,,,2 Pc,80,160,,,,,,160,,
,,Veg roll,,,,2 Pc,45,90,,,,,,90,,
,,Chicken noodles,,,,1 Pc,150,150,,,,,,150,,
,,Chicken crispy,,,,1 Pc,100,100,,,,,,100,,
,,Paneer cheese roll,,,,1 Pc,80,80,,,,,,80,,
,,Veg roll,,,,1 Pc,45,45,,,,,,45,,
,,Chicken crispy,,,,1 Pc,100,100,,,,,,100,,
,,French fries,,,,1 Pc,55,55,,,,,,55,,
,,Chicken burger,,,,3 Pc,60,180,,,,,,180,,
,,Paneer Schezwan Roll,,,,1 Pc,80,80,,,,,,80,,
,,Chicken combi roll,,,,1 Pc,100,100,,,,,,100,,
,,Bone Chilli Half,,,,1 Pc,100,100,,,,,,100,,
,,Double eggs Roll,,,,1 Pc,60,60,,,,,,60,,
,,Chicken Rice Half,,,,1 Pc,80,80,,,,,,80,,
,,Chicken crispy,,,,1 Pc,100,100,,,,,,100,,
,,Paratha,,,,1 Pc,25,25,,,,,,25,,
,,Paratha,,,,4 Pc,25,100,,,,,,100,,
,,Chilli Half,,,,1 Pc,110,110,,,,,,110,,
,,Chilli Half,,,,1 Pc,110,110,,,,,,110,,
,,Paratha,,,,2 Pc,25,50,,,,,,50,,
,,Chicken Boneless Half,,,,1 Pc,85,85,,,,,,85,,
16/02/2025,INV-00301,Cash,,,,,,,,,,,,,0,2920
,,Chiken Schezwan,,,,1 Pc,170,170,,,,,,170,,
,,Double eggs Roll,,,,1 Pc,60,60,,,,,,60,,
,,Chicken chilli,,,,1 Pc,200,200,,,,,,200,,
,,Chicken crispy,,,,2 Pc,100,200,,,,,,200,,
,,Chicken noodles,,,,1 Pc,150,150,,,,,,150,,
,,Chicken burger,,,,2 Pc,60,120,,,,,,120,,
,,Chicken roll,,,,1 Pc,80,80,,,,,,80,,
,,Chicken roll,,,,2 Pc,80,160,,,,,,160,,
,,Paneer roll,,,,1 Pc,70,70,,,,,,70,,
,,Veg Burger,,,,1 Pc,50,50,,,,,,50,,
,,Chicken cheese burger,,,,2 Pc,75,150,,,,,,150,,
,,Chicken Rice Half,,,,2 Pc,80,160,,,,,,160,,
,,Veg Rice Half,,,1,1 Pc,60,60,,,,,,60,,
,,Chicken 65,,,,1 Pc,100,100,,,,,,100,,
,,Chicken combi roll,,,,3 Pc,100,300,,,,,,300,,
,,Double eggs Roll,,,,4 Pc,60,240,,,,,,240,,
,,Chicken fried rice,,,,1 Pc,150,150,,,,,,150,,
,,Chicken roll,,,,2 Pc,80,160,,,,,,160,,
,,Chicken Noodles Half,,,,2 Pc,80,160,,,,,,160,,
,,Chicken Rice Half,,,,1 Pc,80,80,,,,,,80,,
,,Chicken crispy,,,,1 Pc,100,100,,,,,,100,,
17/02/2025,INV-00302,Cash,,,,,,,,,,,,,0,2330
,,Chicken lolipop Full,,,,1 Pc,280,280,,,,,,280,,
,,Veg noodles Half,,,,3 Pc,60,180,,,,,,180,,
,,Chicken Noodles Half,,,,2 Pc,80,160,,,,,,160,,
,,Veg Noodles,,,,1 Pc,110,110,,,,,,110,,
,,Chicken lolipop Full,,,,1 Pc,280,280,,,,,,280,,
,,Chicken crispy,,,,2 Pc,100,200,,,,,,200,,
,,Chicken double eggs Roll,,,,3 Pc,100,300,,,,,,300,,
,,Double eggs Roll,,,,1 Pc,60,60,,,,,,60,,
,,Chicken Boneless Half,,,,1 Pc,85,85,,,,,,85,,
,,Chicken Rice Half,,,,1 Pc,80,80,,,,,,80,,
,,Chicken Lolipop Half,,,,1 Pc,155,155,,,,,,155,,
,,Veg Manchurian,,,,1 Pc,130,130,,,,,,130,,
,,Veg Noodles,,,,1 Pc,110,110,,,,,,110,,
,,Chicken chilli,,,,1 Pc,200,200,,,,,,200,,
18/02/2025,INV-00303,Cash,,,,,,,,,,,,,0,3604
,,Chicken Lolipop Half,,,,1 Pc,155,155,,,,,,155,,
,,Chicken roll,,,,2 Pc,80,160,,,,,,160,,
,,Chicken Noodles Half,,,,1 Pc,80,80,,,,,,80,,
,,Paneer Noodles Half,,,,1 Pc,80,80,,,,,,80,,
,,Paneer chilli Half,,,,1 Pc,100,100,,,,,,100,,
,,Chicken roll,,,,2 Pc,80,160,,,,,,160,,
,,Chicken lolipop Full,,,,1 Pc,280,280,,,,,,280,,
,,Chicken fried rice,,,,1 Pc,150,150,,,,,,150,,
,,Chicken roll,,,,4 Pc,80,320,,,,,,320,,
,,Chicken Schezwan Rice,,,,2 Pc,170,340,,,,,,340,,
,,Chicken roll,,,,1 Pc,80,80,,,,,,80,,
,,Veg Burger,,,,1 Pc,50,50,,,,,,50,,
,,Veg roll,,,,1 Pc,45,45,,,,,,45,,
,,Chicken egg roll single,,,,1 Pc,90,90,,,,,,90,,
,,Veg Manchurian Half,,,,1 Pc,75,75,,,,,,75,,
,,Chiken boneless,,,,1 Pc,150,150,,,,,,150,,
,,Chicken double eggs Roll,,,,3 Pc,100,300,,,,,,300,,
,,Chicken fried rice,,,,2 Pc,150,300,,,,,,300,,
,,Veg Manchurian,,,,1 Pc,129,129,,,,,,129,,
,,Veg Manchurian Half,,,,1 Pc,75,75,,,,,,75,,
,,Chicken Manchauw Soup Half,,,,1 Pc,100,100,,,,,,100,,
,,Egg roll,,,,1 Pc,50,50,,,,,,50,,
,,Chicken Boneless Half,,,,1 Pc,85,85,,,,,,85,,
,,Chicken fried rice,,,,1 Pc,150,150,,,,,,150,,
,,Chicken crispy,,,,1 Pc,100,100,,,,,,100,,
19/02/2025,INV-00304,Cash,,,,,,,,,,,,,0,2755
,,Double eggs Roll,,,,1 Pc,60,60,,,,,,60,,
,,Chicken noodles,,,,1 Pc,150,150,,,,,,150,,
,,Chicken roll,,,,2 Pc,80,160,,,,,,160,,
,,Chicken noodles,,,,1 Pc,150,150,,,,,,150,,
,,Paneer roll,,,,1 Pc,70,70,,,,,,70,,
,,Double eggs Roll,,,,1 Pc,60,60,,,,,,60,,
,,Chicken roll,,,,3 Pc,80,240,,,,,,240,,
,,Double eggs Roll,,,,1 Pc,60,60,,,,,,60,,
,,Chicken cheese roll,,,,2 Pc,90,180,,,,,,180,,
,,Veg Noodles,,,,1 Pc,110,110,,,,,,110,,
,,Chicken crispy,,,,1 Pc,100,100,,,,,,100,,
,,Chicken Noodles Half,,,,1 Pc,80,80,,,,,,80,,
,,Chicken combi roll,,,,1 Pc,100,100,,,,,,100,,
,,Chicken Manchauw Soup Half,,,,2 Pc,60,120,,,,,,120,,
,,French fries,,,,1 Pc,55,55,,,,,,55,,
,,Paneer chilli,,,,1 Pc,180,180,,,,,,180,,
,,Chicken chilli,,,,1 Pc,200,200,,,,,,200,,
,,Chicken combi roll,,,,2 Pc,100,200,,,,,,200,,
,,Chicken egg roll single,,,,1 Pc,90,90,,,,,,90,,
,,Veg Burger,,,,1 Pc,50,50,,,,,,50,,
,,Chicken burger,,,,1 Pc,60,60,,,,,,60,,
,,Egg roll,,,,2 Pc,50,100,,,,,,100,,
,,Chicken Rice Half,,,,1 Pc,80,80,,,,,,80,,
,,Bone Chilli Half,,,,1 Pc,100,100,,,,,,100,,
20/02/2025,INV-00305,Cash,,,,,,,,,,,,,0,1240
,,Chicken schezwan,,,,2 Pc,170,340,,,,,,340,,
,,Soup,,,,1 Pc,50,50,,,,,,50,,
,,Egg double burger,,,40,3 Pc,40,120,,,,,,120,,
,,Veg Burger,,,,3 Pc,50,150,,,,,,150,,
,,Veg noodles Half,,,,1 Pc,60,60,,,,,,60,,
,,Paneer Schezwan Roll,,,,1 Pc,80,80,,,,,,80,,
,,Paneer 65,,,,1 Pc,100,100,,,,,,100,,
,,Double eggs Roll,,,,1 Pc,60,60,,,,,,60,,
,,Chicken roll,,,,1 Pc,80,80,,,,,,80,,
,,Chicken crispy,,,,1 Pc,100,100,,,,,,100,,
,,Paratha,,,,2 Pc,25,50,,,,,,50,,
,,Chicken soup hot and sour,,,,1 Pc,50,50,,,,,,50,,
21/02/2025,INV-00306,Cash,,,,,,,,,,,,,0,1580
,,Veg roll,,,,3 Pc,45,135,,,,,,135,,
,,Paneer Noodles Half,,,,2 Pc,80,160,,,,,,160,,
,,Double eggs Roll,,,,2 Pc,60,120,,,,,,120,,
,,Chicken Boneless Half,,,,1 Pc,85,85,,,,,,85,,
,,Double eggs Roll,,,,2 Pc,60,120,,,,,,120,,
,,Double eggs Roll,,,,2 Pc,60,120,,,,,,120,,
,,Double eggs Roll,,,,1 Pc,60,60,,,,,,60,,
,,Veg roll,,,,1 Pc,45,45,,,,,,45,,
,,Chicken Boneless Half,,,,1 Pc,85,85,,,,,,85,,
,,Paratha,,,,3 Pc,25,75,,,,,,75,,
,,Double eggs Roll,,,,1 Pc,60,60,,,,,,60,,
,,Veg Noodles,,,,1 Pc,110,110,,,,,,110,,
,,Paneer chilli,,,,1 Pc,180,180,,,,,,180,,
,,Paratha,,,,3 Pc,25,75,,,,,,75,,
,,Chicken cheese roll,,,,1 Pc,90,90,,,,,,90,,
,,Double eggs Roll,,,,1 Pc,60,60,,,,,,60,,
22/02/2025,INV-00307,Cash,,,,,,,,,,,,,0,4374
,,Chicken roll,,,,2 Pc,80,160,,,,,,160,,
,,Egg burger,,,,1 Pc,30,30,,,,,,30,,
,,Chicken combi roll,,,,1 Pc,100,100,,,,,,100,,
,,Chilli Half,,,,1 Pc,110,110,,,,,,110,,
,,Chicken Rice Half,,,,1 Pc,80,80,,,,,,80,,
,,French fries,,,,1 Pc,55,55,,,,,,55,,
,,Chicken lolipop Full,,,,1 Pc,280,280,,,,,,280,,
,,Veg Noodles,,,,1 Pc,110,110,,,,,,110,,
,,Veg Manchurian,,,,1 Pc,130,130,,,,,,130,,
,,Chicken cheese roll,,,,2 Pc,90,180,,,,,,180,,
,,Chicken roll,,,,2 Pc,80,160,,,,,,160,,
,,Veg Noodles,,,,1 Pc,110,110,,,,,,110,,
,,Chiken boneless,,,,1 Pc,150,150,,,,,,150,,
,,Chicken roll,,,,1 Pc,80,80,,,,,,80,,
,,Chiken boneless,,,,1 Pc,150,150,,,,,,150,,
,,Paratha,,,,4 Pc,25,100,,,,,,100,,
,,Paneer chilli Half,,,,2 Pc,100,200,,,,,,200,,
,,Chicken cheese roll,,,,1 Pc,90,90,,,,,,90,,
,,Paneer roll,,,,1 Pc,70,70,,,,,,70,,
,,Veg roll,,,,1 Pc,45,45,,,,,,45,,
,,Paneer chilli Half,,,,2 Pc,100,200,,,,,,200,,
,,Chicken combi roll,,,,2 Pc,100,200,,,,,,200,,
,,Paneer cheese roll,,,,2 Pc,80,160,,,,,,160,,
,,Veg Manchurian,,,,1 Pc,129,129,,,,,,129,,
,,Chicken Rice Half,,,,2 Pc,80,160,,,,,,160,,
,,Egg roll,,,,2 Pc,50,100,,,,,,100,,
,,Veg roll,,,,1 Pc,45,45,,,,,,45,,
,,Veg Burger,,,,1 Pc,50,50,,,,,,50,,
,,Double eggs Roll,,,,1 Pc,60,60,,,,,,60,,
,,Chicken roll,,,,9 Pc,80,720,,,,,,720,,
,,Chicken roll,,,,1 Pc,80,80,,,,,,80,,
,,Chicken roll,,,,1 Pc,80,80,,,,,,80,,
23/02/2025,INV-00308,Cash,,,,,,,,,,,,,0,3730
,,Paneer roll,,,,1 Pc,70,70,,,,,,70,,
,,Chicken cheese roll,,,,1 Pc,90,90,,,,,,90,,
,,Chicken Schezwan Noodles Half,,,,1 Pc,90,90,,,,,,90,,
,,Chicken Schezwan Noodles full,,,,1 Pc,170,170,,,,,,170,,
,,Chicken Lolipop Half,,,,1 Pc,155,155,,,,,,155,,
,,Chicken roll,,,,4 Pc,80,320,,,,,,320,,
,,Paneer Schezwan Roll,,,,1 Pc,80,80,,,,,,80,,
,,Chicken noodles,,,,1 Pc,150,150,,,,,,150,,
,,Chicken noodles,,,,1 Pc,150,150,,,,,,150,,
,,Chicken Boneless Half,,,,1 Pc,85,85,,,,,,85,,
,,Chicken double eggs Roll,,,,3 Pc,100,300,,,,,,300,,
,,Chicken noodles,,,,3 Pc,150,450,,,,,,450,,
,,Chiken Manchurian,,,,1 Pc,160,160,,,,,,160,,
,,Chicken roll,,,,1 Pc,80,80,,,,,,80,,
,,Chicken roll,,,,1 Pc,80,80,,,,,,80,,
,,Chicken cheese roll,,,,1 Pc,100,100,,,,,,100,,
,,Chilli Half,,,,1 Pc,110,110,,,,,,110,,
,,Paratha,,,,2 Pc,25,50,,,,,,50,,
,,Paratha,,,,6 Pc,25,150,,,,,,150,,
,,Bone chilly,,,,1 Pc,180,180,,,,,,180,,
,,Chicken Rice Half,,,,1 Pc,80,80,,,,,,80,,
,,Veg Rice Half,,,1,1 Pc,60,60,,,,,,60,,
,,Chicken roll,,,,2 Pc,80,160,,,,,,160,,
,,Chiken boneless,,,,1 Pc,150,150,,,,,,150,,
,,Egg burger,,,,3 Pc,30,90,,,,,,90,,
,,Paneer Schezwan Rice,,,,1 Pc,170,170,,,,,,170,,
24/02/2025,INV-00309,Cash,,,,,,,,,,,,,0,2070
,,Chicken crispy,,,,2 Pc,100,200,,,,,,200,,
,,Chicken burger,,,,2 Pc,60,120,,,,,,120,,
,,Double eggs Roll,,,,1 Pc,60,60,,,,,,60,,
,,Paneer roll,,,,3 Pc,70,210,,,,,,210,,
,,Veg Manchurian Half,,,,1 Pc,75,75,,,,,,75,,
,,Paneer Rice Half,,,,1 Pc,80,80,,,,,,80,,
,,Paratha,,,,2 Pc,25,50,,,,,,50,,
,,Double eggs Roll,,,,2 Pc,60,120,,,,,,120,,
,,Veg cheese burger,,,,1 Pc,65,65,,,,,,65,,
,,Paratha,,,,2 Pc,25,50,,,,,,50,,
,,Chicken Boneless Half,,,,1 Pc,85,85,,,,,,85,,
,,Paratha,,,,2 Pc,25,50,,,,,,50,,
,,Veg Noodles,,,,1 Pc,110,110,,,,,,110,,
,,Chicken Boneless Half,,,,1 Pc,85,85,,,,,,85,,
,,Paratha,,,,2 Pc,25,50,,,,,,50,,
,,Chicken burger,,,,2 Pc,60,120,,,,,,120,,
,,Veg noodles Half,,,,1 Pc,60,60,,,,,,60,,
,,Chicken crispy,,,,1 Pc,100,100,,,,,,100,,
,,Chiken boneless,,,,1 Pc,150,150,,,,,,150,,
,,Chicken Noodles Half,,,,1 Pc,80,80,,,,,,80,,
,,Chicken fried rice,,,,1 Pc,150,150,,,,,,150,,
25/02/2025,INV-00310,Cash,,,,,,,,,,,,,0,2405
,,Chicken chilli,,,,1 Pc,200,200,,,,,,200,,
,,Egg burger,,,,1 Pc,30,30,,,,,,30,,
,,Paneer roll,,,,1 Pc,70,70,,,,,,70,,
,,Chicken burger,,,,2 Pc,60,120,,,,,,120,,
,,Chicken roll,,,,1 Pc,80,80,,,,,,80,,
,,Chicken cheese roll,,,,1 Pc,100,100,,,,,,100,,
,,Chicken roll,,,,1 Pc,80,80,,,,,,80,,
,,Chicken 65,,,,1 Pc,220,220,,,,,,220,,
,,Veg roll,,,,1 Pc,45,45,,,,,,45,,
,,Chicken Noodles Half,,,,3 Pc,80,240,,,,,,240,,
,,Chicken crispy,,,,1 Pc,100,100,,,,,,100,,
,,Veg Noodles,,,,1 Pc,110,110,,,,,,110,,
,,Veg noodles Half,,,,1 Pc,60,60,,,,,,60,,
,,Egg roll,,,,1 Pc,50,50,,,,,,50,,
,,Chicken Boneless Half,,,,1 Pc,85,85,,,,,,85,,
,,Chicken fried rice,,,,2 Pc,150,300,,,,,,300,,
,,Chicken Lolipop Half,,,,1 Pc,155,155,,,,,,155,,
,,Chicken burger,,,,6 Pc,60,360,,,,,,360,,
26/02/2025,INV-00311,Cash,,,,,,,,,,,,,0,2980
,,Veg roll,,,,1 Pc,45,45,,,,,,45,,
,,Chicken roll,,,,1 Pc,80,80,,,,,,80,,
,,Paneer chilli,,,,1 Pc,180,180,,,,,,180,,
,,Paratha,,,,2 Pc,25,50,,,,,,50,,
,,Chicken Lolipop Half,,,,1 Pc,155,155,,,,,,155,,
,,Veg Noodles,,,,1 Pc,110,110,,,,,,110,,
,,Chicken combi roll,,,,3 Pc,100,300,,,,,,300,,
,,Chicken roll,,,,4 Pc,80,320,,,,,,320,,
,,Paneer chilli,,,,1 Pc,180,180,,,,,,180,,
,,Paratha,,,,2 Pc,25,50,,,,,,50,,
,,Chicken crispy,,,,2 Pc,100,200,,,,,,200,,
,,Chicken noodles,,,,1 Pc,150,150,,,,,,150,,
,,Veg roll,,,,1 Pc,45,45,,,,,,45,,
,,Egg roll,,,,1 Pc,50,50,,,,,,50,,
,,Chicken Noodles Half,,,,1 Pc,80,80,,,,,,80,,
,,Veg noodles Half,,,,1 Pc,60,60,,,,,,60,,
,,Veg Burger,,,,1 Pc,50,50,,,,,,50,,
,,Veg Manchurian Half,,,,1 Pc,75,75,,,,,,75,,
,,Veg Rice Half,,,1,1 Pc,60,60,,,,,,60,,
,,Veg Manchurian Half,,,,1 Pc,75,75,,,,,,75,,
,,Chicken Rice Half,,,,1 Pc,80,80,,,,,,80,,
,,French fries,,,,1 Pc,55,55,,,,,,55,,
,,Chicken Noodles Half,,,,1 Pc,80,80,,,,,,80,,
,,Chicken lolipop Full,,,,1 Pc,280,280,,,,,,280,,
,,Egg roll,,,,1 Pc,50,50,,,,,,50,,
,,Chicken burger,,,,2 Pc,60,120,,,,,,120,,
27/02/2025,INV-00312,Cash,,,,,,,,,,,,,0,4510
,,Chicken Rice Half,,,,2 Pc,80,160,,,,,,160,,
,,Veg Burger,,,,1 Pc,50,50,,,,,,50,,
,,Chicken Rice Half,,,,1 Pc,80,80,,,,,,80,,
,,Chicken burger,,,,2 Pc,60,120,,,,,,120,,
,,Chicken burger,,,,4 Pc,60,240,,,,,,240,,
,,Veg Burger,,,,1 Pc,50,50,,,,,,50,,
,,Paratha,,,,4 Pc,25,100,,,,,,100,,
,,Chicken Boneless Half,,,,1 Pc,85,85,,,,,,85,,
,,Chicken double eggs Roll,,,,1 Pc,100,100,,,,,,100,,
,,French fries,,,,2 Pc,55,110,,,,,,110,,
,,Chicken roll,,,,3 Pc,80,240,,,,,,240,,
,,Chicken double eggs Roll,,,,1 Pc,100,100,,,,,,100,,
,,Chicken Noodles Half,,,,1 Pc,80,80,,,,,,80,,
,,Chicken Schezwan Rice,,,,4 Pc,90,360,,,,,,360,,
,,Chicken crispy,,,,2 Pc,100,200,,,,,,200,,
,,Chicken double eggs Roll,,,,2 Pc,100,200,,,,,,200,,
,,Chicken Lolipop Half,,,,1 Pc,155,155,,,,,,155,,
,,Paratha,,,,1 Pc,25,25,,,,,,25,,
,,Veg Burger,,,,2 Pc,50,100,,,,,,100,,
,,Chicken Noodles Half,,,,3 Pc,80,240,,,,,,240,,
,,Paneer roll,,,,3 Pc,70,210,,,,,,210,,
,,Chicken Rice Half,,,,1 Pc,80,80,,,,,,80,,
,,Chicken Schezwan Rice,,,,1 Pc,90,90,,,,,,90,,
,,Chicken crispy,,,,1 Pc,100,100,,,,,,100,,
,,French fries,,,,1 Pc,55,55,,,,,,55,,
,,Chicken roll,,,,1 Pc,80,80,,,,,,80,,
,,Chicken roll,,,,1 Pc,80,80,,,,,,80,,
,,Veg Manchurian,,,,1 Pc,130,130,,,,,,130,,
,,Chicken fried rice,,,,1 Pc,150,150,,,,,,150,,
,,Egg roll,,,,1 Pc,50,50,,,,,,50,,
,,Chicken noodles,,,,1 Pc,150,150,,,,,,150,,
,,Egg roll,,,,1 Pc,50,50,,,,,,50,,
,,Chicken Lolipop Half,,,,1 Pc,155,155,,,,,,155,,
,,Chicken Noodles Half,,,,1 Pc,80,80,,,,,,80,,
,,Chicken Boneless Half,,,,1 Pc,85,85,,,,,,85,,
,,Chicken Double Cheese Burger,,,,2 Pc,85,170,,,,,,170,,
28/02/2025,INV-00313,Cash,,,,,,,,,,,,,0,3685
,,Double eggs Roll,,,,2 Pc,60,120,,,,,,120,,
,,Chicken double eggs Roll,,,,1 Pc,100,100,,,,,,100,,
,,Double eggs Roll,,,,1 Pc,60,60,,,,,,60,,
,,Paneer roll,,,,1 Pc,70,70,,,,,,70,,
,,Chicken Rice Half,,,,1 Pc,80,80,,,,,,80,,
,,Chicken Boneless Half,,,,1 Pc,85,85,,,,,,85,,
,,Paratha,,,,2 Pc,25,50,,,,,,50,,
,,Soup,,,,1 Pc,100,100,,,,,,100,,
,,Chicken roll,,,,2 Pc,80,160,,,,,,160,,
,,Paneer cheese roll,,,,1 Pc,80,80,,,,,,80,,
,,Egg double burger,,,40,3 Pc,40,120,,,,,,120,,
,,Veg cheese burger,,,,1 Pc,65,65,,,,,,65,,
,,Veg roll,,,,1 Pc,45,45,,,,,,45,,
,,Egg burger,,,,1 Pc,30,30,,,,,,30,,
,,Chicken fried rice,,,,2 Pc,150,300,,,,,,300,,
,,Chicken schezwan,,,,1 Pc,170,170,,,,,,170,,
,,Veg Noodles,,,,1 Pc,110,110,,,,,,110,,
,,Chicken combi roll,,,,1 Pc,100,100,,,,,,100,,
,,Paneer Schezwan Roll,,,,1 Pc,80,80,,,,,,80,,
,,Paneer roll,,,,1 Pc,70,70,,,,,,70,,
,,Egg roll,,,,2 Pc,50,100,,,,,,100,,
,,Chilli Half,,,,1 Pc,110,110,,,,,,110,,
,,Chicken combi roll,,,,1 Pc,100,100,,,,,,100,,
,,Paneer Schezwan Roll,,,,1 Pc,80,80,,,,,,80,,
,,Veg roll,,,,1 Pc,45,45,,,,,,45,,
,,Chicken egg roll single,,,,1 Pc,90,90,,,,,,90,,
,,Chicken combi roll,,,,1 Pc,110,110,,,,,,110,,
,,Chicken fried rice,,,,3 Pc,150,450,,,,,,450,,
,,Chicken crispy,,,,1 Pc,100,100,,,,,,100,,
,,Paneer fried rice,,,,1 Pc,150,150,,,,,,150,,
,,Veg Manchurian Half,,,,1 Pc,75,75,,,,,,75,,
,,Chicken lolipop Full,,,,1 Pc,280,280,,,,,,280,,
01/03/2025,INV-00314,Cash,,,,,,,,,,,,,0,2989
,,Chicken Rice Half,,,,1 Pc,80,80,,,,,,80,,
,,Chicken Rice Half,,,,2 Pc,80,160,,,,,,160,,
,,Chicken crispy,,,,1 Pc,100,100,,,,,,100,,
,,Veg Burger,,,,2 Pc,50,100,,,,,,100,,
,,Chicken Lolipop Half,,,,1 Pc,155,155,,,,,,155,,
,,Chicken noodles,,,,1 Pc,150,150,,,,,,150,,
,,Water 1 lit,,,,1 Pc,20,20,,,,,,20,,
,,Chicken cheese roll,,,,4 Pc,90,360,,,,,,360,,
,,Veg Noodles,,,,1 Pc,110,110,,,,,,110,,
,,Veg Manchurian,,,,1 Pc,129,129,,,,,,129,,
,,Chicken roll,,,,1 Pc,80,80,,,,,,80,,
,,Chicken Noodles Half,,,,1 Pc,80,80,,,,,,80,,
,,Chicken Rice Half,,,,1 Pc,80,80,,,,,,80,,
,,Chicken fried rice,,,,1 Pc,150,150,,,,,,150,,
,,Veg cheese burger,,,,1 Pc,65,65,,,,,,65,,
,,Veg Noodles,,,,1 Pc,110,110,,,,,,110,,
,,Veg Burger,,,,1 Pc,50,50,,,,,,50,,
,,Paneer roll,,,,1 Pc,70,70,,,,,,70,,
,,Chicken crispy,,,,1 Pc,100,100,,,,,,100,,
,,Paratha,,,,2 Pc,25,50,,,,,,50,,
,,Chicken roll,,,,3 Pc,80,240,,,,,,240,,
,,Chicken noodles,,,,1 Pc,150,150,,,,,,150,,
,,Chicken Lolipop Half,,,,1 Pc,155,155,,,,,,155,,
,,Chicken roll,,,,1 Pc,80,80,,,,,,80,,
,,Chicken Boneless Half,,,,1 Pc,85,85,,,,,,85,,
,,Chicken Rice Half,,,,1 Pc,80,80,,,,,,80,,
02/03/2025,INV-00315,Cash,,,,,,,,,,,,,0,845
,,Water 1 lit,,,,1 Pc,20,20,,,,,,20,,
,,Chicken double eggs Roll,,,,1 Pc,100,100,,,,,,100,,
,,Double eggs chicken roll,,,,1 Pc,100,100,,,,,,100,,
,,Veg Burger,,,,2 Pc,50,100,,,,,,100,,
,,Veg Burger,,,,1 Pc,50,50,,,,,,50,,
,,Veg Double cheese Burger,,,,1 Pc,75,75,,,,,,75,,
,,Chicken Lolipop Half,,,,1 Pc,155,155,,,,,,155,,
,,Chicken Schezwan Noodles Half,,,,1 Pc,90,90,,,,,,90,,
,,Paneer roll,,,,1 Pc,70,70,,,,,,70,,
,,Chicken Boneless Half,,,,1 Pc,85,85,,,,,,85,,
03/03/2025,INV-00316,Cash,,,,,,,,,,,,,0,1544
,,Veg Rice Half,,,1,1 Pc,60,60,,,,,,60,,
,,Chicken Noodles Half,,,,1 Pc,80,80,,,,,,80,,
,,Veg cheese burger,,,,1 Pc,65,65,,,,,,65,,
,,Chicken Manchow Soup Full,,,,1 Pc,100,100,,,,,,100,,
,,Chicken Noodles Half,,,,1 Pc,80,80,,,,,,80,,
,,Egg burger,,,,1 Pc,30,30,,,,,,30,,
,,Veg Burger,,,,2 Pc,50,100,,,,,,100,,
,,Chiken boneless,,,,1 Pc,150,150,,,,,,150,,
,,Chicken Schezwan Noodles Half,,,,2 Pc,90,180,,,,,,180,,
,,Chicken roll,,,,1 Pc,80,80,,,,,,80,,
,,Veg Manchurian,,,,1 Pc,129,129,,,,,,129,,
,,Chilli Half,,,,1 Pc,110,110,,,,,,110,,
,,Chicken crispy,,,,1 Pc,100,100,,,,,,100,,
,,Chicken roll,,,,1 Pc,80,80,,,,,,80,,
,,Chicken chilli,,,,1 Pc,200,200,,,,,,200,,
04/03/2025,INV-00317,Cash,,,,,,,,,,,,,0,1165
,,Paneer roll,,,,1 Pc,70,70,,,,,,70,,
,,Veg roll,,,,1 Pc,45,45,,,,,,45,,
,,Veg Burger,,,,1 Pc,50,50,,,,,,50,,
,,Veg roll,,,,1 Pc,45,45,,,,,,45,,
,,Chicken roll,,,,1 Pc,80,80,,,,,,80,,
,,Veg cheese burger,,,,2 Pc,65,130,,,,,,130,,
,,Chicken Noodles Half,,,,1 Pc,80,80,,,,,,80,,
,,Chicken noodles,,,,1 Pc,150,150,,,,,,150,,
,,Veg Burger,,,,1 Pc,50,50,,,,,,50,,
,,Paneer chilli,,,,1 Pc,180,180,,,,,,180,,
,,Paratha,,,,5 Pc,25,125,,,,,,125,,
,,Chicken Noodles Half,,,,2 Pc,80,160,,,,,,160,,
05/03/2025,INV-00318,Cash,,,,,,,,,,,,,0,1000
,,Chicken fried rice,,,,1 Pc,150,150,,,,,,150,,
,,Double eggs Roll,,,,1 Pc,60,60,,,,,,60,,
,,Chicken crispy,,,,1 Pc,100,100,,,,,,100,,
,,Chicken Lolipop Half,,,,1 Pc,80,80,,,,,,80,,
,,Chicken Rice Half,,,,2 Pc,80,160,,,,,,160,,
,,Veg Burger,,,,2 Pc,50,100,,,,,,100,,
,,Egg roll,,,,1 Pc,50,50,,,,,,50,,
,,Chicken double eggs Roll,,,,3 Pc,100,300,,,,,,300,,
06/03/2025,INV-00319,Cash,,,,,,,,,,,,,0,695
,,Double eggs Roll,,,,2 Pc,60,120,,,,,,120,,
,,Chicken double eggs Roll,,,,1 Pc,100,100,,,,,,100,,
,,Paneer Schezwan Roll,,,,1 Pc,80,80,,,,,,80,,
,,Chicken crispy,,,,1 Pc,100,100,,,,,,100,,
,,Chicken Rice Half,,,,1 Pc,80,80,,,,,,80,,
,,Double eggs Roll,,,,1 Pc,60,60,,,,,,60,,
,,Chilli Half,,,,1 Pc,110,110,,,,,,110,,
,,Veg roll,,,,1 Pc,45,45,,,,,,45,,
07/03/2025,INV-00320,Cash,,,,,,,,,,,,,0,1835
,,Chiken boneless,,,,2 Pc,150,300,,,,,,300,,
,,Chicken roll,,,,2 Pc,80,160,,,,,,160,,
,,Egg roll,,,,1 Pc,50,50,,,,,,50,,
,,Chicken crispy,,,,1 Pc,100,100,,,,,,100,,
,,Egg burger,,,,1 Pc,30,30,,,,,,30,,
,,Double eggs Roll,,,,1 Pc,60,60,,,,,,60,,
,,Chicken double eggs Roll,,,,2 Pc,100,200,,,,,,200,,
,,Veg Double cheese Burger,,,,2 Pc,75,150,,,,,,150,,
,,Chicken combi roll,,,,1 Pc,100,100,,,,,,100,,
,,Paratha,,,,4 Pc,25,100,,,,,,100,,
,,Chicken Boneless Half,,,,1 Pc,85,85,,,,,,85,,
,,Double eggs Roll,,,,2 Pc,60,120,,,,,,120,,
,,Chicken roll,,,,2 Pc,80,160,,,,,,160,,
,,Double eggs Roll,,,,1 Pc,60,60,,,,,,60,,
,,Egg roll,,,,1 Pc,50,50,,,,,,50,,
,,Chilli Half,,,,1 Pc,110,110,,,,,,110,,
08/03/2025,INV-00321,Cash,,,,,,,,,,,,,0,2380
,,Chicken double eggs Roll,,,,2 Pc,100,200,,,,,,200,,
,,Chicken Boneless Half,,,,1 Pc,85,85,,,,,,85,,
,,Chiken boneless,,,,1 Pc,150,150,,,,,,150,,
,,Chicken lolipop Full,,,,1 Pc,280,280,,,,,,280,,
,,Paratha,,,,5 Pc,25,125,,,,,,125,,
,,Chicken Double Cheese Burger,,,,1 Pc,85,85,,,,,,85,,
,,Veg cheese burger,,,,1 Pc,75,75,,,,,,75,,
,,Chicken combi roll,,,,2 Pc,100,200,,,,,,200,,
,,Veg Noodles,,,,1 Pc,110,110,,,,,,110,,
,,Chicken burger,,,,1 Pc,60,60,,,,,,60,,
,,Chiken boneless,,,,1 Pc,180,180,,,,,,180,,
,,Chicken Rice Half,,,,1 Pc,80,80,,,,,,80,,
,,Double eggs Roll,,,,1 Pc,60,60,,,,,,60,,
,,Egg roll,,,,2 Pc,50,100,,,,,,100,,
,,Veg Rice Half,,,1,1 Pc,60,60,,,,,,60,,
,,Chicken fried rice,,,,1 Pc,150,150,,,,,,150,,
,,Chicken chilli,,,,1.5 Pc,200,300,,,,,,300,,
,,Chicken Noodles Half,,,,1 Pc,80,80,,,,,,80,,
09/03/2025,INV-00322,Cash,,,,,,,,,,,,,0,3210
,,Double eggs Roll,,,,1 Pc,60,60,,,,,,60,,
,,Veg Double cheese Burger,,,,1 Pc,75,75,,,,,,75,,
,,Paneer Noodles Half,,,,2 Pc,80,160,,,,,,160,,
,,Double eggs Roll,,,,1 Pc,60,60,,,,,,60,,
,,Veg cheese burger,,,,1 Pc,65,65,,,,,,65,,
,,Veg Double cheese Burger,,,,1 Pc,95,95,,,,,,95,,
,,Double eggs Roll,,,,3 Pc,60,180,,,,,,180,,
,,Chicken fried rice,,,,1 Pc,150,150,,,,,,150,,
,,Chicken cheese roll,,,,1 Pc,100,100,,,,,,100,,
,,Veg roll,,,,1 Pc,45,45,,,,,,45,,
,,Veg Manchurian Half,,,,1 Pc,75,75,,,,,,75,,
,,Chicken Boneless Half,,,,1 Pc,85,85,,,,,,85,,
,,Chicken double eggs Roll,,,,1 Pc,100,100,,,,,,100,,
,,Chicken Rice Half,,,,15 Pc,80,1200,,,,,,1200,,
,,Double eggs Roll,,,,1 Pc,60,60,,,,,,60,,
,,Chicken roll,,,,1 Pc,80,80,,,,,,80,,
,,Chicken burger,,,,2 Pc,60,120,,,,,,120,,
,,Chicken double eggs Roll,,,,1 Pc,100,100,,,,,,100,,
,,Veg Noodles,,,,1 Pc,110,110,,,,,,110,,
,,Veg noodles Half,,,,1 Pc,60,60,,,,,,60,,
,,Chicken fried rice,,,,1 Pc,150,150,,,,,,150,,
,,Chicken Rice Half,,,,1 Pc,80,80,,,,,,80,,
10/03/2025,INV-00323,Cash,,,,,,,,,,,,,0,1710
,,Chicken burger,,,,1 Pc,60,60,,,,,,60,,
,,Veg Burger,,,,1 Pc,50,50,,,,,,50,,
,,Chicken burger,,,,1 Pc,60,60,,,,,,60,,
,,Chicken Rice Half,,,,3 Pc,80,240,,,,,,240,,
,,Chicken roll,,,,1 Pc,80,80,,,,,,80,,
,,Double eggs Roll,,,,1 Pc,60,60,,,,,,60,,
,,Chicken Rice Half,,,,1 Pc,80,80,,,,,,80,,
,,Egg roll,,,,1 Pc,50,50,,,,,,50,,
,,Paneer roll,,,,1 Pc,70,70,,,,,,70,,
,,Chicken combi roll,,,,1 Pc,100,100,,,,,,100,,
,,Chicken Rice Half,,,,1 Pc,80,80,,,,,,80,,
,,Chicken lolipop Full,,,,1 Pc,280,280,,,,,,280,,
,,Double eggs Roll,,,,2 Pc,60,120,,,,,,120,,
,,Veg noodles Half,,,,1 Pc,60,60,,,,,,60,,
,,Chicken noodles,,,,1 Pc,150,150,,,,,,150,,
,,Egg  chicken roll,,,,1 Pc,90,90,,,,,,90,,
,,Chicken roll,,,,1 Pc,80,80,,,,,,80,,
11/03/2025,INV-00324,Cash,,,,,,,,,,,,,0,2555
,,Chicken Lolipop Half,,,,1 Pc,155,155,,,,,,155,,
,,Chicken Rice Half,,,,1 Pc,80,80,,,,,,80,,
,,Chicken crispy,,,,1 Pc,100,100,,,,,,100,,
,,Chicken double eggs Roll,,,,1 Pc,85,85,,,,,,85,,
,,Bone chilly,,,,1 Pc,180,180,,,,,,180,,
,,Paratha,,,,3 Pc,25,75,,,,,,75,,
,,Chicken roll,,,,2 Pc,80,160,,,,,,160,,
,,Chicken burger,,,,2 Pc,60,120,,,,,,120,,
,,Veg cheese burger,,,,5 Pc,65,325,,,,,,325,,
,,Chicken Manchow Soup Full,,,,1 Pc,100,100,,,,,,100,,
,,Veg Burger,,,,1 Pc,50,50,,,,,,50,,
,,Double eggs Roll,,,,2 Pc,60,120,,,,,,120,,
,,Chicken burger,,,,5 Pc,60,300,,,,,,300,,
,,Veg roll,,,,2 Pc,45,90,,,,,,90,,
,,Chicken roll,,,,1 Pc,80,80,,,,,,80,,
,,Veg cheese burger,,,,1 Pc,65,65,,,,,,65,,
,,Veg noodles Half,,,,1 Pc,60,60,,,,,,60,,
,,Chicken Boneless Half,,,,1 Pc,85,85,,,,,,85,,
,,Paratha,,,,2 Pc,25,50,,,,,,50,,
,,Egg roll,,,,1 Pc,50,50,,,,,,50,,
,,Paneer fried rice,,,,1 Pc,150,150,,,,,,150,,
,,Veg Manchurian Half,,,,1 Pc,75,75,,,,,,75,,
12/03/2025,INV-00325,Cash,,,,,,,,,,,,,0,3220
,,Chicken Rice Half,,,,3 Pc,80,240,,,,,,240,,
,,Chicken lolipop Full,,,,2 Pc,280,560,,,,,,560,,
,,Paratha,,,,5 Pc,25,125,,,,,,125,,
,,Egg double burger,,,40,1 Pc,40,40,,,,,,40,,
,,Chicken Schezwan roll,,,,1 Pc,90,90,,,,,,90,,
,,Chicken Rice Half,,,,1 Pc,80,80,,,,,,80,,
,,Veg Manchurian Half,,,,1 Pc,75,75,,,,,,75,,
,,Chicken roll,,,,2 Pc,80,160,,,,,,160,,
,,Chicken lolipop Full,,,,1 Pc,280,280,,,,,,280,,
,,French fries,,,,2 Pc,55,110,,,,,,110,,
,,Chicken Rice Half,,,,1 Pc,80,80,,,,,,80,,
,,Paneer fried rice,,,,1 Pc,150,150,,,,,,150,,
,,Chicken roll,,,,1 Pc,80,80,,,,,,80,,
,,Chicken chilli,,,,1.5 Pc,200,300,,,,,,300,,
,,Paneer chilli,,,,1.5 Pc,180,270,,,,,,270,,
,,Egg roll,,,,2 Pc,50,100,,,,,,100,,
,,Chiken boneless,,,,1 Pc,150,150,,,,,,150,,
,,Double eggs Roll,,,,1 Pc,60,60,,,,,,60,,
,,Veg Burger,,,,1 Pc,50,50,,,,,,50,,
,,Chicken burger,,,,1 Pc,60,60,,,,,,60,,
,,Chicken Rice Half,,,,2 Pc,80,160,,,,,,160,,
21/03/2025,INV-00326,Cash,,,,,,,,,,,,,0,1725
,,Chicken roll,,,,2 Pc,80,160,,,,,,160,,
,,Chicken Noodles Half,,,,2 Pc,80,160,,,,,,160,,
,,Veg roll,,,,3 Pc,45,135,,,,,,135,,
,,Chicken cheese burger,,,,1 Pc,75,75,,,,,,75,,
,,Chicken Rice Half,,,,1 Pc,80,80,,,,,,80,,
,,Paneer roll,,,,1 Pc,70,70,,,,,,70,,
,,Egg double burger,,,40,1 Pc,40,40,,,,,,40,,
,,Chicken Rice Half,,,,2 Pc,80,160,,,,,,160,,
,,Chicken roll,,,,2 Pc,80,160,,,,,,160,,
,,Veg Rice Half,,,1,1 Pc,60,60,,,,,,60,,
,,Chicken chilli,,,,1 Pc,200,200,,,,,,200,,
,,Chicken Rice Half,,,,1 Pc,80,80,,,,,,80,,
,,Double eggs Roll,,,,2 Pc,60,120,,,,,,120,,
,,Chicken Boneless Half,,,,1 Pc,85,85,,,,,,85,,
,,Double eggs Roll,,,,1 Pc,60,60,,,,,,60,,
,,Chicken Rice Half,,,,1 Pc,80,80,,,,,,80,,
22/03/2025,INV-00327,Cash,,,,,,,,,,,,,0,2084
,,Chicken roll,,,,3 Pc,80,240,,,,,,240,,
,,Chicken crispy,,,,1 Pc,100,100,,,,,,100,,
,,Double eggs Roll,,,,1 Pc,60,60,,,,,,60,,
,,Paneer roll,,,,1 Pc,70,70,,,,,,70,,
,,Veg Noodles,,,,2 Pc,110,220,,,,,,220,,
,,Chicken roll,,,,3 Pc,80,240,,,,,,240,,
,,Paratha,,,,3 Pc,25,75,,,,,,75,,
,,Chicken Rice Half,,,,1 Pc,80,80,,,,,,80,,
,,Bone chilly,,,,1 Pc,180,180,,,,,,180,,
,,Chicken lolipop Full,,,,1 Pc,280,280,,,,,,280,,
,,Veg Manchurian,,,,1 Pc,129,129,,,,,,129,,
,,Chicken Schezwan Rice,,,,1 Pc,90,90,,,,,,90,,
,,Chicken roll,,,,1 Pc,80,80,,,,,,80,,
,,Double eggs Roll,,,,1 Pc,60,60,,,,,,60,,
,,Egg burger,,,,2 Pc,30,60,,,,,,60,,
,,Veg noodles Half,,,,2 Pc,60,120,,,,,,120,,
23/03/2025,INV-00328,Cash,,,,,,,,,,,,,0,2010
,,Veg roll,,,,2 Pc,45,90,,,,,,90,,
,,Chicken noodles,,,,1 Pc,150,150,,,,,,150,,
,,Egg double burger,,,40,2 Pc,40,80,,,,,,80,,
,,Water 1 lit,,,,1 Pc,20,20,,,,,,20,,
,,Chicken 65,,,,1 Pc,220,220,,,,,,220,,
,,Chicken crispy,,,,2 Pc,100,200,,,,,,200,,
,,Paneer Noodles Half,,,,1 Pc,80,80,,,,,,80,,
,,Veg noodles Half,,,,1 Pc,60,60,,,,,,60,,
,,Egg noodles,,,,1 Pc,70,70,,,,,,70,,
,,Paratha,,,,2 Pc,25,50,,,,,,50,,
,,Chicken Boneless Half,,,,1 Pc,85,85,,,,,,85,,
,,Paneer Schezwan Roll,,,,1 Pc,80,80,,,,,,80,,
,,Paneer cheese roll,,,,1 Pc,80,80,,,,,,80,,
,,Paneer Schezwan Noodles Half,,,,1 Pc,90,90,,,,,,90,,
,,Chicken Rice Half,,,,1 Pc,80,80,,,,,,80,,
,,Chicken Boneless Half,,,,1 Pc,85,85,,,,,,85,,
,,Chicken roll,,,,2 Pc,80,160,,,,,,160,,
,,Chicken Rice Half,,,,1 Pc,80,80,,,,,,80,,
,,Chicken fried rice,,,,1 Pc,150,150,,,,,,150,,
,,Chicken combi roll,,,,1 Pc,100,100,,,,,,100,,
24/03/2025,INV-00329,Cash,,,,,,,,,,,,,0,2940
,,Chicken chilli,,,,1 Pc,200,200,,,,,,200,,
,,Egg  chicken roll,,,,3 Pc,90,270,,,,,,270,,
,,Chicken Rice Half,,,,1 Pc,80,80,,,,,,80,,
,,Chicken Rice Half,,,,3 Pc,80,240,,,,,,240,,
,,Chicken cheese burger,,,,2 Pc,75,150,,,,,,150,,
,,Paneer 65,,,,1 Pc,180,180,,,,,,180,,
,,Paratha,,,,3 Pc,25,75,,,,,,75,,
,,Water 1 lit,,,,1 Pc,20,20,,,,,,20,,
,,Chicken double eggs Roll,,,,2 Pc,100,200,,,,,,200,,
,,Double eggs Roll,,,,1 Pc,60,60,,,,,,60,,
,,Paneer roll,,,,1 Pc,70,70,,,,,,70,,
,,Double eggs Roll,,,,1 Pc,60,60,,,,,,60,,
,,Egg burger,,,,1 Pc,30,30,,,,,,30,,
,,Chicken crispy,,,,1 Pc,100,100,,,,,,100,,
,,Bone chilly,,,,1 Pc,180,180,,,,,,180,,
,,Chicken Manchurian Half,,,,1 Pc,90,90,,,,,,90,,
,,Chiken boneless,,,,1 Pc,150,150,,,,,,150,,
,,Paratha,,,,3 Pc,25,75,,,,,,75,,
,,Chicken combi roll,,,,1 Pc,100,100,,,,,,100,,
,,Chicken cheese roll,,,,1 Pc,90,90,,,,,,90,,
,,Chicken noodles,,,,1 Pc,150,150,,,,,,150,,
,,Chicken chilli,,,,1 Pc,200,200,,,,,,200,,
,,Veg fried rice,,,,1 Pc,110,110,,,,,,110,,
,,Double eggs Roll,,,,1 Pc,60,60,,,,,,60,,
25/03/2025,INV-00330,Cash,,,,,,,,,,,,,0,1105
,,Veg noodles Half,,,,1 Pc,60,60,,,,,,60,,
,,Chicken Noodles Half,,,,1 Pc,80,80,,,,,,80,,
,,French fries,,,,1 Pc,55,55,,,,,,55,,
,,Chicken roll,,,,1 Pc,80,80,,,,,,80,,
,,Paneer Manchurian,,,,1 Pc,155,155,,,,,,155,,
,,Chicken Schezwan Noodles Half,,,,1 Pc,90,90,,,,,,90,,
,,Chicken crispy,,,,1 Pc,100,100,,,,,,100,,
,,Chicken Rice Half,,,,1 Pc,80,80,,,,,,80,,
,,Chicken Boneless Half,,,,1 Pc,85,85,,,,,,85,,
,,Veg Noodles,,,,1 Pc,110,110,,,,,,110,,
,,Veg noodles Half,,,,1 Pc,60,60,,,,,,60,,
,,Egg roll,,,,3 Pc,50,150,,,,,,150,,
26/03/2025,INV-00331,Cash,,,,,,,,,,,,,0,1425
,,Veg noodles Half,,,,1 Pc,60,60,,,,,,60,,
,,Chicken Noodles Half,,,,1 Pc,80,80,,,,,,80,,
,,Chicken burger,,,,2 Pc,60,120,,,,,,120,,
,,Chicken double eggs Roll,,,,3 Pc,100,300,,,,,,300,,
,,Chicken chilli,,,,1 Pc,200,200,,,,,,200,,
,,Paneer 65,,,,1 Pc,100,100,,,,,,100,,
,,Veg Manchurian Half,,,,1 Pc,75,75,,,,,,75,,
,,Paratha,,,,2 Pc,25,50,,,,,,50,,
,,Chicken Rice Half,,,,1 Pc,80,80,,,,,,80,,
,,Chicken lolipop Full,,,,1 Pc,280,280,,,,,,280,,
,,Chicken roll,,,,1 Pc,80,80,,,,,,80,,
27/03/2025,INV-00332,Cash,,,,,,,,,,,,,0,685
,,Double eggs Roll,,,,1 Pc,60,60,,,,,,60,,
,,Veg Burger,,,,2 Pc,50,100,,,,,,100,,
,,Chicken double eggs Roll,,,,1 Pc,100,100,,,,,,100,,
,,Veg Double cheese Burger,,,,1 Pc,75,75,,,,,,75,,
,,Chicken cheese roll,,,,2 Pc,90,180,,,,,,180,,
,,Chicken burger,,,,2 Pc,60,120,,,,,,120,,
,,Veg Burger,,,,1 Pc,50,50,,,,,,50,,
28/03/2025,INV-00333,Cash,,,,,,,,,,,,,0,1595
,,Chicken lolipop Full,,,,1 Pc,280,280,,,,,,280,,
,,Veg roll,,,,1 Pc,45,45,,,,,,45,,
,,Egg double burger,,,40,2 Pc,40,80,,,,,,80,,
,,Double eggs Roll,,,,1 Pc,60,60,,,,,,60,,
,,Paneer chilli Half,,,,1 Pc,100,100,,,,,,100,,
,,Paratha,,,,4 Pc,25,100,,,,,,100,,
,,Double eggs Roll,,,,1 Pc,60,60,,,,,,60,,
,,Veg noodles Half,,,,1 Pc,60,60,,,,,,60,,
,,Chicken Lolipop Half,,,,1 Pc,155,155,,,,,,155,,
,,Paratha,,,,4 Pc,25,100,,,,,,100,,
,,Veg noodles Half,,,,1 Pc,60,60,,,,,,60,,
,,French fries,,,,2 Pc,55,110,,,,,,110,,
,,Chicken crispy,,,,3 Pc,100,300,,,,,,300,,
,,Chicken Boneless Half,,,,1 Pc,85,85,,,,,,85,,
29/03/2025,INV-00334,Cash,,,,,,,,,,,,,0,1770
,,Double eggs Roll,,,,1 Pc,60,60,,,,,,60,,
,,Chicken burger,,,,2 Pc,60,120,,,,,,120,,
,,Veg roll,,,,1 Pc,45,45,,,,,,45,,
,,Chicken Noodles Half,,,,2 Pc,80,160,,,,,,160,,
,,Chiken boneless,,,,1 Pc,150,150,,,,,,150,,
,,Chicken Schezwan Noodles Half,,,,1 Pc,90,90,,,,,,90,,
,,Veg noodles Half,,,,2 Pc,60,120,,,,,,120,,
,,Paratha,,,,5 Pc,25,125,,,,,,125,,
,,Chicken chilli,,,,1 Pc,200,200,,,,,,200,,
,,Chicken Rice Half,,,,2 Pc,80,160,,,,,,160,,
,,Chiken boneless,,,,1 Pc,150,150,,,,,,150,,
,,Egg fried rice,,,,1 Pc,130,130,,,,,,130,,
,,Chicken roll,,,,1 Pc,80,80,,,,,,80,,
,,Chicken cheese roll,,,,2 Pc,90,180,,,,,,180,,
30/03/2025,INV-00335,Cash,,,,,,,,,,,,,0,1300
,,Paneer cheese roll,,,,2 Pc,80,160,,,,,,160,,
,,Paneer chilli Half,,,,1 Pc,100,100,,,,,,100,,
,,Paratha,,,,2 Pc,25,50,,,,,,50,,
,,Egg roll,,,,3 Pc,50,150,,,,,,150,,
,,Veg fried rice,,,,1 Pc,110,110,,,,,,110,,
,,Paneer chilli,,,,1 Pc,180,180,,,,,,180,,
,,Veg roll,,,,2 Pc,45,90,,,,,,90,,
,,Veg roll,,,,4 Pc,45,180,,,,,,180,,
,,Veg cheese burger,,,,2 Pc,65,130,,,,,,130,,
,,Chicken cheese burger,,,,2 Pc,75,150,,,,,,150,,
03/04/2025,INV-00336,Cash,,,,,,,,,,,,,0,2435
,,Veg Burger,,,,2 Pc,50,100,,,,,,100,,
,,Chicken noodles,,,,1 Pc,150,150,,,,,,150,,
,,Paneer Noodles Half,,,,2 Pc,80,160,,,,,,160,,
,,Paneer cheese roll,,,,2 Pc,80,160,,,,,,160,,
,,Veg Burger,,,,1 Pc,50,50,,,,,,50,,
,,Chicken Rice Half,,,,2 Pc,80,160,,,,,,160,,
,,Chicken roll,,,,2 Pc,80,160,,,,,,160,,
,,Veg noodles Half,,,,1 Pc,60,60,,,,,,60,,
,,Chicken Noodles Half,,,,1 Pc,80,80,,,,,,80,,
,,French fries,,,,1 Pc,55,55,,,,,,55,,
,,Chicken Schezwan Noodles Half,,,,2 Pc,90,180,,,,,,180,,
,,Chicken fried rice,,,,1 Pc,150,150,,,,,,150,,
,,Chicken Schezwan Noodles Half,,,,2 Pc,90,180,,,,,,180,,
,,Chicken crispy,,,,4 Pc,100,400,,,,,,400,,
,,French fries,,,,2 Pc,55,110,,,,,,110,,
,,Veg Schezwan Noodles Half,,,,1 Pc,70,70,,,,,,70,,
,,Chicken roll,,,,1 Pc,80,80,,,,,,80,,
,,Chicken Schezwan Noodles full,,,,1 Pc,0,0,,,,,,0,,
,,Chicken burger,,,,1 Pc,60,60,,,,,,60,,
,,Veg Schezwan Noodles Half,,,,1 Pc,70,70,,,,,,70,,
04/04/2025,INV-00337,Cash,,,,,,,,,,,,,0,1970
,,Chicken Schezwan Half,,,,1 Pc,95,95,,,,,,95,,
,,Paratha,,,,1 Pc,25,25,,,,,,25,,
,,Veg noodles Half,,,,1 Pc,60,60,,,,,,60,,
,,Chilli Half,,,,1 Pc,100,100,,,,,,100,,
,,Paratha,,,,2 Pc,25,50,,,,,,50,,
,,Veg fried rice,,,,1 Pc,110,110,,,,,,110,,
,,Chicken roll,,,,2 Pc,80,160,,,,,,160,,
,,Veg noodles Half,,,,1 Pc,60,60,,,,,,60,,
,,Chicken roll,,,,3 Pc,80,240,,,,,,240,,
,,Paratha,,,,4 Pc,25,100,,,,,,100,,
,,Veg fried rice,,,,1 Pc,110,110,,,,,,110,,
,,Paneer chilli,,,,1 Pc,180,180,,,,,,180,,
,,Chilli Half,,,,1 Pc,110,110,,,,,,110,,
,,Paneer roll,,,,2 Pc,70,140,,,,,,140,,
,,Chilli Half,,,,1 Pc,110,110,,,,,,110,,
,,Chicken combi roll,,,,2 Pc,100,200,,,,,,200,,
,,Veg noodles Half,,,,2 Pc,60,120,,,,,,120,,
05/04/2025,INV-00338,Cash,,,,,,,,,,,,,0,3025
,,Chicken cheese roll,,,,2 Pc,90,180,,,,,,180,,
,,Chiken boneless,,,,1 Pc,150,150,,,,,,150,,
,,Chicken noodles,,,,1 Pc,150,150,,,,,,150,,
,,Veg Noodles,,,,1 Pc,110,110,,,,,,110,,
,,Chicken noodles,,,,3 Pc,150,450,,,,,,450,,
,,Chiken Manchurian,,,,1 Pc,160,160,,,,,,160,,
,,Chicken roll,,,,2 Pc,80,160,,,,,,160,,
,,Veg Noodles,,,,2 Pc,110,220,,,,,,220,,
,,Chicken roll,,,,3 Pc,80,240,,,,,,240,,
,,Veg Burger,,,,1 Pc,50,50,,,,,,50,,
,,Chicken roll,,,,1 Pc,80,80,,,,,,80,,
,,Chicken 65,,,,1 Pc,220,220,,,,,,220,,
,,Chicken crispy,,,,1 Pc,100,100,,,,,,100,,
,,Veg roll,,,,2 Pc,45,90,,,,,,90,,
,,Chicken lolipop Full,,,,1 Pc,280,280,,,,,,280,,
,,Chicken Lolipop Half,,,,1 Pc,155,155,,,,,,155,,
,,Paratha,,,,2 Pc,25,50,,,,,,50,,
,,Paneer 65,,,,1 Pc,180,180,,,,,,180,,
12/04/2025,INV-00339,Cash,,,,,,,,,,,,,0,1130
,,Chicken Boneless Half,,,,1 Pc,85,85,,,,,,85,,
,,Paratha,,,,2 Pc,25,50,,,,,,50,,
,,Chicken Lolipop Half,,,,1 Pc,155,155,,,,,,155,,
,,Paratha,,,,2 Pc,25,50,,,,,,50,,
,,Chicken fried rice,,,,2 Pc,150,300,,,,,,300,,
,,Chicken roll,,,,4 Pc,80,320,,,,,,320,,
,,Chicken Schezwan Rice,,,,1 Pc,170,170,,,,,,170,,
14/04/2025,INV-00340,Cash,,,,,,,,,,,,,0,1455
,,Chicken crispy,,,,3 Pc,100,300,,,,,,300,,
,,Chicken Rice Half,,,,2 Pc,80,160,,,,,,160,,
,,Chicken crispy,,,,1 Pc,100,100,,,,,,100,,
,,Chicken roll,,,,1 Pc,80,80,,,,,,80,,
,,Chicken combi roll,,,,2 Pc,100,200,,,,,,200,,
,,Chicken noodles,,,,1 Pc,150,150,,,,,,150,,
,,Chicken crispy,,,,1 Pc,100,100,,,,,,100,,
,,Paneer Schezwan Noodles Half,,,,1 Pc,90,90,,,,,,90,,
,,Veg roll,,,,2 Pc,45,90,,,,,,90,,
,,Egg Rice,,,,1 Pc,70,70,,,,,,70,,
,,Paneer roll,,,,1 Pc,70,70,,,,,,70,,
,,Veg roll,,,,1 Pc,45,45,,,,,,45,,
29/04/2025,INV-00341,Cash,,,,,,,,,,,,,0,2090
,,Veg Burger,,,,1 Pc,50,50,,,,,,50,,
,,Chicken cheese roll,,,,5 Pc,90,450,,,,,,450,,
,,Water 1 lit,,,,1 Pc,20,20,,,,,,20,,
,,Double eggs Roll,,,,1 Pc,60,60,,,,,,60,,
,,Water 1 lit,,,,2 Pc,20,40,,,,,,40,,
,,Double eggs Roll,,,,4 Pc,60,240,,,,,,240,,
,,Chicken roll,,,,1 Pc,80,80,,,,,,80,,
,,Double eggs Roll,,,,1 Pc,60,60,,,,,,60,,
,,Veg Burger,,,,2 Pc,50,100,,,,,,100,,
,,Paneer cheese roll,,,,1 Pc,80,80,,,,,,80,,
,,Double eggs Roll,,,,2 Pc,60,120,,,,,,120,,
,,Chicken roll,,,,1 Pc,80,80,,,,,,80,,
,,Chicken cheese burger,,,,1 Pc,75,75,,,,,,75,,
,,Veg roll,,,,2 Pc,45,90,,,,,,90,,
,,Chicken burger,,,,3 Pc,60,180,,,,,,180,,
,,Chicken roll,,,,1 Pc,80,80,,,,,,80,,
,,Paratha,,,,4 Pc,25,100,,,,,,100,,
,,Egg roll,,,,1 Pc,50,50,,,,,,50,,
,,Chicken burger,,,,1 Pc,60,60,,,,,,60,,
,,Paratha,,,,3 Pc,25,75,,,,,,75,,
30/04/2025,INV-00342,Cash,,,,,,,,,,,,,0,1190
,,Veg roll,,,,1 Pc,45,45,,,,,,45,,
,,Chicken cheese burger,,,,1 Pc,75,75,,,,,,75,,
,,Veg roll,,,,3 Pc,45,135,,,,,,135,,
,,Chicken burger,,,,2 Pc,60,120,,,,,,120,,
,,Veg Burger,,,,1 Pc,50,50,,,,,,50,,
,,Double eggs Roll,,,,1 Pc,60,60,,,,,,60,,
,,Egg burger,,,,1 Pc,30,30,,,,,,30,,
,,Chicken burger,,,,2 Pc,60,120,,,,,,120,,
,,Paneer roll,,,,2 Pc,70,140,,,,,,140,,
,,Chicken roll,,,,2 Pc,80,160,,,,,,160,,
,,Chicken roll,,,,1 Pc,80,80,,,,,,80,,
,,Chicken burger,,,,1 Pc,60,60,,,,,,60,,
,,French fries,,,,1 Pc,55,55,,,,,,55,,
,,Double eggs Roll,,,,1 Pc,60,60,,,,,,60,,
01/05/2025,INV-00343,Cash,,,,,,,,,,,,,0,2550
,,Chicken burger,,,,1 Pc,60,60,,,,,,60,,
,,Veg Burger,,,,1 Pc,50,50,,,,,,50,,
,,Chicken burger,,,,3 Pc,60,180,,,,,,180,,
,,Chicken roll,,,,1 Pc,80,80,,,,,,80,,
,,Chicken burger,,,,1 Pc,60,60,,,,,,60,,
,,Chicken burger,,,,1 Pc,60,60,,,,,,60,,
,,Chicken cheese burger,,,,1 Pc,75,75,,,,,,75,,
,,Paneer Schezwan Roll,,,,8 Pc,90,720,,,,,,720,,
,,French fries,,,,3 Pc,55,165,,,,,,165,,
,,Chicken roll,,,,1 Pc,80,80,,,,,,80,,
,,Double eggs Roll,,,,1 Pc,60,60,,,,,,60,,
,,Chicken roll,,,,3 Pc,80,240,,,,,,240,,
,,Chicken combi roll,,,,1 Pc,100,100,,,,,,100,,
,,Chicken double eggs Roll,,,,1 Pc,100,100,,,,,,100,,
,,Paneer roll,,,,1 Pc,70,70,,,,,,70,,
,,Chicken roll,,,,1 Pc,80,80,,,,,,80,,
,,Veg roll,,,,2 Pc,45,90,,,,,,90,,
,,Veg roll,,,,2 Pc,45,90,,,,,,90,,
,,Chicken roll,,,,1 Pc,90,90,,,,,,90,,
,,Chicken double eggs Roll,,,,1 Pc,100,100,,,,,,100,,
02/05/2025,INV-00344,Cash,,,,,,,,,,,,,0,1950
,,Egg roll,,,,2 Pc,50,100,,,,,,100,,
,,Water 1 lit,,,,1 Pc,20,20,,,,,,20,,
,,Chicken burger,,,,2 Pc,60,120,,,,,,120,,
,,French fries,,,,1 Pc,55,55,,,,,,55,,
,,Chicken Double Cheese Burger,,,,4 Pc,85,340,,,,,,340,,
,,Paneer Schezwan Roll,,,,1 Pc,80,80,,,,,,80,,
,,Chicken roll,,,,1 Pc,80,80,,,,,,80,,
,,French fries,,,,1 Pc,55,55,,,,,,55,,
,,Chicken roll,,,,2 Pc,80,160,,,,,,160,,
,,Chicken egg roll single,,,,2 Pc,90,180,,,,,,180,,
,,Chicken combi roll,,,,4 Pc,100,400,,,,,,400,,
,,Double eggs Roll,,,,2 Pc,60,120,,,,,,120,,
,,Chicken roll,,,,1 Pc,80,80,,,,,,80,,
,,Egg roll,,,,1 Pc,50,50,,,,,,50,,
,,Veg roll,,,,2 Pc,45,90,,,,,,90,,
,,Water 1 lit,,,,1 Pc,20,20,,,,,,20,,
03/05/2025,INV-00345,Cash,,,,,,,,,,,,,0,2295
,,Chicken cheese roll,,,,3 Pc,90,270,,,,,,270,,
,,French fries,,,,1 Pc,55,55,,,,,,55,,
,,Veg Burger,,,,1 Pc,50,50,,,,,,50,,
,,Water 1 lit,,,,1 Pc,20,20,,,,,,20,,
,,French fries,,,,1 Pc,55,55,,,,,,55,,
,,Veg roll,,,,1 Pc,45,45,,,,,,45,,
,,Chicken roll,,,,1 Pc,80,80,,,,,,80,,
,,Chicken roll,,,,2 Pc,80,160,,,,,,160,,
,,Chicken roll,,,,2 Pc,80,160,,,,,,160,,
,,Chicken roll,,,,3 Pc,80,240,,,,,,240,,
,,Egg burger,,,,1 Pc,30,30,,,,,,30,,
,,Veg cheese burger,,,,1 Pc,65,65,,,,,,65,,
,,Veg Burger,,,,1 Pc,50,50,,,,,,50,,
,,Chicken cheese roll,,,,1 Pc,90,90,,,,,,90,,
,,Egg roll,,,,1 Pc,50,50,,,,,,50,,
,,Chicken egg roll single,,,,2 Pc,90,180,,,,,,180,,
,,Double eggs Roll,,,,4 Pc,60,240,,,,,,240,,
,,Double eggs Roll,,,,4 Pc,60,240,,,,,,240,,
,,Water 1 lit,,,,1 Pc,20,20,,,,,,20,,
,,Water 1 lit,,,,1 Pc,20,20,,,,,,20,,
,,Egg roll,,,,1 Pc,50,50,,,,,,50,,
,,Chicken roll,,,,1 Pc,80,80,,,,,,80,,
,,Veg roll,,,,1 Pc,45,45,,,,,,45,,
04/05/2025,INV-00346,Cash,,,,,,,,,,,,,0,2735
,,Chicken roll,,,,1 Pc,80,80,,,,,,80,,
,,Chicken burger,,,,1 Pc,60,60,,,,,,60,,
,,Veg Burger,,,,1 Pc,50,50,,,,,,50,,
,,French fries,,,,3 Pc,55,165,,,,,,165,,
,,Double eggs Roll,,,,2 Pc,60,120,,,,,,120,,
,,Chicken burger,,,,1 Pc,60,60,,,,,,60,,
,,Veg Burger,,,,2 Pc,50,100,,,,,,100,,
,,Chicken cheese burger,,,,1 Pc,75,75,,,,,,75,,
,,French fries,,,,2 Pc,55,110,,,,,,110,,
,,Chicken burger,,,,1 Pc,60,60,,,,,,60,,
,,Chicken roll,,,,3 Pc,80,240,,,,,,240,,
,,Veg Burger,,,,2 Pc,50,100,,,,,,100,,
,,Paneer roll,,,,1 Pc,70,70,,,,,,70,,
,,Water 1 lit,,,,1 Pc,20,20,,,,,,20,,
,,Chicken cheese roll,,,,2 Pc,90,180,,,,,,180,,
,,Egg  chicken roll,,,,1 Pc,90,90,,,,,,90,,
,,Chicken cheese roll,,,,3 Pc,90,270,,,,,,270,,
,,Chicken Schezwan roll,,,,2 Pc,90,180,,,,,,180,,
,,Chicken roll,,,,1 Pc,80,80,,,,,,80,,
,,Water 500 ml,,,,1 Pc,10,10,,,,,,10,,
,,Paneer roll,,,,3 Pc,70,210,,,,,,210,,
,,Chicken cheese roll,,,,1 Pc,90,90,,,,,,90,,
,,Chicken Double Cheese Burger,,,,1 Pc,100,100,,,,,,100,,
,,Chicken double eggs Roll,,,,1 Pc,100,100,,,,,,100,,
,,Chicken burger,,,,1 Pc,60,60,,,,,,60,,
,,French fries,,,,1 Pc,55,55,,,,,,55,,
05/05/2025,INV-00347,Cash,,,,,,,,,,,,,0,2139
,,Veg Burger,,,,2 Pc,50,100,,,,,,100,,
,,French fries,,,,1 Pc,55,55,,,,,,55,,
,,Double eggs Roll,,,,1 Pc,60,60,,,,,,60,,
,,Chicken burger,,,,1 Pc,60,60,,,,,,60,,
,,Chicken roll,,,,1 Pc,80,80,,,,,,80,,
,,Chicken roll,,,,2 Pc,80,160,,,,,,160,,
,,Chicken burger,,,,1 Pc,60,60,,,,,,60,,
,,Chicken roll,,,,3 Pc,80,240,,,,,,240,,
,,Chicken roll,,,,1 Pc,80,80,,,,,,80,,
,,Chicken cheese burger,,,,1 Pc,75,75,,,,,,75,,
,,Chicken roll,,,,1 Pc,80,80,,,,,,80,,
,,Chicken roll,,,,3 Pc,80,240,,,,,,240,,
,,French fries,,,,1 Pc,55,55,,,,,,55,,
,,Chicken egg roll single,,,,1 Pc,90,90,,,,,,90,,
,,Chicken roll,,,,2 Pc,80,160,,,,,,160,,
,,Water 500 ml,,,,1 Pc,7,7,,,,,,7,,
,,Chicken roll,,,,1 Pc,80,80,,,,,,80,,
,,Water 500 ml,,,,1 Pc,7,7,,,,,,7,,
,,Chicken roll,,,,3 Pc,80,240,,,,,,240,,
,,Chicken roll,,,,1 Pc,80,80,,,,,,80,,
,,Paneer roll,,,,1 Pc,70,70,,,,,,70,,
,,Double eggs Roll,,,,1 Pc,60,60,,,,,,60,,
06/05/2025,INV-00348,Cash,,,,,,,,,,,,,0,1635
,,Paratha,,,,4 Pc,25,100,,,,,,100,,
,,Chicken roll,,,,4 Pc,80,320,,,,,,320,,
,,Chicken burger,,,,1 Pc,60,60,,,,,,60,,
,,Paneer roll,,,,1 Pc,70,70,,,,,,70,,
,,Veg cheese burger,,,,4 Pc,65,260,,,,,,260,,
,,Chicken cheese burger,,,,1 Pc,75,75,,,,,,75,,
,,Veg Burger,,,,2 Pc,50,100,,,,,,100,,
,,Chicken burger,,,,1 Pc,60,60,,,,,,60,,
,,Egg roll,,,,1 Pc,50,50,,,,,,50,,
,,Egg double burger,,,40,1 Pc,40,40,,,,,,40,,
,,Egg burger,,,,1 Pc,30,30,,,,,,30,,
,,Double eggs Roll,,,,2 Pc,60,120,,,,,,120,,
,,Paratha,,,,6 Pc,25,150,,,,,,150,,
,,Chicken double eggs Roll,,,,1 Pc,100,100,,,,,,100,,
,,Chicken double eggs Roll,,,,1 Pc,100,100,,,,,,100,,
07/05/2025,INV-00349,Cash,,,,,,,,,,,,,0,670
,,Chicken burger,,,,1 Pc,60,60,,,,,,60,,
,,Chicken burger,,,,2 Pc,60,120,,,,,,120,,
,,Veg Burger,,,,1 Pc,50,50,,,,,,50,,
,,Chicken roll,,,,2 Pc,80,160,,,,,,160,,
,,Chicken roll,,,,1 Pc,80,80,,,,,,80,,
,,Paneer roll,,,,1 Pc,70,70,,,,,,70,,
,,Chicken roll,,,,1 Pc,60,60,,,,,,60,,
,,Paneer roll,,,,1 Pc,70,70,,,,,,70,,
08/05/2025,INV-00350,Cash,,,,,,,,,,,,,0,500
,,Egg cheese burger,,,35,1 Pc,45,45,,,,,,45,,
,,Paneer roll,,,,3 Pc,70,210,,,,,,210,,
,,Veg cheese burger,,,,1 Pc,65,65,,,,,,65,,
,,Chicken double eggs Roll,,,,1 Pc,100,100,,,,,,100,,
,,Paneer Schezwan Roll,,,,1 Pc,80,80,,,,,,80,,
09/05/2025,INV-00351,Cash,,,,,,,,,,,,,0,1579
,,Chicken roll,,,,1 Pc,80,80,,,,,,80,,
,,Chicken roll,,,,3 Pc,80,240,,,,,,240,,
,,Egg burger,,,,1 Pc,30,30,,,,,,30,,
,,Veg roll,,,,1 Pc,45,45,,,,,,45,,
,,Chicken roll,,,,1 Pc,80,80,,,,,,80,,
,,Chicken egg roll single,,,,2 Pc,90,180,,,,,,180,,
,,Water 500 ml,,,,2 Pc,7,14,,,,,,14,,
,,Double eggs Roll,,,,1 Pc,60,60,,,,,,60,,
,,Double eggs Roll,,,,2 Pc,75,150,,,,,,150,,
,,Chicken roll,,,,2 Pc,80,160,,,,,,160,,
,,Chicken double eggs Roll,,,,3 Pc,100,300,,,,,,300,,
,,Double eggs Roll,,,,3 Pc,60,180,,,,,,180,,
,,Chicken burger,,,,1 Pc,60,60,,,,,,60,,
10/05/2025,INV-00352,Cash,,,,,,,,,,,,,0,1610
,,Egg roll,,,,2 Pc,50,100,,,,,,100,,
,,Water 1 lit,,,,4 Pc,20,80,,,,,,80,,
,,Chicken roll,,,,2 Pc,80,160,,,,,,160,,
,,Chicken burger,,,,1 Pc,60,60,,,,,,60,,
,,Chicken roll,,,,2 Pc,80,160,,,,,,160,,
,,Chicken cheese roll,,,,1 Pc,90,90,,,,,,90,,
,,Chicken roll,,,,1 Pc,80,80,,,,,,80,,
,,Double eggs Roll,,,,2 Pc,60,120,,,,,,120,,
,,Double eggs Roll,,,,2 Pc,75,150,,,,,,150,,
,,Chicken roll,,,,2 Pc,80,160,,,,,,160,,
,,Veg roll,,,,2 Pc,45,90,,,,,,90,,
,,Chicken egg roll single,,,,2 Pc,90,180,,,,,,180,,
,,Chicken cheese roll,,,,2 Pc,90,180,,,,,,180,,
11/05/2025,INV-00353,Cash,,,,,,,,,,,,,0,1080
,,Double eggs Roll,,,,2 Pc,60,120,,,,,,120,,
,,Chicken egg roll single,,,,2 Pc,90,180,,,,,,180,,
,,Egg roll,,,,1 Pc,50,50,,,,,,50,,
,,French fries,,,,1 Pc,55,55,,,,,,55,,
,,Chicken Double Cheese Burger,,,,1 Pc,85,85,,,,,,85,,
,,Chicken Double Cheese Burger,,,,2 Pc,85,170,,,,,,170,,
,,Chicken combi roll,,,,1 Pc,100,100,,,,,,100,,
,,Chicken roll,,,,1 Pc,80,80,,,,,,80,,
,,Chicken roll,,,,2 Pc,80,160,,,,,,160,,
,,Paneer cheese roll,,,,1 Pc,80,80,,,,,,80,,
12/05/2025,INV-00354,Cash,,,,,,,,,,,,,0,1900
,,Chicken burger,,,,2 Pc,60,120,,,,,,120,,
,,Veg Burger,,,,1 Pc,50,50,,,,,,50,,
,,French fries,,,,1 Pc,55,55,,,,,,55,,
,,French fries,,,,2 Pc,55,110,,,,,,110,,
,,Chicken burger,,,,1 Pc,60,60,,,,,,60,,
,,Egg burger,,,,1 Pc,30,30,,,,,,30,,
,,French fries,,,,1 Pc,55,55,,,,,,55,,
,,Double eggs Roll,,,,2 Pc,60,120,,,,,,120,,
,,Double eggs Roll,,,,2 Pc,60,120,,,,,,120,,
,,Chicken burger,,,,3 Pc,60,180,,,,,,180,,
,,Chicken double eggs Roll,,,,1 Pc,100,100,,,,,,100,,
,,Chicken roll,,,,1 Pc,80,80,,,,,,80,,
,,Double eggs Roll,,,,1 Pc,60,60,,,,,,60,,
,,Egg roll,,,,1 Pc,50,50,,,,,,50,,
,,Chicken egg roll single,,,,4 Pc,90,360,,,,,,360,,
,,Double eggs Roll,,,,1 Pc,60,60,,,,,,60,,
,,Water 1 lit,,,,1 Pc,20,20,,,,,,20,,
,,French fries,,,,1 Pc,50,50,,,,,,50,,
,,Chicken roll,,,,2 Pc,80,160,,,,,,160,,
,,Double eggs Roll,,,,1 Pc,60,60,,,,,,60,,
13/05/2025,INV-00355,Cash,,,,,,,,,,,,,0,2020
,,Chicken roll,,,,1 Pc,80,80,,,,,,80,,
,,Water 1 lit,,,,2 Pc,20,40,,,,,,40,,
,,Veg Burger,,,,1 Pc,50,50,,,,,,50,,
,,Paneer roll,,,,2 Pc,70,140,,,,,,140,,
,,Chicken egg roll single,,,,1 Pc,90,90,,,,,,90,,
,,Chicken double eggs Roll,,,,1 Pc,100,100,,,,,,100,,
,,Chicken Schezwan roll,,,,6 Pc,90,540,,,,,,540,,
,,Chicken cheese roll,,,,6 Pc,85,510,,,,,,510,,
,,Chicken double eggs Roll,,,,2 Pc,100,200,,,,,,200,,
,,Chicken cheese roll,,,,3 Pc,90,270,,,,,,270,,
14/05/2025,INV-00356,Cash,,,,,,,,,,,,,0,1745
,,Paratha,,,,3 Pc,25,75,,,,,,75,,
,,Chicken roll,,,,1 Pc,80,80,,,,,,80,,
,,Chicken roll,,,,2 Pc,80,160,,,,,,160,,
,,Veg Burger,,,,1 Pc,50,50,,,,,,50,,
,,Veg cheese burger,,,,1 Pc,65,65,,,,,,65,,
,,Chicken roll,,,,1 Pc,80,80,,,,,,80,,
,,Chicken egg roll single,,,,3 Pc,90,270,,,,,,270,,
,,Chicken cheese roll,,,,2 Pc,90,180,,,,,,180,,
,,Egg roll,,,,1 Pc,50,50,,,,,,50,,
,,Chicken roll,,,,1 Pc,80,80,,,,,,80,,
,,Egg roll,,,,1 Pc,50,50,,,,,,50,,
,,Egg roll,,,,1 Pc,50,50,,,,,,50,,
,,Veg Burger,,,,1 Pc,50,50,,,,,,50,,
,,Chicken roll,,,,1 Pc,80,80,,,,,,80,,
,,Chicken double eggs Roll,,,,1 Pc,100,100,,,,,,100,,
,,Double eggs Roll,,,,1 Pc,60,60,,,,,,60,,
,,Chicken double eggs Roll,,,,1 Pc,100,100,,,,,,100,,
,,Veg Burger,,,,2 Pc,50,100,,,,,,100,,
,,Veg roll,,,,1 Pc,45,45,,,,,,45,,
,,Water 1 lit,,,,1 Pc,20,20,,,,,,20,,
15/05/2025,INV-00357,Cash,,,,,,,,,,,,,0,1645
,,Egg roll,,,,1 Pc,50,50,,,,,,50,,
,,Chicken double eggs Roll,,,,1 Pc,100,100,,,,,,100,,
,,French fries,,,,2 Pc,55,110,,,,,,110,,
,,Veg roll,,,,1 Pc,45,45,,,,,,45,,
,,Veg Burger,,,,3 Pc,50,150,,,,,,150,,
,,Chicken roll,,,,1 Pc,80,80,,,,,,80,,
,,Chicken egg roll single,,,,1 Pc,90,90,,,,,,90,,
,,Chicken cheese burger,,,,1 Pc,75,75,,,,,,75,,
,,Chicken cheese burger,,,,3 Pc,75,225,,,,,,225,,
,,Veg Burger,,,,3 Pc,50,150,,,,,,150,,
,,Veg roll,,,,1 Pc,45,45,,,,,,45,,
,,Chicken cheese burger,,,,1 Pc,75,75,,,,,,75,,
,,Chicken Double Cheese Burger,,,,2 Pc,85,170,,,,,,170,,
,,Double eggs Roll,,,,1 Pc,60,60,,,,,,60,,
,,Chicken double eggs Roll,,,,1 Pc,100,100,,,,,,100,,
,,Water 1 lit,,,,1 Pc,20,20,,,,,,20,,
,,Veg Burger,,,,2 Pc,50,100,,,,,,100,,
16/05/2025,INV-00358,Cash,,,,,,,,,,,,,0,1305
,,Chicken burger,,,,1 Pc,60,60,,,,,,60,,
,,Double eggs Roll,,,,1 Pc,60,60,,,,,,60,,
,,Chicken roll,,,,1 Pc,80,80,,,,,,80,,
,,Veg Burger,,,,2 Pc,50,100,,,,,,100,,
,,Water 1 lit,,,,1 Pc,20,20,,,,,,20,,
,,Double eggs Roll,,,,4 Pc,60,240,,,,,,240,,
,,Water 1 lit,,,,1 Pc,20,20,,,,,,20,,
,,Chicken roll,,,,1 Pc,80,80,,,,,,80,,
,,Chicken burger,,,,1 Pc,60,60,,,,,,60,,
,,Chicken Schezwan roll,,,,1 Pc,90,90,,,,,,90,,
,,Double eggs Roll,,,,2 Pc,60,120,,,,,,120,,
,,Egg roll,,,,1 Pc,50,50,,,,,,50,,
,,Veg roll,,,,1 Pc,45,45,,,,,,45,,
,,Double eggs Roll,,,,1 Pc,60,60,,,,,,60,,
,,Chicken roll,,,,2 Pc,80,160,,,,,,160,,
,,Chicken burger,,,,1 Pc,60,60,,,,,,60,,
17/05/2025,INV-00359,Cash,,,,,,,,,,,,,0,1300
,,Chicken roll,,,,5 Pc,80,400,,,,,,400,,
,,Chicken burger,,,,1 Pc,60,60,,,,,,60,,
,,French fries,,,,2 Pc,55,110,,,,,,110,,
,,Chicken roll,,,,2 Pc,80,160,,,,,,160,,
,,Double eggs Roll,,,,3 Pc,60,180,,,,,,180,,
,,Double eggs Roll,,,,1 Pc,60,60,,,,,,60,,
,,French fries,,,,1 Pc,55,55,,,,,,55,,
,,Chicken burger,,,,2 Pc,60,120,,,,,,120,,
,,Chicken burger,,,,1 Pc,60,60,,,,,,60,,
,,Veg Burger,,,,1 Pc,50,50,,,,,,50,,
,,Veg roll,,,,1 Pc,45,45,,,,,,45,,
18/05/2025,INV-00360,Cash,,,,,,,,,,,,,0,1655
,,Egg roll,,,,1 Pc,50,50,,,,,,50,,
,,Veg roll,,,,2 Pc,45,90,,,,,,90,,
,,Veg cheese burger,,,,2 Pc,65,130,,,,,,130,,
,,Veg Burger,,,,1 Pc,50,50,,,,,,50,,
,,Chicken roll,,,,3 Pc,80,240,,,,,,240,,
,,Chicken burger,,,,2 Pc,60,120,,,,,,120,,
,,Chicken roll,,,,2 Pc,80,160,,,,,,160,,
,,Chicken burger,,,,1 Pc,60,60,,,,,,60,,
,,Water 1 lit,,,,1 Pc,20,20,,,,,,20,,
,,Chicken Double Cheese Burger,,,,4 Pc,85,340,,,,,,340,,
,,Veg roll,,,,1 Pc,45,45,,,,,,45,,
,,Double eggs Roll,,,,2 Pc,60,120,,,,,,120,,
,,Egg roll,,,,1 Pc,50,50,,,,,,50,,
,,Double eggs Roll,,,,3 Pc,60,180,,,,,,180,,
19/05/2025,INV-00361,Cash,,,,,,,,,,,,,0,795
,,Chicken burger,,,,1 Pc,60,60,,,,,,60,,
,,Veg Burger,,,,2 Pc,50,100,,,,,,100,,
,,Chicken roll,,,,2 Pc,80,160,,,,,,160,,
,,Double eggs Roll,,,,1 Pc,60,60,,,,,,60,,
,,Egg burger,,,,1 Pc,30,30,,,,,,30,,
,,Veg roll,,,,1 Pc,45,45,,,,,,45,,
,,Chicken egg roll single,,,,1 Pc,90,90,,,,,,90,,
,,Veg cheese burger,,,,2 Pc,65,130,,,,,,130,,
,,Chicken burger,,,,1 Pc,60,60,,,,,,60,,
,,Chicken burger,,,,1 Pc,60,60,,,,,,60,,
20/05/2025,INV-00362,Cash,,,,,,,,,,,,,0,1150
,,Egg roll,,,,3 Pc,50,150,,,,,,150,,
,,Double eggs Roll,,,,2 Pc,60,120,,,,,,120,,
,,Chicken egg roll single,,,,2 Pc,90,180,,,,,,180,,
,,Veg Burger,,,,2 Pc,50,100,,,,,,100,,
,,Veg roll,,,,4 Pc,45,180,,,,,,180,,
,,Chicken burger,,,,1 Pc,60,60,,,,,,60,,
,,Paneer cheese roll,,,,1 Pc,80,80,,,,,,80,,
,,Chicken double eggs Roll,,,,2 Pc,100,200,,,,,,200,,
,,Chicken roll,,,,1 Pc,80,80,,,,,,80,,
23/05/2025,INV-00363,Cash,,,,,,,,,,,,,0,1685
,,Water 1 lit,,,,2 Pc,20,40,,,,,,40,,
,,Chicken egg roll single,,,,4 Pc,90,360,,,,,,360,,
,,Chicken roll,,,,3 Pc,80,240,,,,,,240,,
,,Chicken double eggs Roll,,,,1 Pc,100,100,,,,,,100,,
,,Chicken roll,,,,2 Pc,80,160,,,,,,160,,
,,Double eggs Roll,,,,3 Pc,60,180,,,,,,180,,
,,Double eggs Roll,,,,2 Pc,60,120,,,,,,120,,
,,Veg Burger,,,,1 Pc,50,50,,,,,,50,,
,,Double eggs Roll,,,,2 Pc,60,120,,,,,,120,,
,,Double eggs chicken roll,,,,1 Pc,100,100,,,,,,100,,
,,Veg roll,,,,1 Pc,45,45,,,,,,45,,
,,Chicken egg roll single,,,,1 Pc,90,90,,,,,,90,,
,,Chicken roll,,,,1 Pc,80,80,,,,,,80,,
24/05/2025,INV-00364,Cash,,,,,,,,,,,,,0,165
,,Double eggs Roll,,,,2 Pc,60,120,,,,,,120,,
,,Veg roll,,,,1 Pc,45,45,,,,,,45,,
25/05/2025,INV-00365,Cash,,,,,,,,,,,,,0,1350
,,Chicken roll,,,,2 Pc,80,160,,,,,,160,,
,,Chicken double eggs Roll,,,,1 Pc,100,100,,,,,,100,,
,,Veg Burger,,,,2 Pc,50,100,,,,,,100,,
,,Chicken burger,,,,1 Pc,60,60,,,,,,60,,
,,Chicken burger,,,,5 Pc,60,300,,,,,,300,,
,,Double eggs Roll,,,,3 Pc,60,180,,,,,,180,,
,,Egg roll,,,,1 Pc,50,50,,,,,,50,,
,,Paneer roll,,,,1 Pc,70,70,,,,,,70,,
,,Double eggs Roll,,,,1 Pc,60,60,,,,,,60,,
,,French fries,,,,1 Pc,55,55,,,,,,55,,
,,Veg Burger,,,,2 Pc,50,100,,,,,,100,,
,,French fries,,,,1 Pc,55,55,,,,,,55,,
,,Double eggs Roll,,,,1 Pc,60,60,,,,,,60,,
26/05/2025,INV-00366,Cash,,,,,,,,,,,,,0,1630
,,Chicken double eggs Roll,,,,1 Pc,100,100,,,,,,100,,
,,French fries,,,,1 Pc,55,55,,,,,,55,,
,,Chicken combi roll,,,,1 Pc,100,100,,,,,,100,,
,,French fries,,,,1 Pc,55,55,,,,,,55,,
,,Veg roll,,,,1 Pc,45,45,,,,,,45,,
,,Double eggs Roll,,,,2 Pc,60,120,,,,,,120,,
,,Veg roll,,,,2 Pc,45,90,,,,,,90,,
,,Paneer Schezwan Roll,,,,2 Pc,80,160,,,,,,160,,
,,Chicken double eggs Roll,,,,1 Pc,100,100,,,,,,100,,
,,Chicken cheese burger,,,,1 Pc,75,75,,,,,,75,,
,,Egg roll,,,,2 Pc,50,100,,,,,,100,,
,,Veg Burger,,,,2 Pc,50,100,,,,,,100,,
,,Chicken cheese roll,,,,4 Pc,90,360,,,,,,360,,
,,Egg roll,,,,1 Pc,50,50,,,,,,50,,
,,Chicken burger,,,,2 Pc,60,120,,,,,,120,,
27/05/2025,INV-00367,Cash,,,,,,,,,,,,,0,1555
,,Water 1 lit,,,,1 Pc,20,20,,,,,,20,,
,,Chicken cheese burger,,,,1 Pc,75,75,,,,,,75,,
,,Chicken double eggs Roll,,,,1 Pc,100,100,,,,,,100,,
,,Chicken cheese roll,,,,1 Pc,90,90,,,,,,90,,
,,Veg Burger,,,,1 Pc,50,50,,,,,,50,,
,,Chicken roll,,,,2 Pc,80,160,,,,,,160,,
,,Chicken roll,,,,2 Pc,80,160,,,,,,160,,
,,Chicken double eggs Roll,,,,1 Pc,100,100,,,,,,100,,
,,Paneer roll,,,,1 Pc,70,70,,,,,,70,,
,,Veg roll,,,,1 Pc,45,45,,,,,,45,,
,,Double eggs Roll,,,,2 Pc,60,120,,,,,,120,,
,,Double eggs Roll,,,,3 Pc,60,180,,,,,,180,,
,,Chicken roll,,,,1 Pc,80,80,,,,,,80,,
,,Paneer roll,,,,1 Pc,70,70,,,,,,70,,
,,Double eggs Roll,,,,1 Pc,60,60,,,,,,60,,
,,Chicken double eggs Roll,,,,1 Pc,100,100,,,,,,100,,
,,Egg burger,,,,1 Pc,30,30,,,,,,30,,
,,Veg roll,,,,1 Pc,45,45,,,,,,45,,
29/05/2025,INV-00368,Cash,,,,,,,,,,,,,0,1725
,,Double eggs Roll,,,,1 Pc,60,60,,,,,,60,,
,,Chicken roll,,,,5 Pc,80,400,,,,,,400,,
,,Chicken burger,,,,5 Pc,60,300,,,,,,300,,
,,Egg burger,,,,2 Pc,30,60,,,,,,60,,
,,Chicken roll,,,,6 Pc,80,480,,,,,,480,,
,,Double eggs Roll,,,,2 Pc,60,120,,,,,,120,,
,,Veg roll,,,,1 Pc,45,45,,,,,,45,,
,,Veg Burger,,,,1 Pc,50,50,,,,,,50,,
,,Veg roll,,,,2 Pc,45,90,,,,,,90,,
,,Double eggs Roll,,,,2 Pc,60,120,,,,,,120,,
30/05/2025,INV-00369,Cash,,,,,,,,,,,,,0,1550
,,Chicken burger,,,,1 Pc,60,60,,,,,,60,,
,,Chicken roll,,,,6 Pc,80,480,,,,,,480,,
,,Chicken combi roll,,,,4 Pc,100,400,,,,,,400,,
,,Chicken roll,,,,1 Pc,80,80,,,,,,80,,
,,Double eggs Roll,,,,3 Pc,60,180,,,,,,180,,
,,Water 1 lit,,,,1 Pc,20,20,,,,,,20,,
,,Egg roll,,,,1 Pc,50,50,,,,,,50,,
,,Egg roll,,,,1 Pc,50,50,,,,,,50,,
,,Chicken egg roll single,,,,1 Pc,90,90,,,,,,90,,
,,Double eggs Roll,,,,1 Pc,60,60,,,,,,60,,
,,Chicken roll,,,,1 Pc,80,80,,,,,,80,,
31/05/2025,INV-00370,Cash,,,,,,,,,,,,,0,1450
,,Veg Burger,,,,2 Pc,50,100,,,,,,100,,
,,Veg roll,,,,2 Pc,50,100,,,,,,100,,
,,Chicken cheese roll,,,,2 Pc,90,180,,,,,,180,,
,,French fries,,,,1 Pc,55,55,,,,,,55,,
,,Chicken roll,,,,2 Pc,80,160,,,,,,160,,
,,Chicken roll,,,,1 Pc,80,80,,,,,,80,,
,,Chicken egg roll single,,,,2 Pc,90,180,,,,,,180,,
,,Double eggs Roll,,,,1 Pc,60,60,,,,,,60,,
,,Chicken roll,,,,2 Pc,80,160,,,,,,160,,
,,Veg roll,,,,3 Pc,45,135,,,,,,135,,
,,Double eggs Roll,,,,1 Pc,60,60,,,,,,60,,
,,Chicken egg roll single,,,,2 Pc,90,180,,,,,,180,,
01/06/2025,INV-00371,Cash,,,,,,,,,,,,,0,1110
,,Veg Burger,,,,1 Pc,50,50,,,,,,50,,
,,French fries,,,,1 Pc,55,55,,,,,,55,,
,,Chicken roll,,,,2 Pc,80,160,,,,,,160,,
,,Egg  chicken roll,,,,1 Pc,90,90,,,,,,90,,
,,Egg burger,,,,1 Pc,30,30,,,,,,30,,
,,Egg roll,,,,1 Pc,50,50,,,,,,50,,
,,Chicken cheese roll,,,,1 Pc,90,90,,,,,,90,,
,,Veg cheese burger,,,,3 Pc,65,195,,,,,,195,,
,,Chicken cheese roll,,,,1 Pc,90,90,,,,,,90,,
,,Egg burger,,,,1 Pc,30,30,,,,,,30,,
,,Chicken double eggs Roll,,,,1 Pc,100,100,,,,,,100,,
,,Paneer roll,,,,1 Pc,70,70,,,,,,70,,
,,Chicken double eggs Roll,,,,1 Pc,100,100,,,,,,100,,
02/06/2025,INV-00372,Cash,,,,,,,,,,,,,0,880
,,Chicken burger,,,,1 Pc,60,60,,,,,,60,,
,,Egg roll,,,,1 Pc,50,50,,,,,,50,,
,,Double eggs Roll,,,,1 Pc,60,60,,,,,,60,,
,,Double eggs Roll,,,,2 Pc,60,120,,,,,,120,,
,,Chicken roll,,,,2 Pc,80,160,,,,,,160,,
,,Chicken roll,,,,2 Pc,80,160,,,,,,160,,
,,Paneer roll,,,,1 Pc,70,70,,,,,,70,,
,,Chicken double eggs Roll,,,,2 Pc,100,200,,,,,,200,,
03/06/2025,INV-00373,Cash,,,,,,,,,,,,,0,1240
,,Chicken burger,,,,1 Pc,60,60,,,,,,60,,
,,Paneer roll,,,,2 Pc,70,140,,,,,,140,,
,,Chicken roll,,,,2 Pc,80,160,,,,,,160,,
,,Chicken combi roll,,,,2 Pc,100,200,,,,,,200,,
,,French fries,,,,1 Pc,55,55,,,,,,55,,
,,Chicken roll,,,,3 Pc,80,240,,,,,,240,,
,,Double eggs Roll,,,,3 Pc,60,180,,,,,,180,,
,,Chicken burger,,,,1 Pc,60,60,,,,,,60,,
,,Veg roll,,,,1 Pc,45,45,,,,,,45,,
,,Chicken combi roll,,,,1 Pc,100,100,,,,,,100,,
04/06/2025,INV-00374,Cash,,,,,,,,,,,,,0,2905
,,Chicken chilli,,,,1 Pc,200,200,,,,,,200,,
,,Paratha,,,,2 Pc,25,50,,,,,,50,,
,,Chicken combi roll,,,,1 Pc,100,100,,,,,,100,,
,,Chicken roll,,,,2 Pc,80,160,,,,,,160,,
,,Chicken noodles,,,,3 Pc,150,450,,,,,,450,,
,,Chicken burger,,,,2 Pc,60,120,,,,,,120,,
,,Double eggs Roll,,,,1 Pc,60,60,,,,,,60,,
,,Double eggs Roll,,,,1 Pc,60,60,,,,,,60,,
,,Veg cheese burger,,,,1 Pc,65,65,,,,,,65,,
,,Chicken burger,,,,2 Pc,60,120,,,,,,120,,
,,Veg Noodles,,,,1 Pc,110,110,,,,,,110,,
,,Chicken Noodles Half,,,,1 Pc,80,80,,,,,,80,,
,,Veg noodles Half,,,,1 Pc,60,60,,,,,,60,,
,,Veg roll,,,,1 Pc,45,45,,,,,,45,,
,,Chicken roll,,,,1 Pc,80,80,,,,,,80,,
,,Veg Noodles,,,,2 Pc,110,220,,,,,,220,,
,,Chicken cheese burger,,,,1 Pc,75,75,,,,,,75,,
,,Double eggs Roll,,,,2 Pc,60,120,,,,,,120,,
,,Veg noodles Half,,,,1 Pc,60,60,,,,,,60,,
,,Veg Manchurian Half,,,,1 Pc,75,75,,,,,,75,,
,,Chicken Rice Half,,,,1 Pc,80,80,,,,,,80,,
,,Veg Burger,,,,5 Pc,50,250,,,,,,250,,
,,Chicken Boneless Half,,,,1 Pc,85,85,,,,,,85,,
,,Chicken egg roll single,,,,2 Pc,90,180,,,,,,180,,
05/06/2025,INV-00377,Cash,,,,,,,,,,,,,0,2965
,,Double eggs Roll,,,,2 Pc,60,120,,,,,,120,,
,,French fries,,,,1 Pc,55,55,,,,,,55,,
,,Chicken double eggs Roll,,,,1 Pc,100,100,,,,,,100,,
,,Water 1 lit,,,,1 Pc,20,20,,,,,,20,,
,,French fries,,,,1 Pc,55,55,,,,,,55,,
,,Chicken cheese burger,,,,4 Pc,75,300,,,,,,300,,
,,Chicken Noodles Half,,,,1 Pc,80,80,,,,,,80,,
,,Chicken chilli,,,,1 Pc,200,200,,,,,,200,,
,,Chilli Half,,,,1 Pc,110,110,,,,,,110,,
,,Chicken burger,,,,1 Pc,60,60,,,,,,60,,
,,Chicken fried rice,,,,1 Pc,150,150,,,,,,150,,
,,Chicken chilli,,,,1 Pc,200,200,,,,,,200,,
,,Chicken Chilli Half,,,,1 Pc,100,100,,,,,,100,,
,,Chicken Noodles Half,,,,1 Pc,80,80,,,,,,80,,
,,Chicken double eggs Roll,,,,2 Pc,100,200,,,,,,200,,
,,Chicken egg roll single,,,,2 Pc,90,180,,,,,,180,,
,,Chiken Manchurian,,,,1 Pc,160,160,,,,,,160,,
,,Chilli Half,,,,1 Pc,110,110,,,,,,110,,
,,Chicken roll,,,,2 Pc,80,160,,,,,,160,,
,,Veg Burger,,,,1 Pc,50,50,,,,,,50,,
,,Paneer roll,,,,1 Pc,70,70,,,,,,70,,
,,Double eggs Roll,,,,2 Pc,60,120,,,,,,120,,
,,Chiken Manchurian,,,,1 Pc,160,160,,,,,,160,,
,,Veg roll,,,,1 Pc,45,45,,,,,,45,,
,,Paneer cheese roll,,,,1 Pc,80,80,,,,,,80,,
06/06/2025,INV-00375,Cash,,,,,,,,,,,,,0,1175
,,Veg Burger,,,,2 Pc,50,100,,,,,,100,,
,,Double eggs Roll,,,,1 Pc,60,60,,,,,,60,,
,,Egg roll,,,,1 Pc,50,50,,,,,,50,,
,,Veg Noodles,,,,2 Pc,110,220,,,,,,220,,
,,Chicken chilli,,,,1 Pc,200,200,,,,,,200,,
,,Paneer chilli Half,,,,1 Pc,100,100,,,,,,100,,
,,Chicken chilli,,,,1 Pc,200,200,,,,,,200,,
,,Chicken Boneless Half,,,,1 Pc,85,85,,,,,,85,,
,,Veg noodles Half,,,,1 Pc,60,60,,,,,,60,,
,,Chicken combi roll,,,,1 Pc,100,100,,,,,,100,,
08/06/2025,INV-00376,Cash,,,,,,,,,,,,,0,1515
,,Chicken burger,,,,3 Pc,60,180,,,,,,180,,
,,Veg Burger,,,,2 Pc,50,100,,,,,,100,,
,,French fries,,,,2 Pc,55,110,,,,,,110,,
,,Chicken Schezwan Noodles full,,,,1 Pc,170,170,,,,,,170,,
,,Chicken roll,,,,2 Pc,80,160,,,,,,160,,
,,Double eggs Roll,,,,1 Pc,60,60,,,,,,60,,
,,Chicken chilli,,,,1 Pc,200,200,,,,,,200,,
,,Double eggs Roll,,,,2 Pc,60,120,,,,,,120,,
,,Double eggs Roll,,,,2 Pc,60,120,,,,,,120,,
,,Veg roll,,,,1 Pc,45,45,,,,,,45,,
,,Chicken double eggs Roll,,,,1 Pc,100,100,,,,,,100,,
,,Paneer chilli Half,,,,1 Pc,100,100,,,,,,100,,
,,Paratha,,,,2 Pc,25,50,,,,,,50,,
09/06/2025,INV-00378,Cash,,,,,,,,,,,,,0,1770
,,Water 1 lit,,,,1 Pc,20,20,,,,,,20,,
,,Chicken cheese roll,,,,2 Pc,90,180,,,,,,180,,
,,Double eggs Roll,,,,1 Pc,60,60,,,,,,60,,
,,Chicken Noodles Half,,,,1 Pc,80,80,,,,,,80,,
,,Water 1 lit,,,,1 Pc,20,20,,,,,,20,,
,,Double eggs Roll,,,,1 Pc,60,60,,,,,,60,,
,,Veg Noodles,,,,2 Pc,110,220,,,,,,220,,
,,Egg double burger,,,40,1 Pc,40,40,,,,,,40,,
,,Chicken burger,,,,1 Pc,60,60,,,,,,60,,
,,Paratha,,,,4 Pc,25,100,,,,,,100,,
,,Paneer chilli,,,,1 Pc,180,180,,,,,,180,,
,,Paneer roll,,,,2 Pc,70,140,,,,,,140,,
,,Paneer noodles,,,,1 Pc,150,150,,,,,,150,,
,,Veg Burger,,,,2 Pc,50,100,,,,,,100,,
,,Chicken roll,,,,2 Pc,80,160,,,,,,160,,
,,Water 1 lit,,,,1 Pc,20,20,,,,,,20,,
,,Chicken egg roll single,,,,2 Pc,90,180,,,,,,180,,
10/06/2025,INV-00379,Cash,,,,,,,,,,,,,0,2365
,,Chicken roll,,,,2 Pc,80,160,,,,,,160,,
,,Double eggs Roll,,,,1 Pc,60,60,,,,,,60,,
,,French fries,,,,1 Pc,55,55,,,,,,55,,
,,Veg Burger,,,,1 Pc,50,50,,,,,,50,,
,,Double eggs Roll,,,,1 Pc,60,60,,,,,,60,,
,,Water 1 lit,,,,1 Pc,20,20,,,,,,20,,
,,Double eggs Roll,,,,1 Pc,60,60,,,,,,60,,
,,Veg roll,,,,1 Pc,45,45,,,,,,45,,
,,Double eggs Roll,,,,1 Pc,60,60,,,,,,60,,
,,Water 1 lit,,,,1 Pc,20,20,,,,,,20,,
,,Chiken Manchurian,,,,1 Pc,160,160,,,,,,160,,
,,Paratha,,,,2 Pc,25,50,,,,,,50,,
,,Water 1 lit,,,,1 Pc,20,20,,,,,,20,,
,,Chicken roll,,,,3 Pc,80,240,,,,,,240,,
,,Egg  chicken roll,,,,2 Pc,90,180,,,,,,180,,
,,Chicken burger,,,,2 Pc,60,120,,,,,,120,,
,,Veg Burger,,,,1 Pc,50,50,,,,,,50,,
,,French fries,,,,1 Pc,55,55,,,,,,55,,
,,Double eggs Roll,,,,1 Pc,60,60,,,,,,60,,
,,Egg roll,,,,1 Pc,50,50,,,,,,50,,
,,Chicken noodles,,,,1 Pc,150,150,,,,,,150,,
,,Double eggs Roll,,,,1 Pc,60,60,,,,,,60,,
,,Chicken fried rice,,,,1 Pc,150,150,,,,,,150,,
,,Veg roll,,,,1 Pc,45,45,,,,,,45,,
,,Chicken roll,,,,2 Pc,80,160,,,,,,160,,
,,Veg roll,,,,1 Pc,45,45,,,,,,45,,
,,Paneer chilli,,,,1 Pc,180,180,,,,,,180,,
14/06/2025,INV-00380,Cash,,,,,,,,,,,,,0,2395
,,Chicken roll,,,,1 Pc,80,80,,,,,,80,,
,,Veg roll,,,,1 Pc,45,45,,,,,,45,,
,,Chicken noodles,,,,1 Pc,150,150,,,,,,150,,
,,Double eggs Roll,,,,4 Pc,60,240,,,,,,240,,
,,Chicken burger,,,,4 Pc,60,240,,,,,,240,,
,,Paneer Rice Half,,,,1 Pc,80,80,,,,,,80,,
,,Paneer roll,,,,1 Pc,70,70,,,,,,70,,
,,Double eggs Roll,,,,1 Pc,60,60,,,,,,60,,
,,Paneer roll,,,,1 Pc,70,70,,,,,,70,,
,,Chicken cheese roll,,,,1 Pc,90,90,,,,,,90,,
,,Chicken burger,,,,1 Pc,60,60,,,,,,60,,
,,French fries,,,,1 Pc,55,55,,,,,,55,,
,,Chicken roll,,,,1 Pc,80,80,,,,,,80,,
,,Veg Noodles,,,,1 Pc,110,110,,,,,,110,,
,,Chicken chilli,,,,1 Pc,200,200,,,,,,200,,
,,Veg roll,,,,2 Pc,45,90,,,,,,90,,
,,Chicken Noodles Half,,,,1 Pc,80,80,,,,,,80,,
,,Chicken double eggs Roll,,,,1 Pc,100,100,,,,,,100,,
,,Veg Burger,,,,1 Pc,50,50,,,,,,50,,
,,Veg cheese burger,,,,1 Pc,65,65,,,,,,65,,
,,Veg noodles Half,,,,1 Pc,60,60,,,,,,60,,
,,Double eggs Roll,,,,5 Pc,60,300,,,,,,300,,
,,Water 1 lit,,,,1 Pc,20,20,,,,,,20,,
15/06/2025,INV-00381,Cash,,,,,,,,,,,,,0,1700
,,Chicken roll,,,,2 Pc,80,160,,,,,,160,,
,,Chicken noodles,,,,1 Pc,150,150,,,,,,150,,
,,Chilli Half,,,,1 Pc,110,110,,,,,,110,,
,,Chicken double eggs Roll,,,,1 Pc,100,100,,,,,,100,,
,,Veg roll,,,,1 Pc,45,45,,,,,,45,,
,,Paneer cheese roll,,,,1 Pc,80,80,,,,,,80,,
,,Chicken cheese roll,,,,1 Pc,90,90,,,,,,90,,
,,Chicken cheese roll,,,,2 Pc,90,180,,,,,,180,,
,,Veg Burger,,,,1 Pc,50,50,,,,,,50,,
,,Chicken noodles,,,,1 Pc,150,150,,,,,,150,,
,,Veg Manchurian Half,,,,1 Pc,75,75,,,,,,75,,
,,Chicken combi roll,,,,3 Pc,100,300,,,,,,300,,
,,Water 1 lit,,,,1 Pc,20,20,,,,,,20,,
,,Chicken Rice Half,,,,1 Pc,80,80,,,,,,80,,
,,Veg Noodles,,,,1 Pc,110,110,,,,,,110,,
16/06/2025,INV-00382,Cash,,,,,,,,,,,,,0,4045
,,Chicken roll,,,,3 Pc,80,240,,,,,,240,,
,,Chicken burger,,,,3 Pc,60,180,,,,,,180,,
,,Chicken Noodles Half,,,,2 Pc,80,160,,,,,,160,,
,,Chicken double eggs Roll,,,,1 Pc,100,100,,,,,,100,,
,,Chicken double eggs Roll,,,,3 Pc,100,300,,,,,,300,,
,,Paratha,,,,3 Pc,25,75,,,,,,75,,
,,Chilli Half,,,,1 Pc,110,110,,,,,,110,,
,,Paneer noodles,,,,2 Pc,150,300,,,,,,300,,
,,Chicken noodles,,,,3 Pc,150,450,,,,,,450,,
,,Egg burger,,,,1 Pc,30,30,,,,,,30,,
,,Veg noodles Half,,,,1 Pc,60,60,,,,,,60,,
,,Chicken roll,,,,1 Pc,80,80,,,,,,80,,
,,Chicken roll,,,,2 Pc,80,160,,,,,,160,,
,,Chicken roll,,,,6 Pc,80,480,,,,,,480,,
,,French fries,,,,2 Pc,55,110,,,,,,110,,
,,Water 1 lit,,,,1 Pc,20,20,,,,,,20,,
,,Chicken chilli,,,,1 Pc,200,200,,,,,,200,,
,,Chicken noodles,,,,1 Pc,150,150,,,,,,150,,
,,Chicken fried rice,,,,1 Pc,150,150,,,,,,150,,
,,Chicken chilli,,,,1 Pc,200,200,,,,,,200,,
,,Chicken fried rice,,,,2 Pc,150,300,,,,,,300,,
,,Double eggs Roll,,,,2 Pc,60,120,,,,,,120,,
,,Paneer roll,,,,1 Pc,70,70,,,,,,70,,
17/06/2025,INV-00383,Cash,,,,,,,,,,,,,0,3315
,,Water 1 lit,,,,1 Pc,20,20,,,,,,20,,
,,Veg Noodles,,,,1 Pc,110,110,,,,,,110,,
,,Chicken fried rice,,,,1 Pc,150,150,,,,,,150,,
,,Chicken burger,,,,2 Pc,60,120,,,,,,120,,
,,Chicken roll,,,,2 Pc,80,160,,,,,,160,,
,,Veg Noodles,,,,1 Pc,110,110,,,,,,110,,
,,Veg Manchurian Half,,,,1 Pc,75,75,,,,,,75,,
,,Chicken roll,,,,1 Pc,80,80,,,,,,80,,
,,Chicken burger,,,,3 Pc,60,180,,,,,,180,,
,,Paratha,,,,4 Pc,25,100,,,,,,100,,
,,Chicken chilli,,,,1 Pc,200,200,,,,,,200,,
,,Chicken chilli,,,,1 Pc,200,200,,,,,,200,,
,,Paratha,,,,4 Pc,25,100,,,,,,100,,
,,Chicken Rice Half,,,,1 Pc,80,80,,,,,,80,,
,,Veg noodles Half,,,,1 Pc,60,60,,,,,,60,,
,,Veg Burger,,,,1 Pc,50,50,,,,,,50,,
,,Chicken double eggs Roll,,,,1 Pc,100,100,,,,,,100,,
,,Veg Noodles,,,,1 Pc,110,110,,,,,,110,,
,,Chicken fried rice,,,,2 Pc,150,300,,,,,,300,,
,,Paratha,,,,10 Pc,25,250,,,,,,250,,
,,Chiken boneless,,,,1 Pc,150,150,,,,,,150,,
,,Paneer chilli,,,,2 Pc,180,360,,,,,,360,,
,,Veg fried rice,,,,1 Pc,110,110,,,,,,110,,
,,Water 1 lit,,,,4 Pc,20,80,,,,,,80,,
,,Double eggs Roll,,,,1 Pc,60,60,,,,,,60,,
18/06/2025,INV-00384,Cash,,,,,,,,,,,,,0,1925
,,Double eggs Roll,,,,1 Pc,60,60,,,,,,60,,
,,Chicken double eggs Roll,,,,3 Pc,100,300,,,,,,300,,
,,Chicken Noodles Half,,,,1 Pc,80,80,,,,,,80,,
,,Double eggs Roll,,,,1 Pc,60,60,,,,,,60,,
,,Chicken burger,,,,1 Pc,60,60,,,,,,60,,
,,Veg noodles Half,,,,1 Pc,60,60,,,,,,60,,
,,Chicken Noodles Half,,,,1 Pc,80,80,,,,,,80,,
,,Chicken Manchauw Soup Half,,,,1 Pc,100,100,,,,,,100,,
,,Double eggs Roll,,,,2 Pc,60,120,,,,,,120,,
,,Veg Manchurian Half,,,,1 Pc,75,75,,,,,,75,,
,,Paneer chilli Half,,,,1 Pc,100,100,,,,,,100,,
,,Paratha,,,,5 Pc,25,125,,,,,,125,,
,,Chicken Lolipop Half,,,,1 Pc,155,155,,,,,,155,,
,,Chilli Half,,,,1 Pc,110,110,,,,,,110,,
,,Veg noodles Half,,,,1 Pc,60,60,,,,,,60,,
,,Chicken Rice Half,,,,1 Pc,80,80,,,,,,80,,
,,Paratha,,,,6 Pc,25,150,,,,,,150,,
,,Chicken fried rice,,,,1 Pc,150,150,,,,,,150,,
19/06/2025,INV-00385,Cash,,,,,,,,,,,,,0,2710
,,Chicken Rice Half,,,,1 Pc,80,80,,,,,,80,,
,,Veg fried rice,,,,1 Pc,110,110,,,,,,110,,
,,Veg roll,,,,1 Pc,45,45,,,,,,45,,
,,Double eggs Roll,,,,1 Pc,60,60,,,,,,60,,
,,Chicken burger,,,,6 Pc,60,360,,,,,,360,,
,,Chicken roll,,,,1 Pc,80,80,,,,,,80,,
,,Chicken roll,,,,2 Pc,80,160,,,,,,160,,
,,Chicken cheese roll,,,,3 Pc,90,270,,,,,,270,,
,,Chicken lolipop Full,,,,1 Pc,280,280,,,,,,280,,
,,Chicken roll,,,,5 Pc,80,400,,,,,,400,,
,,Veg roll,,,,1 Pc,45,45,,,,,,45,,
,,Chicken roll,,,,1 Pc,80,80,,,,,,80,,
,,Chicken double eggs Roll,,,,2 Pc,90,180,,,,,,180,,
,,Chicken burger,,,,1 Pc,60,60,,,,,,60,,
,,Veg Rice Half,,,1,1 Pc,60,60,,,,,,60,,
,,Double eggs Roll,,,,1 Pc,60,60,,,,,,60,,
,,Water 1 lit,,,,1 Pc,20,20,,,,,,20,,
,,Double eggs Roll,,,,3 Pc,60,180,,,,,,180,,
,,Veg noodles Half,,,,1 Pc,60,60,,,,,,60,,
,,Veg Rice Half,,,1,2 Pc,60,120,,,,,,120,,
21/06/2025,INV-00386,Cash,,,,,,,,,,,,,0,1565
,,Veg Rice Half,,,1,1 Pc,60,60,,,,,,60,,
,,Double eggs Roll,,,,1 Pc,60,60,,,,,,60,,
,,Water 1 lit,,,,1 Pc,20,20,,,,,,20,,
,,Double eggs Roll,,,,3 Pc,60,180,,,,,,180,,
,,Double eggs Roll,,,,1 Pc,60,60,,,,,,60,,
,,Veg noodles Half,,,,1 Pc,60,60,,,,,,60,,
,,Double eggs chicken roll,,,,1 Pc,120,120,,,,,,120,,
,,Double eggs Roll,,,,1 Pc,60,60,,,,,,60,,
,,Egg roll,,,,1 Pc,50,50,,,,,,50,,
,,Chiken boneless,,,,1 Pc,150,150,,,,,,150,,
,,Chicken noodles,,,,1 Pc,150,150,,,,,,150,,
,,Paratha,,,,4 Pc,25,100,,,,,,100,,
,,Chicken Rice Half,,,,1 Pc,80,80,,,,,,80,,
,,Chicken Boneless Half,,,,1 Pc,85,85,,,,,,85,,
,,Chicken Noodles Half,,,,1 Pc,80,80,,,,,,80,,
,,Chicken chilli,,,,1 Pc,200,200,,,,,,200,,
,,Paratha,,,,2 Pc,25,50,,,,,,50,,
22/06/2025,INV-00387,Cash,,,,,,,,,,,,,0.5,3374
,,Veg Burger,,,,1 Pc,50,50,,,,,,50,,
,,Egg burger,,,,1 Pc,30,30,,,,,,30,,
,,Double eggs Roll,,,,2 Pc,60,120,,,,,,120,,
,,Chicken double eggs Roll,,,,1 Pc,100,100,,,,,,100,,
,,Veg Burger,,,,4 Pc,50,200,,,,,,200,,
,,Chicken burger,,,,1 Pc,60,60,,,,,,60,,
,,Chicken noodles,,,,1 Pc,150,150,,,,,,150,,
,,Chicken Noodles Half,,,,1 Pc,80,80,,,,,,80,,
,,Chiken boneless,,,,1 Pc,150,150,,,,,,150,,
,,Veg Manchurian,,,,1.5 Pc,129,193.5,,,,,,193.5,,
,,Veg noodles Half,,,,1 Pc,60,60,,,,,,60,,
,,Chilli Half,,,,1 Pc,110,110,,,,,,110,,
,,Veg Noodles,,,,5 Pc,110,550,,,,,,550,,
,,Chicken chilli,,,,4 Pc,200,800,,,,,,800,,
,,Veg roll,,,,1 Pc,45,45,,,,,,45,,
,,Paratha,,,,4 Pc,25,100,,,,,,100,,
,,Veg roll,,,,3 Pc,45,135,,,,,,135,,
,,Egg roll,,,,1 Pc,50,50,,,,,,50,,
,,Chicken Noodles Half,,,,1 Pc,80,80,,,,,,80,,
,,Chicken fried rice,,,,1 Pc,150,150,,,,,,150,,
,,Chicken roll,,,,2 Pc,80,160,,,,,,160,,
23/06/2025,INV-00388,Cash,,,,,,,,,,,,,0,1735
,,Paneer cheese roll,,,,1 Pc,80,80,,,,,,80,,
,,Chicken roll,,,,1 Pc,70,70,,,,,,70,,
,,Chicken egg roll single,,,,1 Pc,90,90,,,,,,90,,
,,Chicken roll,,,,1 Pc,80,80,,,,,,80,,
,,Egg roll,,,,1 Pc,50,50,,,,,,50,,
,,Egg  chicken roll,,,,1 Pc,90,90,,,,,,90,,
,,Chicken noodles,,,,1 Pc,150,150,,,,,,150,,
,,Chicken double eggs Roll,,,,1 Pc,100,100,,,,,,100,,
,,Veg Manchurian Half,,,,1 Pc,75,75,,,,,,75,,
,,Chicken double eggs Roll,,,,1 Pc,100,100,,,,,,100,,
,,Chicken roll,,,,1 Pc,80,80,,,,,,80,,
,,Chicken roll,,,,1 Pc,80,80,,,,,,80,,
,,Double eggs Roll,,,,2 Pc,60,120,,,,,,120,,
,,Paneer cheese roll,,,,1 Pc,80,80,,,,,,80,,
,,Chicken combi roll,,,,1 Pc,100,100,,,,,,100,,
,,Egg  chicken roll,,,,1 Pc,90,90,,,,,,90,,
,,Chiken boneless,,,,1 Pc,150,150,,,,,,150,,
,,Chicken fried rice,,,,1 Pc,150,150,,,,,,150,,
24/06/2025,INV-00389,Cash,,,,,,,,,,,,,0,2395
,,Chicken egg roll single,,,,1 Pc,90,90,,,,,,90,,
,,Egg roll,,,,1 Pc,50,50,,,,,,50,,
,,Chicken roll,,,,1 Pc,80,80,,,,,,80,,
,,Veg roll,,,,1 Pc,45,45,,,,,,45,,
,,Veg Noodles,,,,1 Pc,110,110,,,,,,110,,
,,Chiken Schezwan,,,,1 Pc,170,170,,,,,,170,,
,,Chicken combi roll,,,,1 Pc,100,100,,,,,,100,,
,,Veg Noodles,,,,1 Pc,110,110,,,,,,110,,
,,Chicken Boneless Half,,,,1 Pc,85,85,,,,,,85,,
,,Double eggs Roll,,,,2 Pc,60,120,,,,,,120,,
,,Double eggs Roll,,,,2 Pc,60,120,,,,,,120,,
,,Chicken noodles,,,,1 Pc,150,150,,,,,,150,,
,,Veg Burger,,,,2 Pc,50,100,,,,,,100,,
,,French fries,,,,1 Pc,55,55,,,,,,55,,
,,Veg noodles Half,,,,1 Pc,60,60,,,,,,60,,
,,Paneer chilli Half,,,,1 Pc,100,100,,,,,,100,,
,,Chicken roll,,,,1 Pc,80,80,,,,,,80,,
,,Egg burger,,,,2 Pc,30,60,,,,,,60,,
,,Double eggs Roll,,,,4 Pc,60,240,,,,,,240,,
,,Chicken Schezwan Rice,,,,1 Pc,170,170,,,,,,170,,
,,Chicken chilli,,,,1 Pc,200,200,,,,,,200,,
,,Chicken double eggs Roll,,,,1 Pc,100,100,,,,,,100,,
25/06/2025,INV-00390,Cash,,,,,,,,,,,,,0,2395
,,Double eggs Roll,,,,1 Pc,60,60,,,,,,60,,
,,Chicken combi roll,,,,2 Pc,100,200,,,,,,200,,
,,Paneer roll,,,,3 Pc,70,210,,,,,,210,,
,,Chicken double eggs Roll,,,,2 Pc,100,200,,,,,,200,,
,,Chicken cheese roll,,,,1 Pc,90,90,,,,,,90,,
,,Chicken noodles,,,,1 Pc,150,150,,,,,,150,,
,,Chicken Noodles Half,,,,1 Pc,80,80,,,,,,80,,
,,Chicken Rice Half,,,,1 Pc,80,80,,,,,,80,,
,,Chicken roll,,,,1 Pc,80,80,,,,,,80,,
,,Chiken Manchurian,,,,1 Pc,160,160,,,,,,160,,
,,Double eggs Roll,,,,2 Pc,60,120,,,,,,120,,
,,Chicken roll,,,,2 Pc,80,160,,,,,,160,,
,,Chicken Noodles Half,,,,1 Pc,80,80,,,,,,80,,
,,Chicken burger,,,,1 Pc,60,60,,,,,,60,,
,,Chicken Noodles Half,,,,1 Pc,80,80,,,,,,80,,
,,Chilli Half,,,,1 Pc,110,110,,,,,,110,,
,,Double eggs Roll,,,,1 Pc,60,60,,,,,,60,,
,,Veg roll,,,,1 Pc,45,45,,,,,,45,,
,,Veg Noodles,,,,1 Pc,110,110,,,,,,110,,
,,Chicken chilli,,,,1 Pc,200,200,,,,,,200,,
,,Double eggs Roll,,,,1 Pc,60,60,,,,,,60,,
26/06/2025,INV-00391,Cash,,,,,,,,,,,,,0,5169
,,Egg roll,,,,1 Pc,50,50,,,,,,50,,
,,Water 1 lit,,,,1 Pc,20,20,,,,,,20,,
,,Paneer chilli Half,,,,1 Pc,100,100,,,,,,100,,
,,Paratha,,,,4 Pc,25,100,,,,,,100,,
,,Water 1 lit,,,,1 Pc,20,20,,,,,,20,,
,,Veg Noodles,,,,2 Pc,60,120,,,,,,120,,
,,Double eggs Roll,,,,1 Pc,60,60,,,,,,60,,
,,Chicken burger,,,,2 Pc,60,120,,,,,,120,,
,,Chicken roll,,,,1 Pc,80,80,,,,,,80,,
,,Chicken noodles,,,,1 Pc,150,150,,,,,,150,,
,,Chicken Manchurian Half,,,,1 Pc,90,90,,,,,,90,,
,,Chicken roll,,,,4 Pc,80,320,,,,,,320,,
,,Chicken burger,,,,2 Pc,60,120,,,,,,120,,
,,Paneer chilli,,,,2 Pc,180,360,,,,,,360,,
,,Chicken fried rice,,,,5 Pc,150,750,,,,,,750,,
,,Chicken double eggs Roll,,,,3 Pc,100,300,,,,,,300,,
,,Water 1 lit,,,,2 Pc,20,40,,,,,,40,,
,,Chicken Schezwan Rice,,,,1 Pc,170,170,,,,,,170,,
,,Chicken noodles,,,,3 Pc,150,450,,,,,,450,,
,,Chicken Schezwan Noodles full,,,,1 Pc,170,170,,,,,,170,,
,,Veg roll,,,,1 Pc,45,45,,,,,,45,,
,,Veg Burger,,,,1 Pc,50,50,,,,,,50,,
,,Paratha,,,,6 Pc,25,150,,,,,,150,,
,,Chicken chilli,,,,1 Pc,200,200,,,,,,200,,
,,Chicken roll,,,,4 Pc,80,320,,,,,,320,,
,,Paratha,,,,1 Pc,25,25,,,,,,25,,
,,Chiken Manchurian,,,,1 Pc,160,160,,,,,,160,,
,,Paneer fried rice,,,,3 Pc,150,450,,,,,,450,,
,,Veg Manchurian,,,,1 Pc,129,129,,,,,,129,,
,,Paratha,,,,2 Pc,25,50,,,,,,50,,
27/06/2025,INV-00392,Cash,,,,,,,,,,,,,0,2890
,,Chicken double eggs Roll,,,,1 Pc,100,100,,,,,,100,,
,,Chicken roll,,,,1 Pc,80,80,,,,,,80,,
,,Chicken roll,,,,1 Pc,80,80,,,,,,80,,
,,Chicken cheese burger,,,,2 Pc,75,150,,,,,,150,,
,,Chicken Boneless Half,,,,1 Pc,85,85,,,,,,85,,
,,Paratha,,,,3 Pc,25,75,,,,,,75,,
,,Chicken burger,,,,5 Pc,60,300,,,,,,300,,
,,Chicken chilli,,,,1 Pc,200,200,,,,,,200,,
,,Veg noodles Half,,,,1 Pc,60,60,,,,,,60,,
,,Veg noodles Half,,,,1 Pc,60,60,,,,,,60,,
,,Egg roll,,,,1 Pc,50,50,,,,,,50,,
,,Double eggs Roll,,,,3 Pc,60,180,,,,,,180,,
,,Chicken Chilli Half,,,,1 Pc,100,100,,,,,,100,,
,,Chicken double eggs Roll,,,,1 Pc,100,100,,,,,,100,,
,,Veg Noodles,,,,2 Pc,110,220,,,,,,220,,
,,Chilli Half,,,,1 Pc,110,110,,,,,,110,,
,,Chicken Noodles Half,,,,1 Pc,80,80,,,,,,80,,
,,Chicken Chilli Half,,,,1 Pc,100,100,,,,,,100,,
,,Veg Noodles,,,,2 Pc,110,220,,,,,,220,,
,,Chilli Half,,,,1 Pc,110,110,,,,,,110,,
,,Chicken Schezwan Rice,,,,1 Pc,90,90,,,,,,90,,
,,Chicken schezwan,,,,2 Pc,170,340,,,,,,340,,
28/06/2025,INV-00393,Cash,,,,,,,,,,,,,0,1865
,,Chicken noodles,,,,1 Pc,150,150,,,,,,150,,
,,Chilli Half,,,,1 Pc,110,110,,,,,,110,,
,,Chicken roll,,,,1 Pc,80,80,,,,,,80,,
,,Chicken cheese burger,,,,5 Pc,75,375,,,,,,375,,
,,Chicken burger,,,,1 Pc,60,60,,,,,,60,,
,,Paneer chilli,,,,1 Pc,180,180,,,,,,180,,
,,Paratha,,,,4 Pc,25,100,,,,,,100,,
,,Egg  chicken roll,,,,2 Pc,90,180,,,,,,180,,
,,Chicken fried rice,,,,1 Pc,150,150,,,,,,150,,
,,Chicken fried rice,,,,2 Pc,150,300,,,,,,300,,
,,Veg Manchurian,,,,1 Pc,130,130,,,,,,130,,
,,Egg roll,,,,1 Pc,50,50,,,,,,50,,
29/06/2025,INV-00394,Cash,,,,,,,,,,,,,0,3280
,,Chicken Schezwan Rice,,,,2 Pc,90,180,,,,,,180,,
,,Chicken egg roll single,,,,2 Pc,90,180,,,,,,180,,
,,Paneer roll,,,,1 Pc,70,70,,,,,,70,,
,,Double eggs Roll,,,,2 Pc,60,120,,,,,,120,,
,,Double eggs Roll,,,,1 Pc,60,60,,,,,,60,,
,,Chicken roll,,,,1 Pc,80,80,,,,,,80,,
,,Chicken egg roll single,,,,2 Pc,90,180,,,,,,180,,
,,Chicken burger,,,,3 Pc,60,180,,,,,,180,,
,,Veg Burger,,,,3 Pc,50,150,,,,,,150,,
,,Chicken noodles,,,,1 Pc,150,150,,,,,,150,,
,,Chicken burger,,,,1 Pc,60,60,,,,,,60,,
,,Veg Schezwan Noodles Half,,,,1 Pc,70,70,,,,,,70,,
,,Double eggs Roll,,,,1 Pc,60,60,,,,,,60,,
,,Chicken burger,,,,1 Pc,60,60,,,,,,60,,
,,Chicken roll,,,,2 Pc,80,160,,,,,,160,,
,,Chicken noodles,,,,1 Pc,150,150,,,,,,150,,
,,Chicken burger,,,,1 Pc,60,60,,,,,,60,,
,,Chicken Noodles Half,,,,1 Pc,80,80,,,,,,80,,
,,Paneer Noodles Half,,,,2 Pc,80,160,,,,,,160,,
,,Chicken burger,,,,6 Pc,60,360,,,,,,360,,
,,Veg Burger,,,,1 Pc,50,50,,,,,,50,,
,,Veg Burger,,,,1 Pc,50,50,,,,,,50,,
,,Chicken fried rice,,,,2 Pc,150,300,,,,,,300,,
,,Double eggs Roll,,,,1 Pc,60,60,,,,,,60,,
,,Double eggs Roll,,,,2 Pc,60,120,,,,,,120,,
,,Veg Burger,,,,1 Pc,50,50,,,,,,50,,
,,Chicken roll,,,,1 Pc,80,80,,,,,,80,,
30/06/2025,INV-00395,Cash,,,,,,,,,,,,,0,2465
,,Chicken roll,,,,2 Pc,80,160,,,,,,160,,
,,Double eggs Roll,,,,2 Pc,60,120,,,,,,120,,
,,Veg Burger,,,,1 Pc,50,50,,,,,,50,,
,,Double eggs Roll,,,,1 Pc,60,60,,,,,,60,,
,,Chicken combi roll,,,,1 Pc,100,100,,,,,,100,,
,,Chicken burger,,,,3 Pc,60,180,,,,,,180,,
,,Veg roll,,,,1 Pc,45,45,,,,,,45,,
,,Veg Burger,,,,6 Pc,50,300,,,,,,300,,
,,Veg Schezwan Noodles Half,,,,2 Pc,70,140,,,,,,140,,
,,Chicken roll,,,,2 Pc,80,160,,,,,,160,,
,,Chicken burger,,,,2 Pc,60,120,,,,,,120,,
,,Double eggs Roll,,,,1 Pc,60,60,,,,,,60,,
,,Chicken roll,,,,5 Pc,80,400,,,,,,400,,
,,Chicken lolipop Full,,,,1 Pc,280,280,,,,,,280,,
,,Chicken Rice Half,,,,1 Pc,80,80,,,,,,80,,
,,Chicken double eggs Roll,,,,1 Pc,100,100,,,,,,100,,
,,Double eggs Roll,,,,1 Pc,60,60,,,,,,60,,
,,Veg Burger,,,,1 Pc,50,50,,,,,,50,,
01/07/2025,INV-00396,Cash,,,,,,,,,,,,,0,2235
,,Veg Burger,,,,2 Pc,50,100,,,,,,100,,
,,Chicken burger,,,,1 Pc,60,60,,,,,,60,,
,,Veg roll,,,,1 Pc,45,45,,,,,,45,,
,,Chicken roll,,,,1 Pc,80,80,,,,,,80,,
,,Water 1 lit,,,,2 Pc,20,40,,,,,,40,,
,,Chicken cheese burger,,,,1 Pc,75,75,,,,,,75,,
,,Veg roll,,,,2 Pc,45,90,,,,,,90,,
,,Chicken Noodles Half,,,,1 Pc,80,80,,,,,,80,,
,,Chicken egg roll single,,,,4 Pc,90,360,,,,,,360,,
,,Double eggs chicken roll,,,,2 Pc,100,200,,,,,,200,,
,,Chicken roll,,,,1 Pc,80,80,,,,,,80,,
,,Water 1 lit,,,,1 Pc,20,20,,,,,,20,,
,,Chicken double eggs Roll,,,,1 Pc,100,100,,,,,,100,,
,,Veg Schezwan Full,,,,1 Pc,130,130,,,,,,130,,
,,Veg Manchurian Half,,,,1 Pc,75,75,,,,,,75,,
,,Chicken burger,,,,1 Pc,60,60,,,,,,60,,
,,Chicken Rice Half,,,,1 Pc,80,80,,,,,,80,,
,,Paratha,,,,2 Pc,25,50,,,,,,50,,
,,Chiken Manchurian,,,,1 Pc,160,160,,,,,,160,,
,,Chicken fried rice,,,,1 Pc,150,150,,,,,,150,,
,,Water 1 lit,,,,1 Pc,20,20,,,,,,20,,
,,Chicken egg roll single,,,,2 Pc,90,180,,,,,,180,,
02/07/2025,INV-00397,Cash,,,,,,,,,,,,,0,3615
,,Double eggs Roll,,,,1 Pc,60,60,,,,,,60,,
,,Veg noodles Half,,,,2 Pc,60,120,,,,,,120,,
,,Double eggs Roll,,,,2 Pc,60,120,,,,,,120,,
,,Veg noodles Half,,,,1 Pc,60,60,,,,,,60,,
,,Double eggs Roll,,,,2 Pc,60,120,,,,,,120,,
,,Veg Noodles,,,,1 Pc,110,110,,,,,,110,,
,,Chicken roll,,,,2 Pc,80,160,,,,,,160,,
,,Double eggs Roll,,,,1 Pc,60,60,,,,,,60,,
,,Chicken Schezwan Noodles Half,,,,1 Pc,90,90,,,,,,90,,
,,Chicken burger,,,,2 Pc,60,120,,,,,,120,,
,,Water 1 lit,,,,2 Pc,20,40,,,,,,40,,
,,Paneer Rice Half,,,,4 Pc,80,320,,,,,,320,,
,,Veg Rice Half,,,1,1 Pc,60,60,,,,,,60,,
,,Water 1 lit,,,,1 Pc,20,20,,,,,,20,,
,,Veg fried rice,,,,2 Pc,110,220,,,,,,220,,
,,Paneer chilli,,,,1 Pc,180,180,,,,,,180,,
,,Double eggs Roll,,,,7 Pc,60,420,,,,,,420,,
,,Paneer roll,,,,2 Pc,70,140,,,,,,140,,
,,Veg roll,,,,5 Pc,45,225,,,,,,225,,
,,Veg noodles Half,,,,1 Pc,60,60,,,,,,60,,
,,Egg fried rice,,,,1 Pc,130,130,,,,,,130,,
,,Egg noodles,,,,1 Pc,70,70,,,,,,70,,
,,Chicken Rice Half,,,,2 Pc,80,160,,,,,,160,,
,,Chicken roll,,,,1 Pc,80,80,,,,,,80,,
,,Chicken fried rice,,,,2 Pc,150,300,,,,,,300,,
,,Chiken boneless,,,,1 Pc,150,150,,,,,,150,,
,,Water 1 lit,,,,1 Pc,20,20,,,,,,20,,
03/07/2025,INV-00399,Cash,,,,,,,,,,,,,0,2050
,,Veg roll,,,,1 Pc,45,45,,,,,,45,,
,,Chicken burger,,,,1 Pc,60,60,,,,,,60,,
,,Chicken roll,,,,1 Pc,80,80,,,,,,80,,
,,Paneer cheese roll,,,,3 Pc,80,240,,,,,,240,,
,,Chicken burger,,,,2 Pc,60,120,,,,,,120,,
,,Chicken roll,,,,1 Pc,80,80,,,,,,80,,
,,Chicken roll,,,,3 Pc,80,240,,,,,,240,,
,,Chicken chilli,,,,1 Pc,200,200,,,,,,200,,
,,Veg noodles Half,,,,1 Pc,60,60,,,,,,60,,
,,Chicken burger,,,,1 Pc,60,60,,,,,,60,,
,,Veg noodles Half,,,,1 Pc,60,60,,,,,,60,,
,,Paneer cheese roll,,,,1 Pc,80,80,,,,,,80,,
,,Chicken chilli,,,,1 Pc,200,200,,,,,,200,,
,,Chiken Manchurian,,,,1 Pc,160,160,,,,,,160,,
,,Chicken egg roll single,,,,1 Pc,90,90,,,,,,90,,
,,Veg noodles Half,,,,2 Pc,60,120,,,,,,120,,
,,Paneer Manchurian,,,,1 Pc,155,155,,,,,,155,,
04/07/2025,INV-00398,Cash,,,,,,,,,,,,,0,1170
,,Double eggs Roll,,,,1 Pc,60,60,,,,,,60,,
,,Chiken Manchurian,,,,1 Pc,160,160,,,,,,160,,
,,Paneer roll,,,,1 Pc,70,70,,,,,,70,,
,,Paneer noodles,,,,1 Pc,150,150,,,,,,150,,
,,Chicken noodles,,,,1 Pc,150,150,,,,,,150,,
,,Chicken roll,,,,2 Pc,80,160,,,,,,160,,
,,Chicken double eggs Roll,,,,1 Pc,100,100,,,,,,100,,
,,Chicken burger,,,,1 Pc,60,60,,,,,,60,,
,,Double eggs Roll,,,,1 Pc,60,60,,,,,,60,,
,,Chicken double eggs Roll,,,,2 Pc,100,200,,,,,,200,,
05/07/2025,INV-00400,Cash,,,,,,,,,,,,,0,1325
,,Chicken Lolipop Half,,,,1 Pc,155,155,,,,,,155,,
,,Veg Noodles,,,,1 Pc,110,110,,,,,,110,,
,,Chicken double eggs Roll,,,,1 Pc,100,100,,,,,,100,,
,,Chicken burger,,,,1 Pc,60,60,,,,,,60,,
,,Chicken egg roll single,,,,1 Pc,90,90,,,,,,90,,
,,Egg roll,,,,1 Pc,50,50,,,,,,50,,
,,Chicken burger,,,,1 Pc,60,60,,,,,,60,,
,,Paneer roll,,,,1 Pc,70,70,,,,,,70,,
,,Chicken double eggs Roll,,,,3 Pc,100,300,,,,,,300,,
,,Chicken noodles,,,,1 Pc,150,150,,,,,,150,,
,,Water 1 lit,,,,1 Pc,20,20,,,,,,20,,
,,Chicken roll,,,,2 Pc,80,160,,,,,,160,,
06/07/2025,INV-00401,Cash,,,,,,,,,,,,,0,2400
,,Chicken roll,,,,2 Pc,80,160,,,,,,160,,
,,Chicken lolipop Full,,,,0.5 Pc,280,140,,,,,,140,,
,,Chicken lolipop Full,,,,2 Pc,280,560,,,,,,560,,
,,Chicken roll,,,,2 Pc,80,160,,,,,,160,,
,,Paneer roll,,,,1 Pc,70,70,,,,,,70,,
,,Chicken burger,,,,2 Pc,60,120,,,,,,120,,
,,Veg roll,,,,1 Pc,45,45,,,,,,45,,
,,Chicken Noodles Half,,,,1 Pc,80,80,,,,,,80,,
,,Egg roll,,,,2 Pc,50,100,,,,,,100,,
,,Chicken noodles,,,,1 Pc,150,150,,,,,,150,,
,,Chicken double eggs Roll,,,,2 Pc,100,200,,,,,,200,,
,,Chicken combi roll,,,,2 Pc,100,200,,,,,,200,,
,,Double eggs Roll,,,,1 Pc,60,60,,,,,,60,,
,,Chicken double eggs Roll,,,,2 Pc,100,200,,,,,,200,,
,,Water 1 lit,,,,1 Pc,20,20,,,,,,20,,
,,Veg roll,,,,3 Pc,45,135,,,,,,135,,
07/07/2025,INV-00402,Cash,,,,,,,,,,,,,0,4540
,,Chicken fried rice,,,,2 Pc,150,300,,,,,,300,,
,,Chicken roll,,,,2 Pc,80,160,,,,,,160,,
,,Chicken roll,,,,11 Pc,80,880,,,,,,880,,
,,Chicken lolipop Full,,,,1 Pc,280,280,,,,,,280,,
,,Chicken roll,,,,2 Pc,80,160,,,,,,160,,
,,Chicken Schezwan Rice,,,,2 Pc,90,180,,,,,,180,,
,,Chicken fried rice,,,,1 Pc,150,150,,,,,,150,,
,,Chicken double eggs Roll,,,,1 Pc,85,85,,,,,,85,,
,,Chicken double eggs Roll,,,,2 Pc,85,170,,,,,,170,,
,,Paneer noodles,,,,1 Pc,150,150,,,,,,150,,
,,Chicken noodles,,,,1 Pc,150,150,,,,,,150,,
,,Chicken roll,,,,3 Pc,80,240,,,,,,240,,
,,Egg Schezwan Rice,,,,2 Pc,80,160,,,,,,160,,
,,Chicken Lolipop Half,,,,1 Pc,155,155,,,,,,155,,
,,Paneer roll,,,,2 Pc,70,140,,,,,,140,,
,,Chicken roll,,,,3 Pc,80,240,,,,,,240,,
,,Double eggs Roll,,,,1 Pc,60,60,,,,,,60,,
,,Chicken burger,,,,1 Pc,60,60,,,,,,60,,
,,Chicken cheese roll,,,,1 Pc,100,100,,,,,,100,,
,,Water 1 lit,,,,1 Pc,20,20,,,,,,20,,
,,Chicken burger,,,,1 Pc,60,60,,,,,,60,,
,,Chicken burger,,,,2 Pc,60,120,,,,,,120,,
,,Double eggs Roll,,,,1 Pc,60,60,,,,,,60,,
,,Chicken double eggs Roll,,,,1 Pc,100,100,,,,,,100,,
,,Paneer roll,,,,2 Pc,70,140,,,,,,140,,
,,Double eggs Roll,,,,2 Pc,60,120,,,,,,120,,
,,Chicken double eggs Roll,,,,1 Pc,100,100,,,,,,100,,
09/07/2025,INV-00403,Cash,,,,,,,,,,,,,0,3495
,,Chicken cheese roll,,,,1 Pc,90,90,,,,,,90,,
,,Chicken roll,,,,1 Pc,80,80,,,,,,80,,
,,Chicken noodles,,,,1 Pc,150,150,,,,,,150,,
,,Veg Schezwan Full,,,,1 Pc,130,130,,,,,,130,,
,,Chicken chilli,,,,1 Pc,200,200,,,,,,200,,
,,Chicken roll,,,,1 Pc,80,80,,,,,,80,,
,,Chicken fried rice,,,,1 Pc,150,150,,,,,,150,,
,,Chiken boneless,,,,1 Pc,150,150,,,,,,150,,
,,Chicken burger,,,,1 Pc,60,60,,,,,,60,,
,,Chicken roll,,,,1 Pc,80,80,,,,,,80,,
,,Chicken roll,,,,4 Pc,80,320,,,,,,320,,
,,Double eggs Roll,,,,1 Pc,60,60,,,,,,60,,
,,Egg roll,,,,2 Pc,50,100,,,,,,100,,
,,Chicken cheese roll,,,,1 Pc,90,90,,,,,,90,,
,,Chicken cheese roll,,,,2 Pc,90,180,,,,,,180,,
,,Paratha,,,,6 Pc,25,150,,,,,,150,,
,,Paratha,,,,10 Pc,20,200,,,,,,200,,
,,Chiken boneless,,,,2 Pc,150,300,,,,,,300,,
,,Double eggs Roll,,,,4 Pc,60,240,,,,,,240,,
,,Veg roll,,,,2 Pc,45,90,,,,,,90,,
,,Chicken burger,,,,2 Pc,60,120,,,,,,120,,
,,Chicken chilli,,,,1 Pc,200,200,,,,,,200,,
,,Chilli Half,,,,1 Pc,110,110,,,,,,110,,
,,Chicken Rice Half,,,,1 Pc,80,80,,,,,,80,,
,,Chicken Boneless Half,,,,1 Pc,85,85,,,,,,85,,
10/07/2025,INV-00404,Cash,,,,,,,,,,,,,0,1480
,,Chicken double eggs Roll,,,,1 Pc,100,100,,,,,,100,,
,,Chicken burger,,,,1 Pc,60,60,,,,,,60,,
,,Chicken roll,,,,2 Pc,80,160,,,,,,160,,
,,Paneer noodles,,,,1 Pc,150,150,,,,,,150,,
,,Chicken burger,,,,1 Pc,60,60,,,,,,60,,
,,Chicken noodles,,,,2 Pc,150,300,,,,,,300,,
,,Chicken lolipop Full,,,,1 Pc,280,280,,,,,,280,,
,,Chicken fried rice,,,,1 Pc,150,150,,,,,,150,,
,,Veg fried rice,,,,2 Pc,110,220,,,,,,220,,
11/07/2025,INV-00405,Cash,,,,,,,,,,,,,0,1380
,,Chiken Schezwan,,,,1 Pc,170,170,,,,,,170,,
,,Chilli Half,,,,1 Pc,110,110,,,,,,110,,
,,Water 1 lit,,,,1 Pc,20,20,,,,,,20,,
,,Paneer roll,,,,1 Pc,70,70,,,,,,70,,
,,Chicken combi roll,,,,2 Pc,100,200,,,,,,200,,
,,Chicken egg roll single,,,,2 Pc,90,180,,,,,,180,,
,,Double eggs Roll,,,,2 Pc,60,120,,,,,,120,,
,,Chicken roll,,,,2 Pc,80,160,,,,,,160,,
,,Chicken Noodles Half,,,,1 Pc,80,80,,,,,,80,,
,,Chicken burger,,,,1 Pc,60,60,,,,,,60,,
,,Paneer chilli Half,,,,1 Pc,100,100,,,,,,100,,
,,Paratha,,,,2 Pc,25,50,,,,,,50,,
,,Chicken burger,,,,1 Pc,60,60,,,,,,60,,
12/07/2025,INV-00406,Cash,,,,,,,,,,,,,0,2075
,,Chicken burger,,,,2 Pc,60,120,,,,,,120,,
,,Chicken noodles,,,,1 Pc,150,150,,,,,,150,,
,,Chiken boneless,,,,1 Pc,150,150,,,,,,150,,
,,Paratha,,,,3 Pc,25,75,,,,,,75,,
,,Paneer chilli Half,,,,1 Pc,100,100,,,,,,100,,
,,Veg noodles Half,,,,4 Pc,60,240,,,,,,240,,
,,Chicken lolipop Full,,,,1 Pc,280,280,,,,,,280,,
,,Chicken noodles,,,,1 Pc,140,140,,,,,,140,,
,,Chicken fried rice,,,,1 Pc,140,140,,,,,,140,,
,,Chicken egg roll single,,,,1 Pc,90,90,,,,,,90,,
,,Chicken lolipop Full,,,,1 Pc,280,280,,,,,,280,,
,,Chicken Noodles Half,,,,1 Pc,80,80,,,,,,80,,
,,Veg Schezwan Full,,,,1 Pc,130,130,,,,,,130,,
,,Chicken combi roll,,,,1 Pc,100,100,,,,,,100,,
13/07/2025,INV-00407,Cash,,,,,,,,,,,,,0,1970
,,Water 1 lit,,,,2 Pc,20,40,,,,,,40,,
,,Chicken roll,,,,1 Pc,80,80,,,,,,80,,
,,Chicken roll,,,,1 Pc,80,80,,,,,,80,,
,,Chicken roll,,,,1 Pc,80,80,,,,,,80,,
,,Double eggs Roll,,,,2 Pc,60,120,,,,,,120,,
,,Egg roll,,,,3 Pc,50,150,,,,,,150,,
,,Veg roll,,,,1 Pc,45,45,,,,,,45,,
,,Chicken Schezwan Rice,,,,2 Pc,90,180,,,,,,180,,
,,Veg Noodles,,,,1 Pc,110,110,,,,,,110,,
,,Veg fried rice,,,,2 Pc,110,220,,,,,,220,,
,,Chicken chilli,,,,1 Pc,200,200,,,,,,200,,
,,Chicken fried rice,,,,2 Pc,150,300,,,,,,300,,
,,Chicken Boneless Half,,,,1 Pc,85,85,,,,,,85,,
,,Water 1 lit,,,,1 Pc,20,20,,,,,,20,,
,,Double eggs Roll,,,,1 Pc,60,60,,,,,,60,,
,,Veg Noodles,,,,1 Pc,110,110,,,,,,110,,
,,Veg roll,,,,2 Pc,45,90,,,,,,90,,
14/07/2025,INV-00408,Cash,,,,,,,,,,,,,0,1930
,,Chicken roll,,,,2 Pc,80,160,,,,,,160,,
,,Chicken roll,,,,2 Pc,80,160,,,,,,160,,
,,Chicken egg roll single,,,,3 Pc,90,270,,,,,,270,,
,,Chicken noodles,,,,1 Pc,150,150,,,,,,150,,
,,Chicken Manchurian Half,,,,1 Pc,90,90,,,,,,90,,
,,Chicken roll,,,,1 Pc,80,80,,,,,,80,,
,,Veg noodles Half,,,,2 Pc,60,120,,,,,,120,,
,,Chicken burger,,,,1 Pc,60,60,,,,,,60,,
,,Double eggs Roll,,,,2 Pc,60,120,,,,,,120,,
,,Chicken burger,,,,1 Pc,60,60,,,,,,60,,
,,Double eggs Roll,,,,2 Pc,60,120,,,,,,120,,
,,Chicken double eggs Roll,,,,1 Pc,100,100,,,,,,100,,
,,Chicken Boneless Half,,,,1 Pc,80,80,,,,,,80,,
,,Chicken Rice Half,,,,1 Pc,80,80,,,,,,80,,
,,Chiken boneless,,,,1 Pc,150,150,,,,,,150,,
,,Veg Schezwan Full,,,,1 Pc,130,130,,,,,,130,,
15/07/2025,INV-00409,Cash,,,,,,,,,,,,,0,1150
,,Veg roll,,,,2 Pc,45,90,,,,,,90,,
,,Paneer cheese roll,,,,2 Pc,80,160,,,,,,160,,
,,Chicken cheese roll,,,,2 Pc,90,180,,,,,,180,,
,,Chicken burger,,,,1 Pc,60,60,,,,,,60,,
,,Chicken roll,,,,1 Pc,80,80,,,,,,80,,
,,Chicken egg roll single,,,,4 Pc,90,360,,,,,,360,,
,,Chicken burger,,,,1 Pc,60,60,,,,,,60,,
,,Chicken roll,,,,2 Pc,80,160,,,,,,160,,
16/07/2025,INV-00410,Cash,,,,,,,,,,,,,0,2070
,,Veg roll,,,,1 Pc,45,45,,,,,,45,,
,,Egg Schezwan Rice,,,,1 Pc,80,80,,,,,,80,,
,,Veg Schezwan Noodles Half,,,,1 Pc,70,70,,,,,,70,,
,,Chicken combi roll,,,,1 Pc,100,100,,,,,,100,,
,,Chicken Schezwan Noodles Half,,,,1 Pc,90,90,,,,,,90,,
,,Chicken noodles,,,,1 Pc,150,150,,,,,,150,,
,,Chicken burger,,,,3 Pc,60,180,,,,,,180,,
,,Chicken noodles,,,,1 Pc,150,150,,,,,,150,,
,,Chicken fried rice,,,,1 Pc,150,150,,,,,,150,,
,,Chicken Double Cheese Burger,,,,3 Pc,85,255,,,,,,255,,
,,Chicken burger,,,,1 Pc,60,60,,,,,,60,,
,,Chicken fried rice,,,,2 Pc,150,300,,,,,,300,,
,,Chicken lolipop Full,,,,1 Pc,280,280,,,,,,280,,
,,Egg double burger,,,40,4 Pc,40,160,,,,,,160,,
17/07/2025,INV-00411,Cash,,,,,,,,,,,,,0,1625
,,Chicken roll,,,,1 Pc,80,80,,,,,,80,,
,,Chicken Double Cheese Burger,,,,3 Pc,85,255,,,,,,255,,
,,Chicken fried rice,,,,1.5 Pc,150,225,,,,,,225,,
,,Chicken Boneless Half,,,,1 Pc,85,85,,,,,,85,,
,,Chicken burger,,,,9 Pc,60,540,,,,,,540,,
,,Chicken Rice Half,,,,1 Pc,80,80,,,,,,80,,
,,Paratha,,,,2 Pc,25,50,,,,,,50,,
,,Chicken cheese roll,,,,1 Pc,90,90,,,,,,90,,
,,Chicken Noodles Half,,,,1 Pc,80,80,,,,,,80,,
,,Chicken Rice Half,,,,1 Pc,80,80,,,,,,80,,
,,Veg noodles Half,,,,1 Pc,60,60,,,,,,60,,
18/07/2025,INV-00412,Cash,,,,,,,,,,,,,0,2750
,,Chicken lolipop Full,,,,1 Pc,280,280,,,,,,280,,
,,Chicken Lolipop Half,,,,1 Pc,155,155,,,,,,155,,
,,Egg burger,,,,2 Pc,30,60,,,,,,60,,
,,Chicken cheese roll,,,,1 Pc,100,100,,,,,,100,,
,,Double eggs Roll,,,,1 Pc,60,60,,,,,,60,,
,,Veg Noodles,,,,1 Pc,110,110,,,,,,110,,
,,Egg roll,,,,2 Pc,50,100,,,,,,100,,
,,Chicken noodles,,,,4 Pc,150,600,,,,,,600,,
,,Chicken lolipop Full,,,,1 Pc,280,280,,,,,,280,,
,,Chiken Manchurian,,,,1 Pc,160,160,,,,,,160,,
,,Chicken noodles,,,,1 Pc,150,150,,,,,,150,,
,,Chiken Manchurian,,,,1 Pc,160,160,,,,,,160,,
,,Chiken boneless,,,,1 Pc,150,150,,,,,,150,,
,,Chicken egg roll single,,,,1 Pc,90,90,,,,,,90,,
,,Chicken roll,,,,1 Pc,80,80,,,,,,80,,
,,Paneer roll,,,,1 Pc,70,70,,,,,,70,,
,,Water 1 lit,,,,1 Pc,20,20,,,,,,20,,
,,Paratha,,,,5 Pc,25,125,,,,,,125,,
19/07/2025,INV-00413,Cash,,,,,,,,,,,,,0,560
,,Paratha,,,,4 Pc,25,100,,,,,,100,,
,,Chicken chilli,,,,1 Pc,200,200,,,,,,200,,
,,Chicken burger,,,,3 Pc,60,180,,,,,,180,,
,,Chicken roll,,,,1 Pc,80,80,,,,,,80,,
20/07/2025,INV-00414,Cash,,,,,,,,,,,,,0,1950
,,Paneer roll,,,,1 Pc,70,70,,,,,,70,,
,,Veg Noodles,,,,1 Pc,110,110,,,,,,110,,
,,Chicken Rice Half,,,,2 Pc,80,160,,,,,,160,,
,,Chicken Noodles Half,,,,1 Pc,80,80,,,,,,80,,
,,Chicken roll,,,,1 Pc,80,80,,,,,,80,,
,,Double eggs Roll,,,,2 Pc,60,120,,,,,,120,,
,,Veg roll,,,,1 Pc,45,45,,,,,,45,,
,,Chicken Rice Half,,,,1 Pc,80,80,,,,,,80,,
,,Chicken egg roll single,,,,2 Pc,90,180,,,,,,180,,
,,Chicken noodles,,,,1 Pc,150,150,,,,,,150,,
,,Chicken Noodles Half,,,,1 Pc,80,80,,,,,,80,,
,,Chicken Lolipop Half,,,,1 Pc,155,155,,,,,,155,,
,,Chicken Rice Half,,,,1 Pc,80,80,,,,,,80,,
,,Chicken roll,,,,1 Pc,80,80,,,,,,80,,
,,Double eggs Roll,,,,1 Pc,60,60,,,,,,60,,
,,Egg roll,,,,1 Pc,50,50,,,,,,50,,
,,Chicken fried rice,,,,2 Pc,150,300,,,,,,300,,
,,Paneer roll,,,,1 Pc,70,70,,,,,,70,,
21/07/2025,INV-00415,Cash,,,,,,,,,,,,,0,410
,,Veg noodles Half,,,,1 Pc,60,60,,,,,,60,,
,,Chicken roll,,,,2 Pc,80,160,,,,,,160,,
,,Veg noodles Half,,,,1 Pc,60,60,,,,,,60,,
,,Paratha,,,,2 Pc,25,50,,,,,,50,,
,,Chicken Rice Half,,,,1 Pc,80,80,,,,,,80,,
22/07/2025,INV-00416,Cash,,,,,,,,,,,,,0,2655
,,Veg Noodles,,,,1 Pc,110,110,,,,,,110,,
,,Chilli Half,,,,1 Pc,110,110,,,,,,110,,
,,Chicken cheese roll,,,,2 Pc,90,180,,,,,,180,,
,,Chicken lolipop Full,,,,1 Pc,280,280,,,,,,280,,
,,Paratha,,,,3 Pc,25,75,,,,,,75,,
,,Chilli Half,,,,1 Pc,110,110,,,,,,110,,
,,Water 1 lit,,,,1 Pc,20,20,,,,,,20,,
,,Chicken combi roll,,,,1 Pc,100,100,,,,,,100,,
,,Chicken chilli,,,,1 Pc,200,200,,,,,,200,,
,,Chicken Schezwan Rice,,,,3 Pc,90,270,,,,,,270,,
,,Chiken boneless,,,,1 Pc,150,150,,,,,,150,,
,,Chicken Boneless Half,,,,1 Pc,85,85,,,,,,85,,
,,Paratha,,,,1 Pc,25,25,,,,,,25,,
,,Egg roll,,,,1 Pc,50,50,,,,,,50,,
,,Chicken cheese roll,,,,1 Pc,90,90,,,,,,90,,
,,Chicken roll,,,,2 Pc,80,160,,,,,,160,,
,,Chicken fried rice,,,,2 Pc,150,300,,,,,,300,,
,,Chicken Lolipop Half,,,,1 Pc,155,155,,,,,,155,,
,,Veg roll,,,,1 Pc,45,45,,,,,,45,,
,,Veg noodles Half,,,,1 Pc,60,60,,,,,,60,,
,,Chicken roll,,,,1 Pc,80,80,,,,,,80,,
23/07/2025,INV-00417,Cash,,,,,,,,,,,,,0,1020
,,Paneer roll,,,,3 Pc,70,210,,,,,,210,,
,,Chicken Noodles Half,,,,2 Pc,80,160,,,,,,160,,
,,Veg noodles Half,,,,1 Pc,60,60,,,,,,60,,
,,Chicken Rice Half,,,,1 Pc,80,80,,,,,,80,,
,,Veg fried rice,,,,1 Pc,110,110,,,,,,110,,
,,Paneer chilli Half,,,,1 Pc,100,100,,,,,,100,,
,,Paratha,,,,2 Pc,25,50,,,,,,50,,
,,Paneer chilli Half,,,,1 Pc,100,100,,,,,,100,,
,,Paneer roll,,,,1 Pc,70,70,,,,,,70,,
,,Chicken Rice Half,,,,1 Pc,80,80,,,,,,80,,
24/07/2025,INV-00418,Cash,,,,,,,,,,,,,0,1735
,,Chicken crispy,,,,1 Pc,100,100,,,,,,100,,
,,Egg roll,,,,1 Pc,50,50,,,,,,50,,
,,Chicken schezwan,,,,1 Pc,170,170,,,,,,170,,
,,Chicken crispy,,,,3 Pc,100,300,,,,,,300,,
,,Chicken roll,,,,2 Pc,80,160,,,,,,160,,
,,Chicken noodles,,,,1 Pc,150,150,,,,,,150,,
,,Egg double burger,,,40,2 Pc,40,80,,,,,,80,,
,,Chicken egg roll single,,,,1 Pc,90,90,,,,,,90,,
,,Chicken lolipop Full,,,,1 Pc,280,280,,,,,,280,,
,,Paratha,,,,4 Pc,25,100,,,,,,100,,
,,Veg Manchurian Half,,,,1 Pc,100,100,,,,,,100,,
,,Egg burger,,,,1 Pc,30,30,,,,,,30,,
,,Paratha,,,,1 Pc,25,25,,,,,,25,,
,,Chicken crispy,,,,1 Pc,100,100,,,,,,100,,
25/07/2025,INV-00419,Cash,,,,,,,,,,,,,0,1810
,,Water 1 lit,,,,1 Pc,20,20,,,,,,20,,
,,Chicken egg roll single,,,,1 Pc,90,90,,,,,,90,,
,,Chicken roll,,,,2 Pc,80,160,,,,,,160,,
,,Paratha,,,,2 Pc,25,50,,,,,,50,,
,,Double eggs Roll,,,,1 Pc,60,60,,,,,,60,,
,,Chicken roll,,,,1 Pc,80,80,,,,,,80,,
,,Veg Schezwan Noodles Half,,,,1 Pc,70,70,,,,,,70,,
,,Chicken soup hot and sour,,,,1 Pc,90,90,,,,,,90,,
,,Chicken roll,,,,2 Pc,80,160,,,,,,160,,
,,Chicken fried rice,,,,2 Pc,150,300,,,,,,300,,
,,Chicken lolipop Full,,,,1 Pc,280,280,,,,,,280,,
,,Chicken cheese roll,,,,1 Pc,90,90,,,,,,90,,
,,Chicken chilli,,,,1 Pc,200,200,,,,,,200,,
,,Veg noodles Half,,,,1 Pc,60,60,,,,,,60,,
,,Egg roll,,,,2 Pc,50,100,,,,,,100,,
26/07/2025,INV-00420,Cash,,,,,,,,,,,,,0,2495
,,Chicken chilli,,,,1 Pc,200,200,,,,,,200,,
,,Paratha,,,,2 Pc,25,50,,,,,,50,,
,,Chicken lolipop Full,,,,1 Pc,280,280,,,,,,280,,
,,Chicken noodles,,,,1 Pc,150,150,,,,,,150,,
,,Chicken double eggs Roll,,,,1 Pc,100,100,,,,,,100,,
,,Chicken chilli,,,,1 Pc,200,200,,,,,,200,,
,,Paratha,,,,4 Pc,25,100,,,,,,100,,
,,Veg noodles Half,,,,2 Pc,60,120,,,,,,120,,
,,Chicken Rice Half,,,,1 Pc,80,80,,,,,,80,,
,,Egg roll,,,,4 Pc,50,200,,,,,,200,,
,,Paratha,,,,3 Pc,25,75,,,,,,75,,
,,Chicken chilli,,,,1 Pc,200,200,,,,,,200,,
,,Paratha,,,,2 Pc,25,50,,,,,,50,,
,,Chicken chilli,,,,1 Pc,200,200,,,,,,200,,
,,Paratha,,,,4 Pc,25,100,,,,,,100,,
,,Chicken Rice Half,,,,2 Pc,80,160,,,,,,160,,
,,Veg roll,,,,2 Pc,45,90,,,,,,90,,
,,Veg Rice Half,,,1,1 Pc,60,60,,,,,,60,,
,,Chicken roll,,,,1 Pc,80,80,,,,,,80,,
27/07/2025,INV-00421,Cash,,,,,,,,,,,,,0,2880
,,Chicken noodles,,,,2 Pc,150,300,,,,,,300,,
,,Chicken lolipop Full,,,,1 Pc,280,280,,,,,,280,,
,,Chicken Lolipop Half,,,,1 Pc,155,155,,,,,,155,,
,,Veg Noodles,,,,1 Pc,110,110,,,,,,110,,
,,Chicken Manchurian Half,,,,1 Pc,90,90,,,,,,90,,
,,Chicken crispy,,,,1 Pc,100,100,,,,,,100,,
,,Veg noodles Half,,,,1 Pc,60,60,,,,,,60,,
,,Chicken burger,,,,1 Pc,60,60,,,,,,60,,
,,Chicken Lolipop Half,,,,1 Pc,155,155,,,,,,155,,
,,Chicken cheese burger,,,,2 Pc,75,150,,,,,,150,,
,,Double eggs Roll,,,,3 Pc,60,180,,,,,,180,,
,,Chicken roll,,,,3 Pc,80,240,,,,,,240,,
,,Chicken noodles,,,,1 Pc,150,150,,,,,,150,,
,,Chicken Rice Half,,,,1 Pc,80,80,,,,,,80,,
,,Veg noodles Half,,,,1 Pc,60,60,,,,,,60,,
,,Paneer chilli,,,,1 Pc,180,180,,,,,,180,,
,,Veg fried rice,,,,1 Pc,110,110,,,,,,110,,
,,Chicken crispy,,,,2 Pc,100,200,,,,,,200,,
,,Paratha,,,,3 Pc,25,75,,,,,,75,,
,,Veg Manchurian Half,,,,1 Pc,75,75,,,,,,75,,
,,Double eggs Roll,,,,1 Pc,70,70,,,,,,70,,
28/07/2025,INV-00422,Cash,,,,,,,,,,,,,0,1950
,,Chiken boneless,,,,2 Pc,150,300,,,,,,300,,
,,Chicken noodles,,,,1 Pc,150,150,,,,,,150,,
,,Chicken burger,,,,4 Pc,60,240,,,,,,240,,
,,Egg roll,,,,1 Pc,50,50,,,,,,50,,
,,Chicken burger,,,,1 Pc,60,60,,,,,,60,,
,,Chicken Rice Half,,,,1 Pc,80,80,,,,,,80,,
,,Chicken Boneless Half,,,,1 Pc,85,85,,,,,,85,,
,,Egg roll,,,,1 Pc,50,50,,,,,,50,,
,,Water 1 lit,,,,1 Pc,20,20,,,,,,20,,
,,Double eggs Roll,,,,2 Pc,60,120,,,,,,120,,
,,Chicken roll,,,,1 Pc,80,80,,,,,,80,,
,,Paneer roll,,,,1 Pc,90,90,,,,,,90,,
,,Chicken burger,,,,2 Pc,60,120,,,,,,120,,
,,Veg roll,,,,4 Pc,45,180,,,,,,180,,
,,Chicken chilli,,,,1 Pc,200,200,,,,,,200,,
,,Paratha,,,,5 Pc,25,125,,,,,,125,,
29/07/2025,INV-00423,Cash,,,,,,,,,,,,,0,2245
,,Paneer cheese roll,,,,1 Pc,80,80,,,,,,80,,
,,Double eggs Roll,,,,1 Pc,60,60,,,,,,60,,
,,Paneer roll,,,,1 Pc,70,70,,,,,,70,,
,,Chicken egg roll single,,,,1 Pc,90,90,,,,,,90,,
,,Paneer cheese roll,,,,2 Pc,80,160,,,,,,160,,
,,Veg Rice Half,,,1,2 Pc,60,120,,,,,,120,,
,,Veg Noodles,,,,1 Pc,110,110,,,,,,110,,
,,Veg noodles Half,,,,1 Pc,60,60,,,,,,60,,
,,Chicken roll,,,,2 Pc,80,160,,,,,,160,,
,,Chicken roll,,,,2 Pc,80,160,,,,,,160,,
,,Chicken double eggs Roll,,,,1 Pc,100,100,,,,,,100,,
,,Chicken Noodles Half,,,,2 Pc,80,160,,,,,,160,,
,,Chiken boneless,,,,1 Pc,150,150,,,,,,150,,
,,Paratha,,,,1 Pc,25,25,,,,,,25,,
,,Chicken roll,,,,2 Pc,80,160,,,,,,160,,
,,Chicken Noodles Half,,,,1 Pc,80,80,,,,,,80,,
,,Chicken Rice Half,,,,1 Pc,80,80,,,,,,80,,
,,Chicken burger,,,,4 Pc,60,240,,,,,,240,,
,,Chicken Schezwan Rice,,,,1 Pc,90,90,,,,,,90,,
,,Chicken Manchurian Half,,,,1 Pc,90,90,,,,,,90,,
01/08/2025,INV-00424,Cash,,,,,,,,,,,,,0,1640
,,Chicken cheese burger,,,,1 Pc,75,75,,,,,,75,,
,,Chicken burger,,,,2 Pc,60,120,,,,,,120,,
,,Chicken burger,,,,1 Pc,60,60,,,,,,60,,
,,Chicken roll,,,,1 Pc,80,80,,,,,,80,,
,,Chicken cheese roll,,,,2 Pc,90,180,,,,,,180,,
,,Chicken Noodles Half,,,,1 Pc,80,80,,,,,,80,,
,,Chicken cheese burger,,,,5 Pc,75,375,,,,,,375,,
,,Veg Noodles,,,,1 Pc,110,110,,,,,,110,,
,,Egg roll,,,,1 Pc,50,50,,,,,,50,,
,,Chicken soup hot and sour,,,,1 Pc,50,50,,,,,,50,,
,,Chiken boneless,,,,1 Pc,190,190,,,,,,190,,
,,Paratha,,,,1 Pc,25,25,,,,,,25,,
,,Chicken Lolipop Half,,,,1 Pc,155,155,,,,,,155,,
,,Veg roll,,,,2 Pc,45,90,,,,,,90,,
02/08/2025,INV-00425,Cash,,,,,,,,,,,,,0,2279
,,Chicken lolipop Full,,,,1 Pc,280,280,,,,,,280,,
,,Paratha,,,,1 Pc,25,25,,,,,,25,,
,,Chicken burger,,,,4 Pc,60,240,,,,,,240,,
,,Chicken Noodles Half,,,,1 Pc,80,80,,,,,,80,,
,,Chicken cheese burger,,,,5 Pc,75,375,,,,,,375,,
,,Egg burger,,,,3 Pc,30,90,,,,,,90,,
,,Chicken roll,,,,1 Pc,80,80,,,,,,80,,
,,Chicken Noodles Half,,,,1 Pc,80,80,,,,,,80,,
,,Chilli Half,,,,1 Pc,110,110,,,,,,110,,
,,Veg Manchurian,,,,1 Pc,129,129,,,,,,129,,
,,Veg Schezwan Noodles Half,,,,1 Pc,70,70,,,,,,70,,
,,Paratha,,,,1 Pc,25,25,,,,,,25,,
,,Chicken Schezwan Rice,,,,1 Pc,90,90,,,,,,90,,
,,Chicken Rice Half,,,,1 Pc,80,80,,,,,,80,,
,,Chicken Noodles Half,,,,1 Pc,80,80,,,,,,80,,
,,Chiken boneless,,,,2 Pc,150,300,,,,,,300,,
,,Paratha,,,,1 Pc,25,25,,,,,,25,,
,,Double eggs Roll,,,,2 Pc,60,120,,,,,,120,,
03/08/2025,INV-00426,Cash,,,,,,,,,,,,,0,2695
,,Double eggs Roll,,,,2 Pc,60,120,,,,,,120,,
,,Chicken lolipop Full,,,,1 Pc,280,280,,,,,,280,,
,,Chiken boneless,,,,1 Pc,150,150,,,,,,150,,
,,Chicken noodles,,,,1 Pc,150,150,,,,,,150,,
,,Chicken double eggs Roll,,,,2 Pc,100,200,,,,,,200,,
,,Veg noodles Half,,,,1 Pc,60,60,,,,,,60,,
,,Chicken roll,,,,2 Pc,80,160,,,,,,160,,
,,Chicken Noodles Half,,,,1 Pc,80,80,,,,,,80,,
,,Chicken noodles,,,,1 Pc,150,150,,,,,,150,,
,,Chicken cheese roll,,,,1 Pc,90,90,,,,,,90,,
,,Paneer roll,,,,2 Pc,75,150,,,,,,150,,
,,Chiken boneless,,,,1 Pc,150,150,,,,,,150,,
,,Paratha,,,,4 Pc,25,100,,,,,,100,,
,,Chicken fried rice,,,,2 Pc,140,280,,,,,,280,,
,,Chicken chilli,,,,1 Pc,180,180,,,,,,180,,
,,Chicken cheese burger,,,,1 Pc,75,75,,,,,,75,,
,,Veg roll,,,,2 Pc,45,90,,,,,,90,,
,,Double eggs Roll,,,,3 Pc,60,180,,,,,,180,,
,,Veg noodles Half,,,,1 Pc,50,50,,,,,,50,,
04/08/2025,INV-00427,Cash,,,,,,,,,,,,,0,2750
,,Veg roll,,,,2 Pc,45,90,,,,,,90,,
,,Chicken roll,,,,3 Pc,80,240,,,,,,240,,
,,Chicken Rice Half,,,,1 Pc,80,80,,,,,,80,,
,,Double eggs Roll,,,,1 Pc,60,60,,,,,,60,,
,,Chicken roll,,,,1 Pc,80,80,,,,,,80,,
,,Egg roll,,,,1 Pc,50,50,,,,,,50,,
,,Chicken lolipop Full,,,,1 Pc,280,280,,,,,,280,,
,,Soup,,,,1 Pc,100,100,,,,,,100,,
,,Chicken chilli,,,,1 Pc,200,200,,,,,,200,,
,,Chicken combi roll,,,,2 Pc,120,240,,,,,,240,,
,,Chicken chilli,,,,1 Pc,200,200,,,,,,200,,
,,Paratha,,,,5 Pc,25,125,,,,,,125,,
,,Chicken fried rice,,,,1 Pc,150,150,,,,,,150,,
,,Chicken fried rice,,,,1 Pc,150,150,,,,,,150,,
,,Chicken chilli,,,,1 Pc,200,200,,,,,,200,,
,,Soup,,,,1 Pc,50,50,,,,,,50,,
,,Paneer noodles,,,,1 Pc,150,150,,,,,,150,,
,,Veg roll,,,,1 Pc,45,45,,,,,,45,,
,,Chicken crispy,,,,1 Pc,100,100,,,,,,100,,
,,Veg noodles Half,,,,1 Pc,60,60,,,,,,60,,
,,Chicken double eggs Roll,,,,1 Pc,100,100,,,,,,100,,
05/08/2025,INV-00428,Cash,,,,,,,,,,,,,0,1575
,,Chicken roll,,,,1 Pc,80,80,,,,,,80,,
,,Paneer roll,,,,1 Pc,70,70,,,,,,70,,
,,Veg roll,,,,1 Pc,45,45,,,,,,45,,
,,Chicken roll,,,,2 Pc,80,160,,,,,,160,,
,,Chicken Noodles Half,,,,1 Pc,80,80,,,,,,80,,
,,Paneer roll,,,,1 Pc,70,70,,,,,,70,,
,,Veg Rice Half,,,1,1 Pc,60,60,,,,,,60,,
,,Veg fried rice,,,,1 Pc,110,110,,,,,,110,,
,,Paneer chilli,,,,1 Pc,180,180,,,,,,180,,
,,Veg Noodles,,,,1 Pc,110,110,,,,,,110,,
,,Chiken Manchurian,,,,1 Pc,160,160,,,,,,160,,
,,Paratha,,,,2 Pc,25,50,,,,,,50,,
,,Paneer chilli Half,,,,1 Pc,100,100,,,,,,100,,
,,Chicken double eggs Roll,,,,1 Pc,100,100,,,,,,100,,
,,Chicken roll,,,,1 Pc,80,80,,,,,,80,,
,,Egg roll,,,,1 Pc,50,50,,,,,,50,,
,,Paneer roll,,,,1 Pc,70,70,,,,,,70,,
06/08/2025,INV-00429,Cash,,,,,,,,,,,,,0,720
,,Paneer cheese roll,,,,1 Pc,100,100,,,,,,100,,
,,Veg Noodles,,,,1 Pc,110,110,,,,,,110,,
,,Chicken burger,,,,2 Pc,60,120,,,,,,120,,
,,Chicken roll,,,,1 Pc,80,80,,,,,,80,,
,,Veg Noodles,,,,1 Pc,110,110,,,,,,110,,
,,Chicken crispy,,,,2 Pc,100,200,,,,,,200,,
07/08/2025,INV-00430,Cash,,,,,,,,,,,,,0,3035
,,Chicken Noodles Half,,,,2 Pc,80,160,,,,,,160,,
,,Chicken roll,,,,1 Pc,80,80,,,,,,80,,
,,Veg Burger,,,,1 Pc,50,50,,,,,,50,,
,,Double eggs Roll,,,,1 Pc,60,60,,,,,,60,,
,,Chicken burger,,,,1 Pc,60,60,,,,,,60,,
,,Veg Burger,,,,1 Pc,50,50,,,,,,50,,
,,Chicken roll,,,,4 Pc,80,320,,,,,,320,,
,,Veg Noodles,,,,1 Pc,110,110,,,,,,110,,
,,Chiken Manchurian,,,,1 Pc,160,160,,,,,,160,,
,,Water 1 lit,,,,1 Pc,20,20,,,,,,20,,
,,Chicken Rice Half,,,,1 Pc,80,80,,,,,,80,,
,,Veg noodles Half,,,,1 Pc,60,60,,,,,,60,,
,,Chicken roll,,,,3 Pc,80,240,,,,,,240,,
,,Double eggs Roll,,,,1 Pc,60,60,,,,,,60,,
,,Chilli Half,,,,1 Pc,110,110,,,,,,110,,
,,Chicken Rice Half,,,,1 Pc,80,80,,,,,,80,,
,,Chiken boneless,,,,1 Pc,150,150,,,,,,150,,
,,Paratha,,,,2 Pc,25,50,,,,,,50,,
,,Chicken Noodles Half,,,,1 Pc,80,80,,,,,,80,,
,,Chicken chilli,,,,1 Pc,200,200,,,,,,200,,
,,Veg Noodles,,,,1 Pc,110,110,,,,,,110,,
,,Chicken cheese roll,,,,2 Pc,90,180,,,,,,180,,
,,Chicken lolipop Full,,,,1 Pc,280,280,,,,,,280,,
,,Chicken roll,,,,1 Pc,80,80,,,,,,80,,
,,Veg cheese burger,,,,1 Pc,65,65,,,,,,65,,
,,Chicken burger,,,,1 Pc,60,60,,,,,,60,,
,,Chicken Noodles Half,,,,1 Pc,80,80,,,,,,80,,
08/08/2025,INV-00431,Cash,,,,,,,,,,,,,0,1860
,,Veg cheese burger,,,,1 Pc,65,65,,,,,,65,,
,,Water 1 lit,,,,1 Pc,20,20,,,,,,20,,
,,Chicken burger,,,,5 Pc,60,300,,,,,,300,,
,,Paneer roll,,,,2 Pc,70,140,,,,,,140,,
,,Veg Noodles,,,,1 Pc,110,110,,,,,,110,,
,,Paneer chilli,,,,1 Pc,180,180,,,,,,180,,
,,Chicken Rice Half,,,,1 Pc,80,80,,,,,,80,,
,,Chicken cheese roll,,,,1 Pc,90,90,,,,,,90,,
,,Veg noodles Half,,,,2 Pc,60,120,,,,,,120,,
,,Chicken Noodles Half,,,,2 Pc,80,160,,,,,,160,,
,,Water 1 lit,,,,1 Pc,20,20,,,,,,20,,
,,Chilli Half,,,,1 Pc,110,110,,,,,,110,,
,,Paratha,,,,2 Pc,25,50,,,,,,50,,
,,Water 1 lit,,,,1 Pc,20,20,,,,,,20,,
,,Chicken Rice Half,,,,1 Pc,80,80,,,,,,80,,
,,Chicken Lolipop Half,,,,1 Pc,155,155,,,,,,155,,
,,Chicken Noodles Half,,,,2 Pc,80,160,,,,,,160,,
09/08/2025,INV-00432,Cash,,,,,,,,,,,,,0,2316
,,Chicken cheese burger,,,,1 Pc,75,75,,,,,,75,,
,,Chicken Lolipop Half,,,,1 Pc,155,155,,,,,,155,,
,,Chicken burger,,,,2 Pc,60,120,,,,,,120,,
,,Chicken crispy,,,,1 Pc,100,100,,,,,,100,,
,,Double eggs Roll,,,,1 Pc,60,60,,,,,,60,,
,,Veg Manchurian,,,,1 Pc,129,129,,,,,,129,,
,,Veg Noodles,,,,1 Pc,110,110,,,,,,110,,
,,French fries,,,,2 Pc,55,110,,,,,,110,,
,,Veg Manchurian,,,,1 Pc,129,129,,,,,,129,,
,,Paneer fried rice,,,,1 Pc,150,150,,,,,,150,,
,,Chicken lolipop Full,,,,1 Pc,280,280,,,,,,280,,
,,Water 1 lit,,,,1 Pc,20,20,,,,,,20,,
,,Egg noodles,,,,1 Pc,130,130,,,,,,130,,
,,Veg noodles Half,,,,2 Pc,60,120,,,,,,120,,
,,Chicken burger,,,,2 Pc,60,120,,,,,,120,,
,,Chicken Lolipop Half,,,,1 Pc,155,155,,,,,,155,,
,,Chicken Noodles Half,,,,1 Pc,80,80,,,,,,80,,
,,Veg roll,,,,2 Pc,45,90,,,,,,90,,
,,Paneer chilli,,,,1 Pc,183,183,,,,,,183,,
10/08/2025,INV-00433,Cash,,,,,,,,,,,,,0,2250
,,Chicken double eggs Roll,,,,2 Pc,100,200,,,,,,200,,
,,Veg cheese burger,,,,3 Pc,65,195,,,,,,195,,
,,Chicken Boneless Half,,,,1 Pc,85,85,,,,,,85,,
,,Chicken burger,,,,2 Pc,60,120,,,,,,120,,
,,Chicken roll,,,,2 Pc,80,160,,,,,,160,,
,,Chicken noodles,,,,1 Pc,150,150,,,,,,150,,
,,Veg Noodles,,,,1 Pc,110,110,,,,,,110,,
,,Veg Manchurian,,,,1 Pc,130,130,,,,,,130,,
,,Egg roll,,,,1 Pc,50,50,,,,,,50,,
,,Egg noodles,,,,1 Pc,70,70,,,,,,70,,
,,Chicken Boneless Half,,,,1 Pc,85,85,,,,,,85,,
,,Paratha,,,,1 Pc,25,25,,,,,,25,,
,,Chicken Rice Half,,,,1 Pc,80,80,,,,,,80,,
,,Chicken burger,,,,1 Pc,60,60,,,,,,60,,
,,Paneer chilli,,,,1 Pc,180,180,,,,,,180,,
,,Paratha,,,,4 Pc,25,100,,,,,,100,,
,,Chiken boneless,,,,1 Pc,190,190,,,,,,190,,
,,Paratha,,,,4 Pc,25,100,,,,,,100,,
,,Chicken roll,,,,1 Pc,80,80,,,,,,80,,
,,Chicken roll,,,,1 Pc,80,80,,,,,,80,,
11/08/2025,INV-00434,Cash,,,,,,,,,,,,,0,2467
,,Chicken fried rice,,,,1 Pc,150,150,,,,,,150,,
,,Chicken burger,,,,1 Pc,60,60,,,,,,60,,
,,Veg Burger,,,,1 Pc,50,50,,,,,,50,,
,,Double eggs Roll,,,,1 Pc,60,60,,,,,,60,,
,,Egg roll,,,,1 Pc,52,52,,,,,,52,,
,,Chicken Noodles Half,,,,1 Pc,80,80,,,,,,80,,
,,Paneer chilli Half,,,,1 Pc,100,100,,,,,,100,,
,,Paratha,,,,4 Pc,25,100,,,,,,100,,
,,Paneer Noodles Half,,,,1 Pc,80,80,,,,,,80,,
,,Chicken Boneless Half,,,,1 Pc,85,85,,,,,,85,,
,,Chicken burger,,,,2 Pc,60,120,,,,,,120,,
,,Chicken Lolipop Half,,,,1 Pc,155,155,,,,,,155,,
,,Paratha,,,,3 Pc,25,75,,,,,,75,,
,,Double eggs Roll,,,,3 Pc,60,180,,,,,,180,,
,,Chicken Rice Half,,,,2 Pc,80,160,,,,,,160,,
,,Chicken crispy,,,,1 Pc,100,100,,,,,,100,,
,,Chicken Rice Half,,,,1 Pc,80,80,,,,,,80,,
,,Chicken burger,,,,2 Pc,60,120,,,,,,120,,
,,Chicken roll,,,,1 Pc,80,80,,,,,,80,,
,,Paratha,,,,5 Pc,25,125,,,,,,125,,
,,Paneer Chilli Full,,,,1 Pc,225,225,,,,,,225,,
,,Chicken Noodles Half,,,,1 Pc,80,80,,,,,,80,,
,,Chicken noodles,,,,1 Pc,150,150,,,,,,150,,
13/08/2025,INV-00435,Cash,,,,,,,,,,,,,0,3130
,,Chicken chilli,,,,1 Pc,200,200,,,,,,200,,
,,Chiken Manchurian,,,,1 Pc,160,160,,,,,,160,,
,,Chicken roll,,,,3 Pc,80,240,,,,,,240,,
,,Double eggs Roll,,,,1 Pc,60,60,,,,,,60,,
,,Double eggs Roll,,,,1 Pc,60,60,,,,,,60,,
,,Chicken cheese roll,,,,2 Pc,100,200,,,,,,200,,
,,Chicken noodles,,,,1 Pc,150,150,,,,,,150,,
,,Chiken boneless,,,,1 Pc,150,150,,,,,,150,,
,,Bone Chilli Half,,,,1 Pc,100,100,,,,,,100,,
,,Veg roll,,,,1 Pc,45,45,,,,,,45,,
,,Double eggs Roll,,,,1 Pc,60,60,,,,,,60,,
,,Egg burger,,,,1 Pc,30,30,,,,,,30,,
,,Double eggs Roll,,,,1 Pc,60,60,,,,,,60,,
,,Chicken chilli,,,,1 Pc,200,200,,,,,,200,,
,,Veg Double cheese Burger,,,,1 Pc,75,75,,,,,,75,,
,,Veg noodles Half,,,,1 Pc,60,60,,,,,,60,,
,,Chicken chilli,,,,2 Pc,200,400,,,,,,400,,
,,Chicken crispy,,,,1 Pc,100,100,,,,,,100,,
,,Chicken Rice Half,,,,1 Pc,80,80,,,,,,80,,
,,Veg Burger,,,,1 Pc,50,50,,,,,,50,,
,,Chicken burger,,,,3 Pc,60,180,,,,,,180,,
,,Egg roll,,,,1 Pc,50,50,,,,,,50,,
,,Water 1 lit,,,,2 Pc,20,40,,,,,,40,,
,,Veg noodles Half,,,,1 Pc,60,60,,,,,,60,,
,,Chicken roll,,,,1 Pc,80,80,,,,,,80,,
,,Double eggs Roll,,,,1 Pc,60,60,,,,,,60,,
,,Chicken roll,,,,1 Pc,80,80,,,,,,80,,
,,Chicken double eggs Roll,,,,1 Pc,100,100,,,,,,100,,
14/08/2025,INV-00436,Cash,,,,,,,,,,,,,0,1510
,,Chicken cheese roll,,,,1 Pc,90,90,,,,,,90,,
,,Veg Double cheese Burger,,,,4 Pc,75,300,,,,,,300,,
,,Chicken burger,,,,5 Pc,60,300,,,,,,300,,
,,Chicken roll,,,,2 Pc,80,160,,,,,,160,,
,,Veg Burger,,,,3 Pc,50,150,,,,,,150,,
,,Veg Noodles,,,,1 Pc,110,110,,,,,,110,,
,,Double eggs Roll,,,,1 Pc,60,60,,,,,,60,,
,,Veg Noodles,,,,1 Pc,110,110,,,,,,110,,
,,Paneer roll,,,,1 Pc,70,70,,,,,,70,,
,,Veg noodles Half,,,,1 Pc,60,60,,,,,,60,,
,,Chicken crispy,,,,1 Pc,100,100,,,,,,100,,
15/08/2025,INV-00437,Cash,,,,,,,,,,,,,0,2140
,,Chicken burger,,,,3 Pc,60,180,,,,,,180,,
,,Chicken burger,,,,1 Pc,60,60,,,,,,60,,
,,Chicken burger,,,,2 Pc,60,120,,,,,,120,,
,,Double eggs Roll,,,,1 Pc,60,60,,,,,,60,,
,,Paneer Rice Half,,,,2 Pc,80,160,,,,,,160,,
,,Chicken roll,,,,1 Pc,80,80,,,,,,80,,
,,Paneer roll,,,,1 Pc,70,70,,,,,,70,,
,,French fries,,,,1 Pc,55,55,,,,,,55,,
,,Chicken chilli,,,,1 Pc,200,200,,,,,,200,,
,,Chicken double eggs Roll,,,,1 Pc,100,100,,,,,,100,,
,,Double eggs Roll,,,,1 Pc,60,60,,,,,,60,,
,,Chicken roll,,,,1 Pc,80,80,,,,,,80,,
,,Double eggs Roll,,,,2 Pc,60,120,,,,,,120,,
,,Paneer roll,,,,1 Pc,70,70,,,,,,70,,
,,Chicken burger,,,,1 Pc,60,60,,,,,,60,,
,,Veg Burger,,,,4 Pc,50,200,,,,,,200,,
,,Paneer chilli,,,,1 Pc,180,180,,,,,,180,,
,,Chicken Boneless Half,,,,1 Pc,85,85,,,,,,85,,
,,Paratha,,,,2 Pc,25,50,,,,,,50,,
,,Chicken roll,,,,1 Pc,80,80,,,,,,80,,
,,Paneer roll,,,,1 Pc,70,70,,,,,,70,,
16/08/2025,INV-00438,Cash,,,,,,,,,,,,,0,1440
,,Chicken roll,,,,1 Pc,80,80,,,,,,80,,
,,Paneer roll,,,,1 Pc,70,70,,,,,,70,,
,,Veg Burger,,,,1 Pc,50,50,,,,,,50,,
,,Paneer roll,,,,3 Pc,70,210,,,,,,210,,
,,Chicken burger,,,,2 Pc,60,120,,,,,,120,,
,,Chicken chilli,,,,1 Pc,200,200,,,,,,200,,
,,Paratha,,,,4 Pc,25,100,,,,,,100,,
,,Chilli Half,,,,1 Pc,110,110,,,,,,110,,
,,Chicken chilli,,,,2.5 Pc,200,500,,,,,,500,,
17/08/2025,INV-00439,Cash,,,,,,,,,,,,,0,2210
,,Chicken Lolipop Half,,,,1 Pc,155,155,,,,,,155,,
,,Chicken burger,,,,2 Pc,60,120,,,,,,120,,
,,Veg Burger,,,,5 Pc,50,250,,,,,,250,,
,,Paneer chilli,,,,1 Pc,180,180,,,,,,180,,
,,Chicken noodles,,,,1 Pc,150,150,,,,,,150,,
,,Chicken burger,,,,1 Pc,60,60,,,,,,60,,
,,Chicken cheese burger,,,,3 Pc,75,225,,,,,,225,,
,,Chiken boneless,,,,1.5 Pc,150,225,,,,,,225,,
,,Chicken roll,,,,3 Pc,70,210,,,,,,210,,
,,Double eggs Roll,,,,3 Pc,60,180,,,,,,180,,
,,Veg Burger,,,,1 Pc,50,50,,,,,,50,,
,,French fries,,,,1 Pc,55,55,,,,,,55,,
,,Chiken boneless,,,,1 Pc,150,150,,,,,,150,,
,,Paratha,,,,4 Pc,25,100,,,,,,100,,
,,Chicken double eggs Roll,,,,1 Pc,100,100,,,,,,100,,
18/08/2025,INV-00440,Cash,,,,,,,,,,,,,0,3065
,,Veg Rice Half,,,1,1 Pc,60,60,,,,,,60,,
,,Paneer Schezwan Roll,,,,1 Pc,80,80,,,,,,80,,
,,Water 1 lit,,,,1 Pc,20,20,,,,,,20,,
,,Chicken crispy,,,,2 Pc,100,200,,,,,,200,,
,,Chicken Lolipop Half,,,,1 Pc,155,155,,,,,,155,,
,,Double eggs Roll,,,,5 Pc,60,300,,,,,,300,,
,,Chicken roll,,,,1 Pc,80,80,,,,,,80,,
,,Double eggs Roll,,,,1 Pc,60,60,,,,,,60,,
,,Chicken roll,,,,1 Pc,80,80,,,,,,80,,
,,Chicken cheese burger,,,,1 Pc,75,75,,,,,,75,,
,,Chiken boneless,,,,1 Pc,150,150,,,,,,150,,
,,Paratha,,,,2 Pc,25,50,,,,,,50,,
,,Veg Burger,,,,1 Pc,50,50,,,,,,50,,
,,Veg cheese burger,,,,1 Pc,65,65,,,,,,65,,
,,Chicken roll,,,,1 Pc,80,80,,,,,,80,,
,,Chicken roll,,,,1 Pc,80,80,,,,,,80,,
,,Double eggs Roll,,,,1 Pc,60,60,,,,,,60,,
,,Chicken burger,,,,1 Pc,60,60,,,,,,60,,
,,Chiken boneless,,,,2 Pc,150,300,,,,,,300,,
,,Veg roll,,,,2 Pc,45,90,,,,,,90,,
,,Chicken fried rice,,,,2 Pc,140,280,,,,,,280,,
,,Chicken chilli,,,,1 Pc,180,180,,,,,,180,,
,,Chicken double eggs Roll,,,,1 Pc,100,100,,,,,,100,,
,,Egg roll,,,,1 Pc,50,50,,,,,,50,,
,,Chicken roll,,,,2 Pc,80,160,,,,,,160,,
,,Chicken double eggs Roll,,,,2 Pc,100,200,,,,,,200,,
19/08/2025,INV-00441,Cash,,,,,,,,,,,,,0,1880
,,Veg roll,,,,2 Pc,45,90,,,,,,90,,
,,Paneer Noodles Half,,,,3 Pc,80,240,,,,,,240,,
,,Water 1 lit,,,,1 Pc,20,20,,,,,,20,,
,,Veg Burger,,,,1 Pc,50,50,,,,,,50,,
,,Chicken Noodles Half,,,,1 Pc,80,80,,,,,,80,,
,,Water 1 lit,,,,1 Pc,20,20,,,,,,20,,
,,Chiken boneless,,,,1 Pc,150,150,,,,,,150,,
,,Chicken fried rice,,,,3 Pc,140,420,,,,,,420,,
,,Egg roll,,,,1 Pc,50,50,,,,,,50,,
,,Paneer roll,,,,3 Pc,70,210,,,,,,210,,
,,Chiken boneless,,,,1 Pc,150,150,,,,,,150,,
,,Chicken Noodles Half,,,,1 Pc,80,80,,,,,,80,,
,,Chicken combi roll,,,,1 Pc,100,100,,,,,,100,,
,,Chicken Boneless Half,,,,1 Pc,85,85,,,,,,85,,
,,Chicken Boneless Half,,,,1 Pc,85,85,,,,,,85,,
,,Paratha,,,,2 Pc,25,50,,,,,,50,,
20/08/2025,INV-00442,Cash,,,,,,,,,,,,,0,3055
,,Chicken crispy,,,,1 Pc,100,100,,,,,,100,,
,,Chicken burger,,,,1 Pc,60,60,,,,,,60,,
,,Veg roll,,,,1 Pc,45,45,,,,,,45,,
,,Paneer roll,,,,2 Pc,70,140,,,,,,140,,
,,Chicken roll,,,,2 Pc,80,160,,,,,,160,,
,,Chiken boneless,,,,1 Pc,150,150,,,,,,150,,
,,Chicken Boneless Half,,,,1 Pc,85,85,,,,,,85,,
,,Paneer chilli,,,,1 Pc,180,180,,,,,,180,,
,,Chiken boneless,,,,1 Pc,150,150,,,,,,150,,
,,Paneer roll,,,,1 Pc,70,70,,,,,,70,,
,,Veg cheese burger,,,,1 Pc,65,65,,,,,,65,,
,,French fries,,,,1 Pc,55,55,,,,,,55,,
,,Double eggs Roll,,,,2 Pc,60,120,,,,,,120,,
,,Chicken roll,,,,2 Pc,80,160,,,,,,160,,
,,Chicken cheese roll,,,,2 Pc,90,180,,,,,,180,,
,,Chicken soup hot and sour,,,,1 Pc,90,90,,,,,,90,,
,,Veg Schezwan Full,,,,1 Pc,130,130,,,,,,130,,
,,Chicken Lolipop Half,,,,1 Pc,155,155,,,,,,155,,
,,Chicken chilli,,,,1 Pc,200,200,,,,,,200,,
,,Paratha,,,,2 Pc,25,50,,,,,,50,,
,,Egg roll,,,,2 Pc,50,100,,,,,,100,,
,,Double eggs Roll,,,,1 Pc,60,60,,,,,,60,,
,,Chicken crispy,,,,1 Pc,100,100,,,,,,100,,
,,Chicken fried rice,,,,2 Pc,150,300,,,,,,300,,
,,Chiken boneless,,,,1 Pc,150,150,,,,,,150,,
21/08/2025,INV-00443,Cash,,,,,,,,,,,,,0,1860
,,Chicken double eggs Roll,,,,2 Pc,100,200,,,,,,200,,
,,Chicken noodles,,,,1 Pc,150,150,,,,,,150,,
,,Veg Burger,,,,1 Pc,50,50,,,,,,50,,
,,Double eggs Roll,,,,1 Pc,60,60,,,,,,60,,
,,Chicken Noodles Half,,,,1 Pc,80,80,,,,,,80,,
,,Paneer roll,,,,2 Pc,70,140,,,,,,140,,
,,Paneer roll,,,,2 Pc,70,140,,,,,,140,,
,,Veg roll,,,,1 Pc,45,45,,,,,,45,,
,,Chicken roll,,,,2 Pc,80,160,,,,,,160,,
,,Chicken fried rice,,,,1 Pc,150,150,,,,,,150,,
,,Chicken burger,,,,2 Pc,60,120,,,,,,120,,
,,Chicken roll,,,,1 Pc,80,80,,,,,,80,,
,,Paneer Schezwan Roll,,,,1 Pc,80,80,,,,,,80,,
,,Paneer cheese roll,,,,1 Pc,80,80,,,,,,80,,
,,Veg Burger,,,,1 Pc,50,50,,,,,,50,,
,,Veg Noodles,,,,1 Pc,110,110,,,,,,110,,
,,Chicken Rice Half,,,,1 Pc,80,80,,,,,,80,,
,,Chicken Boneless Half,,,,1 Pc,85,85,,,,,,85,,
22/08/2025,INV-00444,Cash,,,,,,,,,,,,,0,2690
,,Chicken Rice Half,,,,1 Pc,80,80,,,,,,80,,
,,Chicken crispy,,,,1 Pc,100,100,,,,,,100,,
,,Veg Noodles,,,,1 Pc,110,110,,,,,,110,,
,,Chicken Lolipop Half,,,,1 Pc,155,155,,,,,,155,,
,,Chicken noodles,,,,1 Pc,150,150,,,,,,150,,
,,Egg burger,,,,1 Pc,30,30,,,,,,30,,
,,Chicken egg roll single,,,,2 Pc,90,180,,,,,,180,,
,,Water 1 lit,,,,1 Pc,20,20,,,,,,20,,
,,Chicken lolipop Full,,,,1 Pc,280,280,,,,,,280,,
,,Chiken boneless,,,,1 Pc,150,150,,,,,,150,,
,,Chicken noodles,,,,1 Pc,150,150,,,,,,150,,
,,Veg noodles Half,,,,1 Pc,60,60,,,,,,60,,
,,Chicken roll,,,,1 Pc,80,80,,,,,,80,,
,,Veg roll,,,,1 Pc,45,45,,,,,,45,,
,,Chicken burger,,,,1 Pc,60,60,,,,,,60,,
,,Chicken chilli,,,,1 Pc,200,200,,,,,,200,,
,,Chicken fried rice,,,,2 Pc,150,300,,,,,,300,,
,,Chicken Boneless Half,,,,1 Pc,85,85,,,,,,85,,
,,Paratha,,,,2 Pc,25,50,,,,,,50,,
,,Chicken roll,,,,2 Pc,80,160,,,,,,160,,
,,French fries,,,,1 Pc,55,55,,,,,,55,,
,,Double eggs Roll,,,,1 Pc,60,60,,,,,,60,,
,,Veg Manchurian,,,,1 Pc,130,130,,,,,,130,,
23/08/2025,INV-00445,Cash,,,,,,,,,,,,,0,2375
,,Chicken double eggs Roll,,,,1 Pc,100,100,,,,,,100,,
,,Chicken Boneless Half,,,,1 Pc,100,100,,,,,,100,,
,,Double eggs Roll,,,,1 Pc,60,60,,,,,,60,,
,,Chicken double eggs Roll,,,,2 Pc,100,200,,,,,,200,,
,,Veg Burger,,,,1 Pc,50,50,,,,,,50,,
,,Double eggs Roll,,,,1 Pc,60,60,,,,,,60,,
,,Chicken Rice Half,,,,1 Pc,80,80,,,,,,80,,
,,Veg noodles Half,,,,1 Pc,60,60,,,,,,60,,
,,Chicken noodles,,,,2 Pc,150,300,,,,,,300,,
,,Chicken roll,,,,2 Pc,80,160,,,,,,160,,
,,Chicken combi roll,,,,1 Pc,100,100,,,,,,100,,
,,Chicken double eggs Roll,,,,1 Pc,100,100,,,,,,100,,
,,Chicken roll,,,,1 Pc,80,80,,,,,,80,,
,,Paneer roll,,,,1 Pc,70,70,,,,,,70,,
,,Veg roll,,,,2 Pc,45,90,,,,,,90,,
,,Veg noodles Half,,,,1 Pc,60,60,,,,,,60,,
,,Chicken egg roll single,,,,3 Pc,90,270,,,,,,270,,
,,Water 1 lit,,,,1 Pc,20,20,,,,,,20,,
,,Chicken roll,,,,1 Pc,80,80,,,,,,80,,
,,Double eggs Roll,,,,1 Pc,60,60,,,,,,60,,
,,Chicken chilli,,,,1 Pc,200,200,,,,,,200,,
,,Paratha,,,,3 Pc,25,75,,,,,,75,,
24/08/2025,INV-00446,Cash,,,,,,,,,,,,,0,3985
,,Double eggs Roll,,,,1 Pc,60,60,,,,,,60,,
,,Veg Schezwan Noodles Half,,,,1 Pc,70,70,,,,,,70,,
,,Double eggs Roll,,,,1 Pc,60,60,,,,,,60,,
,,Chiken Manchurian,,,,1 Pc,160,160,,,,,,160,,
,,Veg roll,,,,1 Pc,45,45,,,,,,45,,
,,Paneer roll,,,,1 Pc,70,70,,,,,,70,,
,,Water 1 lit,,,,1 Pc,20,20,,,,,,20,,
,,Chicken roll,,,,1 Pc,80,80,,,,,,80,,
,,Chicken roll,,,,2 Pc,80,160,,,,,,160,,
,,Chicken noodles,,,,1 Pc,150,150,,,,,,150,,
,,Veg noodles Half,,,,1 Pc,60,60,,,,,,60,,
,,Veg noodles Half,,,,1 Pc,60,60,,,,,,60,,
,,Chicken roll,,,,1 Pc,80,80,,,,,,80,,
,,Water 1 lit,,,,1 Pc,20,20,,,,,,20,,
,,Veg roll,,,,1 Pc,45,45,,,,,,45,,
,,Chicken Noodles Half,,,,2 Pc,80,160,,,,,,160,,
,,Chicken roll,,,,2 Pc,80,160,,,,,,160,,
,,Chicken burger,,,,1 Pc,60,60,,,,,,60,,
,,Double eggs Roll,,,,4 Pc,60,240,,,,,,240,,
,,Chicken burger,,,,4 Pc,60,240,,,,,,240,,
,,Veg cheese burger,,,,2 Pc,65,130,,,,,,130,,
,,Chicken Double Cheese Burger,,,,2 Pc,85,170,,,,,,170,,
,,Chicken cheese roll,,,,3 Pc,90,270,,,,,,270,,
,,Chicken noodles,,,,1 Pc,150,150,,,,,,150,,
,,Chicken combi roll,,,,2 Pc,100,200,,,,,,200,,
,,Chicken chilli,,,,1 Pc,200,200,,,,,,200,,
,,Paratha,,,,4 Pc,25,100,,,,,,100,,
,,Soup,,,,1 Pc,100,100,,,,,,100,,
,,Paratha,,,,1 Pc,25,25,,,,,,25,,
,,Chilli Half,,,,1 Pc,110,110,,,,,,110,,
,,Chicken cheese roll,,,,2 Pc,90,180,,,,,,180,,
,,Chicken Noodles Half,,,,1 Pc,80,80,,,,,,80,,
,,Chicken Rice Half,,,,1 Pc,80,80,,,,,,80,,
,,Chicken Boneless Half,,,,1 Pc,85,85,,,,,,85,,
,,Double eggs Roll,,,,1 Pc,60,60,,,,,,60,,
,,Veg roll,,,,1 Pc,45,45,,,,,,45,,
26/08/2025,INV-00447,Cash,,,,,,,,,,,,,0,1705
,,Paneer Rice Half,,,,1 Pc,80,80,,,,,,80,,
,,French fries,,,,1 Pc,55,55,,,,,,55,,
,,Chicken burger,,,,5 Pc,60,300,,,,,,300,,
,,Chicken noodles,,,,1 Pc,150,150,,,,,,150,,
,,Veg Burger,,,,4 Pc,50,200,,,,,,200,,
,,Chicken double eggs Roll,,,,2 Pc,100,200,,,,,,200,,
,,Chicken burger,,,,1 Pc,60,60,,,,,,60,,
,,Chicken lolipop Full,,,,1 Pc,280,280,,,,,,280,,
,,Chiken boneless,,,,1 Pc,200,200,,,,,,200,,
,,Paratha,,,,4 Pc,25,100,,,,,,100,,
,,Chicken Rice Half,,,,1 Pc,80,80,,,,,,80,,
27/08/2025,INV-00448,Cash,,,,,,,,,,,,,0,1910
,,Paneer roll,,,,1 Pc,70,70,,,,,,70,,
,,Chicken roll,,,,1 Pc,80,80,,,,,,80,,
,,Chicken fried rice,,,,1 Pc,150,150,,,,,,150,,
,,Chiken boneless,,,,1 Pc,150,150,,,,,,150,,
,,Chicken double eggs Roll,,,,4 Pc,100,400,,,,,,400,,
,,Water 1 lit,,,,1 Pc,20,20,,,,,,20,,
,,Veg Noodles,,,,1 Pc,110,110,,,,,,110,,
,,Double eggs Roll,,,,3 Pc,60,180,,,,,,180,,
,,Chicken double eggs Roll,,,,1 Pc,100,100,,,,,,100,,
,,Chicken roll,,,,1 Pc,80,80,,,,,,80,,
,,Chiken boneless,,,,1 Pc,150,150,,,,,,150,,
,,Double eggs Roll,,,,1 Pc,60,60,,,,,,60,,
,,Veg Manchurian,,,,1.5 Pc,120,180,,,,,,180,,
,,Paneer chilli,,,,1 Pc,180,180,,,,,,180,,
28/08/2025,INV-00449,Cash,,,,,,,,,,,,,0,975
,,Chilli Half,,,,1 Pc,110,110,,,,,,110,,
,,Chicken Rice Half,,,,1 Pc,80,80,,,,,,80,,
,,Veg roll,,,,1 Pc,45,45,,,,,,45,,
,,Chicken burger,,,,1 Pc,60,60,,,,,,60,,
,,Double eggs Roll,,,,2 Pc,60,120,,,,,,120,,
,,Chicken burger,,,,1 Pc,60,60,,,,,,60,,
,,Chiken boneless,,,,1 Pc,150,150,,,,,,150,,
,,Double eggs Roll,,,,1 Pc,60,60,,,,,,60,,
,,Veg Burger,,,,1 Pc,50,50,,,,,,50,,
,,Chicken Rice Half,,,,1 Pc,80,80,,,,,,80,,
,,Chicken Rice Half,,,,1 Pc,80,80,,,,,,80,,
,,Chicken roll,,,,1 Pc,80,80,,,,,,80,,
29/08/2025,INV-00450,Cash,,,,,,,,,,,,,0,2305
,,French fries,,,,1 Pc,55,55,,,,,,55,,
,,Veg noodles Half,,,,1 Pc,60,60,,,,,,60,,
,,French fries,,,,1 Pc,55,55,,,,,,55,,
,,Double eggs Roll,,,,1 Pc,60,60,,,,,,60,,
,,Veg Noodles,,,,1 Pc,110,110,,,,,,110,,
,,French fries,,,,1 Pc,55,55,,,,,,55,,
,,Chicken Rice Half,,,,1 Pc,80,80,,,,,,80,,
,,Chicken Schezwan Rice,,,,1 Pc,90,90,,,,,,90,,
,,Chicken Noodles Half,,,,1 Pc,80,80,,,,,,80,,
,,Chicken crispy,,,,1 Pc,100,100,,,,,,100,,
,,French fries,,,,1 Pc,55,55,,,,,,55,,
,,Chicken fried rice,,,,1 Pc,150,150,,,,,,150,,
,,Veg roll,,,,1 Pc,45,45,,,,,,45,,
,,Veg Noodles,,,,1 Pc,110,110,,,,,,110,,
,,Chilli Half,,,,1 Pc,110,110,,,,,,110,,
,,Chicken combi roll,,,,1 Pc,100,100,,,,,,100,,
,,Chicken burger,,,,2 Pc,60,120,,,,,,120,,
,,Water 1 lit,,,,1 Pc,20,20,,,,,,20,,
,,Chicken noodles,,,,1 Pc,150,150,,,,,,150,,
,,Chicken cheese roll,,,,1 Pc,90,90,,,,,,90,,
,,Veg Noodles,,,,1 Pc,110,110,,,,,,110,,
,,Veg Noodles,,,,1 Pc,110,110,,,,,,110,,
,,Chilli Half,,,,1 Pc,110,110,,,,,,110,,
,,Chicken Boneless Half,,,,2 Pc,85,170,,,,,,170,,
,,Chilli Half,,,,1 Pc,110,110,,,,,,110,,
30/08/2025,INV-00451,Cash,,,,,,,,,,,,,0,1160
,,Chicken roll,,,,1 Pc,80,80,,,,,,80,,
,,Chicken Manchurian Half,,,,1 Pc,90,90,,,,,,90,,
,,Paratha,,,,1 Pc,25,25,,,,,,25,,
,,Double eggs Roll,,,,1 Pc,60,60,,,,,,60,,
,,Chicken burger,,,,1 Pc,60,60,,,,,,60,,
,,Chicken roll,,,,1 Pc,80,80,,,,,,80,,
,,Chicken roll,,,,1 Pc,80,80,,,,,,80,,
,,Veg cheese burger,,,,1 Pc,65,65,,,,,,65,,
,,Chicken lolipop Full,,,,1 Pc,280,280,,,,,,280,,
,,Double eggs Roll,,,,2 Pc,60,120,,,,,,120,,
,,Chilli Half,,,,2 Pc,110,220,,,,,,220,,
31/08/2025,INV-00452,Cash,,,,,,,,,,,,,0,235
,,Chicken double eggs Roll,,,,1 Pc,100,100,,,,,,100,,
,,Veg roll,,,,3 Pc,45,135,,,,,,135,,
03/09/2025,INV-00453,Cash,,,,,,,,,,,,,0,1820
,,Double eggs Roll,,,,2 Pc,60,120,,,,,,120,,
,,Water 1 lit,,,,3 Pc,20,60,,,,,,60,,
,,Chicken chilli,,,,1 Pc,200,200,,,,,,200,,
,,Chicken Noodles Half,,,,1 Pc,80,80,,,,,,80,,
,,Veg cheese burger,,,,2 Pc,65,130,,,,,,130,,
,,Chicken combi roll,,,,1 Pc,100,100,,,,,,100,,
,,Double eggs Roll,,,,4 Pc,60,240,,,,,,240,,
,,Chicken roll,,,,1 Pc,80,80,,,,,,80,,
,,Chicken burger,,,,2 Pc,60,120,,,,,,120,,
,,Veg roll,,,,1 Pc,45,45,,,,,,45,,
,,Chiken boneless,,,,2 Pc,150,300,,,,,,300,,
,,Chicken Noodles Half,,,,1 Pc,80,80,,,,,,80,,
,,Paneer roll,,,,1 Pc,70,70,,,,,,70,,
,,Veg roll,,,,1 Pc,45,45,,,,,,45,,
,,Chicken fried rice,,,,1 Pc,150,150,,,,,,150,,
04/09/2025,INV-00454,Cash,,,,,,,,,,,,,0,1125
,,Chicken roll,,,,1 Pc,80,80,,,,,,80,,
,,Water 1 lit,,,,2 Pc,20,40,,,,,,40,,
,,Veg Noodles,,,,1 Pc,110,110,,,,,,110,,
,,Veg noodles Half,,,,1 Pc,60,60,,,,,,60,,
,,Chicken Double Cheese Burger,,,,2 Pc,85,170,,,,,,170,,
,,Paneer roll,,,,2 Pc,70,140,,,,,,140,,
,,Chicken egg roll single,,,,1 Pc,90,90,,,,,,90,,
,,Double eggs Roll,,,,2 Pc,60,120,,,,,,120,,
,,Chicken Boneless Half,,,,1 Pc,85,85,,,,,,85,,
,,Chicken Rice Half,,,,1 Pc,80,80,,,,,,80,,
,,Paratha,,,,6 Pc,25,150,,,,,,150,,
05/09/2025,INV-00455,Cash,,,,,,,,,,,,,0,1300
,,Double eggs Roll,,,,2 Pc,60,120,,,,,,120,,
,,Double eggs Roll,,,,1 Pc,60,60,,,,,,60,,
,,Chicken double eggs Roll,,,,3 Pc,100,300,,,,,,300,,
,,Chicken noodles,,,,1 Pc,150,150,,,,,,150,,
,,Egg roll,,,,1 Pc,50,50,,,,,,50,,
,,Chicken double eggs Roll,,,,1 Pc,100,100,,,,,,100,,
,,Chicken roll,,,,1 Pc,80,80,,,,,,80,,
,,Chicken roll,,,,2 Pc,80,160,,,,,,160,,
,,Chicken double eggs Roll,,,,1 Pc,100,100,,,,,,100,,
,,Chicken roll,,,,1 Pc,80,80,,,,,,80,,
,,Water 1 lit,,,,1 Pc,20,20,,,,,,20,,
,,Chicken roll,,,,1 Pc,80,80,,,,,,80,,
06/09/2025,INV-00456,Cash,,,,,,,,,,,,,0,1090
,,Water 1 lit,,,,1 Pc,20,20,,,,,,20,,
,,Double eggs Roll,,,,1 Pc,60,60,,,,,,60,,
,,Chicken combi roll,,,,2 Pc,100,200,,,,,,200,,
,,Paneer Schezwan Roll,,,,2 Pc,80,160,,,,,,160,,
,,Chicken crispy,,,,1 Pc,100,100,,,,,,100,,
,,Veg Manchurian,,,,1 Pc,130,130,,,,,,130,,
,,Veg noodles Half,,,,1 Pc,60,60,,,,,,60,,
,,Chicken chilli,,,,1 Pc,200,200,,,,,,200,,
,,Chicken burger,,,,1 Pc,60,60,,,,,,60,,
,,Chicken combi roll,,,,1 Pc,100,100,,,,,,100,,
07/09/2025,INV-00457,Cash,,,,,,,,,,,,,0,1680
,,Chicken crispy,,,,1 Pc,100,100,,,,,,100,,
,,Chicken cheese burger,,,,1 Pc,75,75,,,,,,75,,
,,Chicken burger,,,,2 Pc,60,120,,,,,,120,,
,,Double eggs Roll,,,,2 Pc,60,120,,,,,,120,,
,,Chicken Lolipop Half,,,,1 Pc,155,155,,,,,,155,,
,,Chicken chilli,,,,1 Pc,200,200,,,,,,200,,
,,Veg noodles Half,,,,1 Pc,60,60,,,,,,60,,
,,Egg roll,,,,2 Pc,50,100,,,,,,100,,
,,Double eggs Roll,,,,2 Pc,60,120,,,,,,120,,
,,Chicken Noodles Half,,,,1 Pc,80,80,,,,,,80,,
,,Chiken boneless,,,,1 Pc,150,150,,,,,,150,,
,,Paratha,,,,8 Pc,25,200,,,,,,200,,
,,Chicken chilli,,,,1 Pc,200,200,,,,,,200,,
08/09/2025,INV-00458,Cash,,,,,,,,,,,,,0,920
,,Chicken burger,,,,1 Pc,60,60,,,,,,60,,
,,Egg roll,,,,1 Pc,50,50,,,,,,50,,
,,Paneer Schezwan Roll,,,,2 Pc,90,180,,,,,,180,,
,,Chicken fried rice,,,,2 Pc,150,300,,,,,,300,,
,,Chicken Manchurian Half,,,,1 Pc,90,90,,,,,,90,,
,,Veg Schezwan Noodles Half,,,,1 Pc,70,70,,,,,,70,,
,,Chilli Half,,,,1 Pc,110,110,,,,,,110,,
,,Chicken burger,,,,1 Pc,60,60,,,,,,60,,
09/09/2025,INV-00459,Cash,,,,,,,,,,,,,0,1425
,,Water 1 lit,,,,1 Pc,20,20,,,,,,20,,
,,Chicken Boneless Half,,,,1 Pc,85,85,,,,,,85,,
,,Veg noodles Half,,,,1 Pc,60,60,,,,,,60,,
,,Chicken Lolipop Half,,,,1 Pc,155,155,,,,,,155,,
,,Chicken cheese burger,,,,2 Pc,75,150,,,,,,150,,
,,Veg roll,,,,4 Pc,45,180,,,,,,180,,
,,Double eggs Roll,,,,1 Pc,60,60,,,,,,60,,
,,Veg roll,,,,1 Pc,45,45,,,,,,45,,
,,Veg Manchurian,,,,1 Pc,130,130,,,,,,130,,
,,Chicken Noodles Half,,,,1 Pc,80,80,,,,,,80,,
,,French fries,,,,2 Pc,55,110,,,,,,110,,
,,Chicken double eggs Roll,,,,2 Pc,100,200,,,,,,200,,
,,Chiken boneless,,,,1 Pc,150,150,,,,,,150,,
10/09/2025,INV-00460,Cash,,,,,,,,,,,,,0,2550
,,Chicken Rice Half,,,,1 Pc,90,90,,,,,,90,,
,,Chicken roll,,,,1 Pc,80,80,,,,,,80,,
,,Chicken roll,,,,1 Pc,80,80,,,,,,80,,
,,Double eggs Roll,,,,1 Pc,60,60,,,,,,60,,
,,Veg Rice Half,,,1,1 Pc,60,60,,,,,,60,,
,,Chicken noodles,,,,1 Pc,150,150,,,,,,150,,
,,Chicken roll,,,,1 Pc,80,80,,,,,,80,,
,,Chicken roll,,,,1 Pc,80,80,,,,,,80,,
,,Chicken cheese burger,,,,2 Pc,75,150,,,,,,150,,
,,Veg noodles Half,,,,1 Pc,60,60,,,,,,60,,
,,Double eggs Roll,,,,1 Pc,60,60,,,,,,60,,
,,Double eggs Roll,,,,1 Pc,60,60,,,,,,60,,
,,Chicken combi roll,,,,2 Pc,100,200,,,,,,200,,
,,Chicken roll,,,,5 Pc,80,400,,,,,,400,,
,,Chicken burger,,,,1 Pc,60,60,,,,,,60,,
,,Double eggs Roll,,,,2 Pc,60,120,,,,,,120,,
,,Chicken chilli,,,,1 Pc,200,200,,,,,,200,,
,,Chicken egg roll single,,,,4 Pc,90,360,,,,,,360,,
,,Chicken noodles,,,,1 Pc,150,150,,,,,,150,,
,,Egg roll,,,,1 Pc,50,50,,,,,,50,,
11/09/2025,INV-00462,Cash,,,,,,,,,,,,,0,2345
,,Chicken roll,,,,1 Pc,80,80,,,,,,80,,
,,Veg Burger,,,,3 Pc,50,150,,,,,,150,,
,,French fries,,,,1 Pc,55,55,,,,,,55,,
,,Chicken crispy,,,,1 Pc,100,100,,,,,,100,,
,,Chicken burger,,,,3 Pc,60,180,,,,,,180,,
,,Veg Noodles,,,,1 Pc,110,110,,,,,,110,,
,,Chicken Noodles Half,,,,2 Pc,80,160,,,,,,160,,
,,Chicken burger,,,,2 Pc,60,120,,,,,,120,,
,,Chicken roll,,,,2 Pc,80,160,,,,,,160,,
,,Egg roll,,,,3 Pc,50,150,,,,,,150,,
,,Chicken roll,,,,1 Pc,80,80,,,,,,80,,
,,Chicken roll,,,,1 Pc,80,80,,,,,,80,,
,,Paneer roll,,,,1 Pc,70,70,,,,,,70,,
,,Double eggs Roll,,,,1 Pc,60,60,,,,,,60,,
,,Chicken crispy,,,,1 Pc,100,100,,,,,,100,,
,,Chicken roll,,,,1 Pc,80,80,,,,,,80,,
,,Chicken roll,,,,2 Pc,80,160,,,,,,160,,
,,Veg roll,,,,1 Pc,45,45,,,,,,45,,
,,Chicken Noodles Half,,,,1 Pc,80,80,,,,,,80,,
,,Chicken Noodles Half,,,,1 Pc,80,80,,,,,,80,,
,,Veg Noodles,,,,1 Pc,110,110,,,,,,110,,
,,Chicken roll,,,,1 Pc,80,80,,,,,,80,,
,,French fries,,,,1 Pc,55,55,,,,,,55,,
12/09/2025,INV-00461,Cash,,,,,,,,,,,,,0,1355
,,Chicken crispy,,,,2 Pc,100,200,,,,,,200,,
,,Chicken roll,,,,3 Pc,80,240,,,,,,240,,
,,Veg noodles Half,,,,1 Pc,60,60,,,,,,60,,
,,French fries,,,,1 Pc,55,55,,,,,,55,,
,,Egg burger,,,,1 Pc,30,30,,,,,,30,,
,,Veg Burger,,,,1 Pc,50,50,,,,,,50,,
,,Chicken burger,,,,1 Pc,60,60,,,,,,60,,
,,Chicken crispy,,,,2 Pc,100,200,,,,,,200,,
,,Veg Burger,,,,2 Pc,50,100,,,,,,100,,
,,Water 1 lit,,,,1 Pc,20,20,,,,,,20,,
,,Double eggs Roll,,,,2 Pc,60,120,,,,,,120,,
,,Chicken roll,,,,2 Pc,80,160,,,,,,160,,
,,Veg Rice Half,,,1,1 Pc,60,60,,,,,,60,,
13/09/2025,INV-00463,Cash,,,,,,,,,,,,,0,1255
,,Chicken roll,,,,2 Pc,80,160,,,,,,160,,
,,Paneer Schezwan Noodles Half,,,,1 Pc,90,90,,,,,,90,,
,,Chicken burger,,,,1 Pc,60,60,,,,,,60,,
,,Veg Burger,,,,2 Pc,50,100,,,,,,100,,
,,Chicken burger,,,,4 Pc,60,240,,,,,,240,,
,,Chilli Half,,,,1 Pc,110,110,,,,,,110,,
,,Paratha,,,,2 Pc,25,50,,,,,,50,,
,,Soup,,,,1 Pc,110,110,,,,,,110,,
,,Chicken Lolipop Half,,,,1 Pc,155,155,,,,,,155,,
,,Double eggs Roll,,,,1 Pc,60,60,,,,,,60,,
,,Double eggs Roll,,,,2 Pc,60,120,,,,,,120,,
14/09/2025,INV-00464,Cash,,,,,,,,,,,,,0,1350
,,Chicken double eggs Roll,,,,2 Pc,100,200,,,,,,200,,
,,Paneer roll,,,,3 Pc,70,210,,,,,,210,,
,,Paneer roll,,,,1 Pc,70,70,,,,,,70,,
,,Veg Hot and sour Soup  Full,,,,1 Pc,70,70,,,,,,70,,
,,Chicken roll,,,,2 Pc,80,160,,,,,,160,,
,,Chicken cheese burger,,,,1 Pc,80,80,,,,,,80,,
,,Paneer roll,,,,1 Pc,70,70,,,,,,70,,
,,Chicken roll,,,,2 Pc,80,160,,,,,,160,,
,,Veg Manchurian Half,,,,2 Pc,75,150,,,,,,150,,
,,Paratha,,,,2 Pc,25,50,,,,,,50,,
,,Veg Manchurian,,,,1 Pc,130,130,,,,,,130,,
15/09/2025,INV-00465,Cash,,,,,,,,,,,,,0,820
,,Veg Noodles,,,,1 Pc,110,110,,,,,,110,,
,,Chicken Double Cheese Burger,,,,2 Pc,85,170,,,,,,170,,
,,French fries,,,,3 Pc,55,165,,,,,,165,,
,,Chicken combi roll,,,,1 Pc,100,100,,,,,,100,,
,,Veg Schezwan Full,,,,1 Pc,130,130,,,,,,130,,
,,Veg cheese burger,,,,1 Pc,65,65,,,,,,65,,
,,Chicken Noodles Half,,,,1 Pc,80,80,,,,,,80,,
16/09/2025,INV-00466,Cash,,,,,,,,,,,,,0,250
,,Chiken boneless,,,,1 Pc,150,150,,,,,,150,,
,,Egg roll,,,,2 Pc,50,100,,,,,,100,,
07/10/2025,INV-00467,Cash,,,,,,,,,,,,,0,1814
,,Veg cheese burger,,,,2 Pc,80,160,,,,,,160,,
,,Paneer roll,,,,1 Pc,70,70,,,,,,70,,
,,Chicken burger,,,,2 Pc,60,120,,,,,,120,,
,,French fries,,,,1 Pc,55,55,,,,,,55,,
,,Chicken crispy,,,,1 Pc,100,100,,,,,,100,,
,,Chicken noodles,,,,1 Pc,150,150,,,,,,150,,
,,Chiken boneless,,,,1 Pc,150,150,,,,,,150,,
,,Paratha,,,,5 Pc,25,125,,,,,,125,,
,,Veg Manchurian,,,,1 Pc,129,129,,,,,,129,,
,,Chicken chilli,,,,1 Pc,200,200,,,,,,200,,
,,Paratha,,,,3 Pc,25,75,,,,,,75,,
,,Veg Manchurian,,,,1 Pc,130,130,,,,,,130,,
,,Veg Noodles,,,,1 Pc,110,110,,,,,,110,,
,,Chicken roll,,,,3 Pc,80,240,,,,,,240,,
08/10/2025,INV-00468,Cash,,,,,,,,,,,,,0,1325
,,Double eggs Roll,,,,1 Pc,60,60,,,,,,60,,
,,Chicken Noodles Half,,,,1 Pc,80,80,,,,,,80,,
,,Chicken roll,,,,1 Pc,80,80,,,,,,80,,
,,Chicken burger,,,,2 Pc,60,120,,,,,,120,,
,,Double eggs Roll,,,,1 Pc,60,60,,,,,,60,,
,,Chicken roll,,,,5 Pc,80,400,,,,,,400,,
,,Double eggs Roll,,,,2 Pc,60,120,,,,,,120,,
,,Chicken roll,,,,2 Pc,80,160,,,,,,160,,
,,Chicken crispy,,,,1 Pc,100,100,,,,,,100,,
,,Chicken Boneless Half,,,,1 Pc,85,85,,,,,,85,,
,,Double eggs Roll,,,,1 Pc,60,60,,,,,,60,,
09/10/2025,INV-00469,Cash,,,,,,,,,,,,,0,3662
,,Chicken fried rice,,,,2 Pc,150,300,,,,,,300,,
,,Bone chilly,,,,1 Pc,180,180,,,,,,180,,
,,Veg Manchurian,,,,1 Pc,129,129,,,,,,129,,
,,Paratha,,,,2 Pc,25,50,,,,,,50,,
,,Chicken cheese roll,,,,1 Pc,90,90,,,,,,90,,
,,Chiken boneless,,,,1 Pc,150,150,,,,,,150,,
,,Chicken fried rice,,,,1 Pc,150,150,,,,,,150,,
,,Chicken double eggs Roll,,,,1 Pc,100,100,,,,,,100,,
,,Chicken noodles,,,,1 Pc,150,150,,,,,,150,,
,,Paneer roll,,,,1 Pc,70,70,,,,,,70,,
,,Double eggs Roll,,,,2 Pc,60,120,,,,,,120,,
,,Veg Manchurian Half,,,,1 Pc,75,75,,,,,,75,,
,,Egg roll,,,,1 Pc,50,50,,,,,,50,,
,,Veg Rice Half,,,1,1 Pc,60,60,,,,,,60,,
,,Chicken roll,,,,2 Pc,80,160,,,,,,160,,
,,Veg Manchurian,,,,1 Pc,129,129,,,,,,129,,
,,Veg Noodles,,,,1 Pc,110,110,,,,,,110,,
,,Veg Manchurian,,,,1 Pc,129,129,,,,,,129,,
,,Paneer chilli Half,,,,1 Pc,100,100,,,,,,100,,
,,Paratha,,,,9 Pc,25,225,,,,,,225,,
,,Paneer noodles,,,,1 Pc,150,150,,,,,,150,,
,,Chicken noodles,,,,1 Pc,150,150,,,,,,150,,
,,Double eggs Roll,,,,2 Pc,60,120,,,,,,120,,
,,Veg Manchurian Half,,,,1 Pc,75,75,,,,,,75,,
,,Paratha,,,,4 Pc,25,100,,,,,,100,,
,,Chicken Schezwan Rice,,,,2 Pc,90,180,,,,,,180,,
,,Egg  chicken roll,,,,4 Pc,90,360,,,,,,360,,
11/10/2025,INV-00470,Cash,,,,,,,,,,,,,0,700
,,Veg Burger,,,,1 Pc,50,50,,,,,,50,,
,,Veg roll,,,,1 Pc,45,45,,,,,,45,,
,,French fries,,,,1 Pc,55,55,,,,,,55,,
,,Chicken roll,,,,1 Pc,80,80,,,,,,80,,
,,Chicken double eggs Roll,,,,4 Pc,100,400,,,,,,400,,
,,Veg Manchurian Half,,,,1 Pc,70,70,,,,,,70,,
12/10/2025,INV-00471,Cash,,,,,,,,,,,,,0,2835
,,Veg fried rice,,,,10 Pc,110,1100,,,,,,1100,,
,,Paneer chilli,,,,4 Pc,180,720,,,,,,720,,
,,Veg cheese burger,,,,2 Pc,65,130,,,,,,130,,
,,Chicken noodles,,,,1 Pc,150,150,,,,,,150,,
,,Chicken Schezwan Rice,,,,2 Pc,90,180,,,,,,180,,
,,Chicken schezwan,,,,1 Pc,170,170,,,,,,170,,
,,Paneer chilli,,,,1 Pc,180,180,,,,,,180,,
,,Paneer chilli,,,,1 Pc,180,180,,,,,,180,,
,,Paratha,,,,1 Pc,25,25,,,,,,25,,
13/10/2025,INV-00472,Cash,,,,,,,,,,,,,0,1230
,,Double eggs Roll,,,,1 Pc,60,60,,,,,,60,,
,,Chicken roll,,,,1 Pc,80,80,,,,,,80,,
,,Egg fried rice,,,,1 Pc,130,130,,,,,,130,,
,,Chicken fried rice,,,,1 Pc,150,150,,,,,,150,,
,,Chicken fried rice,,,,1 Pc,150,150,,,,,,150,,
,,Chiken boneless,,,,1 Pc,150,150,,,,,,150,,
,,Chicken lolipop Full,,,,1 Pc,280,280,,,,,,280,,
,,Veg noodles Half,,,,1 Pc,60,60,,,,,,60,,
,,Chicken Noodles Half,,,,1 Pc,80,80,,,,,,80,,
,,Chicken egg roll single,,,,1 Pc,90,90,,,,,,90,,
14/10/2025,INV-00473,Cash,,,,,,,,,,,,,0,2379
,,Veg Burger,,,,4 Pc,50,200,,,,,,200,,
,,Veg noodles Half,,,,1 Pc,60,60,,,,,,60,,
,,Double eggs Roll,,,,2 Pc,60,120,,,,,,120,,
,,Chicken Manchurian Half,,,,1 Pc,90,90,,,,,,90,,
,,Veg Noodles,,,,1 Pc,110,110,,,,,,110,,
,,Chicken Rice Half,,,,1 Pc,80,80,,,,,,80,,
,,Chicken burger,,,,2 Pc,60,120,,,,,,120,,
,,Double eggs Roll,,,,2 Pc,60,120,,,,,,120,,
,,Chiken boneless,,,,2 Pc,150,300,,,,,,300,,
,,Egg roll,,,,1 Pc,50,50,,,,,,50,,
,,French fries,,,,2 Pc,55,110,,,,,,110,,
,,Veg Manchurian,,,,1 Pc,129,129,,,,,,129,,
,,Bone Chilli Half,,,,1 Pc,100,100,,,,,,100,,
,,Paratha,,,,2 Pc,25,50,,,,,,50,,
,,Chicken fried rice,,,,1 Pc,150,150,,,,,,150,,
,,Paratha,,,,2 Pc,25,50,,,,,,50,,
,,Veg Manchurian Half,,,,1 Pc,75,75,,,,,,75,,
,,Veg cheese burger,,,,1 Pc,65,65,,,,,,65,,
,,Chiken boneless,,,,1 Pc,150,150,,,,,,150,,
,,Chicken Noodles Half,,,,1 Pc,80,80,,,,,,80,,
,,Veg Noodles,,,,1 Pc,110,110,,,,,,110,,
,,Veg noodles Half,,,,1 Pc,60,60,,,,,,60,,
15/10/2025,INV-00474,Cash,,,,,,,,,,,,,0,1785
,,Chicken roll,,,,1 Pc,80,80,,,,,,80,,
,,Chicken Rice Half,,,,1 Pc,80,80,,,,,,80,,
,,Double eggs Roll,,,,2 Pc,60,120,,,,,,120,,
,,Veg Burger,,,,1 Pc,50,50,,,,,,50,,
,,Chicken Schezwan Noodles Half,,,,2 Pc,90,180,,,,,,180,,
,,Chicken roll,,,,1 Pc,80,80,,,,,,80,,
,,Paneer Noodles Half,,,,1 Pc,80,80,,,,,,80,,
,,Chicken cheese burger,,,,1 Pc,75,75,,,,,,75,,
,,Chiken boneless,,,,1 Pc,150,150,,,,,,150,,
,,Chicken Rice Half,,,,2 Pc,80,160,,,,,,160,,
,,Chilli Half,,,,1 Pc,110,110,,,,,,110,,
,,Egg burger,,,,2 Pc,30,60,,,,,,60,,
,,Veg roll,,,,1 Pc,45,45,,,,,,45,,
,,Chicken Rice Half,,,,1 Pc,80,80,,,,,,80,,
,,Veg noodles Half,,,,1 Pc,60,60,,,,,,60,,
,,Paneer cheese roll,,,,1 Pc,80,80,,,,,,80,,
,,Chicken roll,,,,1 Pc,80,80,,,,,,80,,
,,Chicken roll,,,,1 Pc,80,80,,,,,,80,,
,,French fries,,,,1 Pc,55,55,,,,,,55,,
,,Chicken Rice Half,,,,1 Pc,80,80,,,,,,80,,
16/10/2025,INV-00475,Cash,,,,,,,,,,,,,0,1270
,,Chicken chilli,,,,1 Pc,200,200,,,,,,200,,
,,Chicken burger,,,,2 Pc,60,120,,,,,,120,,
,,Veg roll,,,,2 Pc,45,90,,,,,,90,,
,,Chicken roll,,,,1 Pc,80,80,,,,,,80,,
,,Chicken schezwan,,,,1 Pc,170,170,,,,,,170,,
,,Chicken noodles,,,,1 Pc,150,150,,,,,,150,,
,,Chicken burger,,,,2 Pc,60,120,,,,,,120,,
,,Veg Noodles,,,,1 Pc,110,110,,,,,,110,,
,,Egg roll,,,,1 Pc,50,50,,,,,,50,,
,,Double eggs Roll,,,,3 Pc,60,180,,,,,,180,,
17/10/2025,INV-00476,Cash,,,,,,,,,,,,,0,825
,,Chicken roll,,,,1 Pc,80,80,,,,,,80,,
,,Egg burger,,,,2 Pc,30,60,,,,,,60,,
,,Veg Burger,,,,2 Pc,50,100,,,,,,100,,
,,Chiken boneless,,,,1 Pc,150,150,,,,,,150,,
,,Chicken noodles,,,,1 Pc,150,150,,,,,,150,,
,,Double eggs Roll,,,,2 Pc,60,120,,,,,,120,,
,,Veg roll,,,,1 Pc,45,45,,,,,,45,,
,,Veg Rice Half,,,1,1 Pc,60,60,,,,,,60,,
,,Egg burger,,,,2 Pc,30,60,,,,,,60,,
18/10/2025,INV-00477,Cash,,,,,,,,,,,,,0,3370
,,Chicken Rice Half,,,,1 Pc,80,80,,,,,,80,,
,,Veg Burger,,,,1 Pc,50,50,,,,,,50,,
,,Veg roll,,,,1 Pc,45,45,,,,,,45,,
,,Veg noodles Half,,,,1 Pc,60,60,,,,,,60,,
,,Veg Manchurian Half,,,,1 Pc,75,75,,,,,,75,,
,,Veg roll,,,,1 Pc,45,45,,,,,,45,,
,,Chicken burger,,,,4 Pc,60,240,,,,,,240,,
,,Chiken boneless,,,,1 Pc,150,150,,,,,,150,,
,,Chicken Rice Half,,,,1 Pc,80,80,,,,,,80,,
,,Double eggs Roll,,,,2 Pc,60,120,,,,,,120,,
,,Chicken crispy,,,,1 Pc,100,100,,,,,,100,,
,,French fries,,,,4 Pc,55,220,,,,,,220,,
,,Paneer chilli,,,,1 Pc,180,180,,,,,,180,,
,,Veg roll,,,,1 Pc,45,45,,,,,,45,,
,,Chicken double eggs Roll,,,,1 Pc,100,100,,,,,,100,,
,,Chicken Rice Half,,,,1 Pc,80,80,,,,,,80,,
,,Chicken cheese roll,,,,2 Pc,90,180,,,,,,180,,
,,Veg noodles Half,,,,1 Pc,60,60,,,,,,60,,
,,Chicken fried rice,,,,1 Pc,150,150,,,,,,150,,
,,Chicken Rice Half,,,,1 Pc,80,80,,,,,,80,,
,,Chiken Manchurian,,,,1 Pc,160,160,,,,,,160,,
,,Veg noodles Half,,,,1 Pc,60,60,,,,,,60,,
,,Veg Manchurian Half,,,,1 Pc,75,75,,,,,,75,,
,,Veg Schezwan Full,,,,1 Pc,130,130,,,,,,130,,
,,Veg Manchurian,,,,1 Pc,130,130,,,,,,130,,
,,Veg Manchurian Half,,,,1 Pc,75,75,,,,,,75,,
,,Paneer chilli,,,,3 Pc,180,540,,,,,,540,,
,,Veg Rice Half,,,1,1 Pc,60,60,,,,,,60,,
19/10/2025,INV-00478,Cash,,,,,,,,,,,,,0,3535
,,Paneer cheese roll,,,,2 Pc,80,160,,,,,,160,,
,,Paratha,,,,8 Pc,25,200,,,,,,200,,
,,Paneer chilli,,,,3 Pc,180,540,,,,,,540,,
,,Paneer chilli,,,,1 Pc,180,180,,,,,,180,,
,,Paneer cheese roll,,,,1 Pc,80,80,,,,,,80,,
,,Veg cheese burger,,,,1 Pc,65,65,,,,,,65,,
,,Double eggs Roll,,,,1 Pc,60,60,,,,,,60,,
,,Veg Noodles,,,,1 Pc,110,110,,,,,,110,,
,,Chicken noodles,,,,1 Pc,150,150,,,,,,150,,
,,Double eggs Roll,,,,1 Pc,60,60,,,,,,60,,
,,Veg Burger,,,,1 Pc,50,50,,,,,,50,,
,,French fries,,,,1 Pc,55,55,,,,,,55,,
,,Chicken roll,,,,2 Pc,80,160,,,,,,160,,
,,Double eggs Roll,,,,2 Pc,60,120,,,,,,120,,
,,Paratha,,,,5 Pc,25,125,,,,,,125,,
,,Veg roll,,,,3 Pc,45,135,,,,,,135,,
,,Chicken roll,,,,1 Pc,80,80,,,,,,80,,
,,Paneer Noodles Half,,,,2 Pc,80,160,,,,,,160,,
,,Paneer roll,,,,1 Pc,70,70,,,,,,70,,
,,Chicken roll,,,,1 Pc,80,80,,,,,,80,,
,,Chicken roll,,,,1 Pc,80,80,,,,,,80,,
,,Veg Noodles,,,,2 Pc,110,220,,,,,,220,,
,,Veg Burger,,,,1 Pc,50,50,,,,,,50,,
,,Chicken burger,,,,1 Pc,60,60,,,,,,60,,
,,Paneer chilli,,,,1 Pc,180,180,,,,,,180,,
,,Double eggs Roll,,,,1 Pc,60,60,,,,,,60,,
,,Paratha,,,,5 Pc,25,125,,,,,,125,,
,,Veg Manchurian,,,,1 Pc,120,120,,,,,,120,,
20/10/2025,INV-00479,Cash,,,,,,,,,,,,,0,2305
,,Chicken chilli,,,,1 Pc,200,200,,,,,,200,,
,,Chicken Rice Half,,,,4 Pc,80,320,,,,,,320,,
,,Chicken cheese burger,,,,1 Pc,75,75,,,,,,75,,
,,Chicken noodles,,,,2 Pc,150,300,,,,,,300,,
,,Chicken roll,,,,3 Pc,80,240,,,,,,240,,
,,Chicken Boneless Half,,,,1 Pc,90,90,,,,,,90,,
,,Chicken roll,,,,1 Pc,80,80,,,,,,80,,
,,Veg Burger,,,,1 Pc,50,50,,,,,,50,,
,,Double eggs Roll,,,,1 Pc,60,60,,,,,,60,,
,,Chicken Noodles Half,,,,1 Pc,80,80,,,,,,80,,
,,Chicken cheese burger,,,,1 Pc,75,75,,,,,,75,,
,,Chicken roll,,,,1 Pc,80,80,,,,,,80,,
,,Double eggs Roll,,,,1 Pc,60,60,,,,,,60,,
,,Chicken Rice Half,,,,1 Pc,80,80,,,,,,80,,
,,Veg noodles Half,,,,2 Pc,60,120,,,,,,120,,
,,Veg roll,,,,1 Pc,45,45,,,,,,45,,
,,Chicken chilli,,,,1 Pc,200,200,,,,,,200,,
,,Chicken noodles,,,,1 Pc,150,150,,,,,,150,,
21/10/2025,INV-00480,Cash,,,,,,,,,,,,,0,2009
,,Chicken crispy,,,,3 Pc,100,300,,,,,,300,,
,,Veg cheese burger,,,,3 Pc,65,195,,,,,,195,,
,,Chicken roll,,,,1 Pc,80,80,,,,,,80,,
,,Chicken combi roll,,,,1 Pc,100,100,,,,,,100,,
,,Chicken roll,,,,3 Pc,80,240,,,,,,240,,
,,Veg fried rice,,,,1 Pc,110,110,,,,,,110,,
,,Veg Manchurian Half,,,,1 Pc,75,75,,,,,,75,,
,,Veg noodles Half,,,,1 Pc,60,60,,,,,,60,,
,,Chicken roll,,,,4 Pc,80,320,,,,,,320,,
,,Veg cheese burger,,,,2 Pc,65,130,,,,,,130,,
,,Veg roll,,,,1 Pc,50,50,,,,,,50,,
,,Veg noodles Half,,,,1 Pc,60,60,,,,,,60,,
,,Chicken Noodles Half,,,,2 Pc,80,160,,,,,,160,,
,,Veg Manchurian,,,,1 Pc,129,129,,,,,,129,,
22/10/2025,INV-00481,Cash,,,,,,,,,,,,,0,2450
,,Veg Double cheese Burger,,,,2 Pc,75,150,,,,,,150,,
,,Paneer Manchurian,,,,1 Pc,155,155,,,,,,155,,
,,French fries,,,,1 Pc,55,55,,,,,,55,,
,,Paneer cheese roll,,,,3 Pc,80,240,,,,,,240,,
,,Chicken burger,,,,2 Pc,60,120,,,,,,120,,
,,Chicken roll,,,,1 Pc,80,80,,,,,,80,,
,,Chicken crispy,,,,1 Pc,100,100,,,,,,100,,
,,Chicken Noodles Half,,,,2 Pc,80,160,,,,,,160,,
,,Double eggs Roll,,,,1 Pc,60,60,,,,,,60,,
,,Veg Burger,,,,2 Pc,50,100,,,,,,100,,
,,Egg roll,,,,2 Pc,50,100,,,,,,100,,
,,Chicken fried rice,,,,1 Pc,140,140,,,,,,140,,
,,Chicken noodles,,,,1 Pc,140,140,,,,,,140,,
,,Chiken boneless,,,,1 Pc,140,140,,,,,,140,,
,,Veg Burger,,,,3 Pc,50,150,,,,,,150,,
,,Chicken burger,,,,1 Pc,60,60,,,,,,60,,
,,Chicken fried rice,,,,2 Pc,150,300,,,,,,300,,
,,Chilli Half,,,,1 Pc,110,110,,,,,,110,,
,,Veg roll,,,,2 Pc,45,90,,,,,,90,,
23/10/2025,INV-00482,Cash,,,,,,,,,,,,,0,1600
,,Veg noodles Half,,,,1 Pc,60,60,,,,,,60,,
,,Veg Rice Half,,,1,1 Pc,60,60,,,,,,60,,
,,Paneer cheese roll,,,,1 Pc,80,80,,,,,,80,,
,,Double eggs Roll,,,,1 Pc,60,60,,,,,,60,,
,,Double eggs Roll,,,,1 Pc,60,60,,,,,,60,,
,,Chicken burger,,,,1 Pc,60,60,,,,,,60,,
,,Chicken Noodles Half,,,,1 Pc,80,80,,,,,,80,,
,,Paratha,,,,3 Pc,25,75,,,,,,75,,
,,Veg Burger,,,,1 Pc,50,50,,,,,,50,,
,,Veg Noodles,,,,1 Pc,110,110,,,,,,110,,
,,Chicken burger,,,,2 Pc,60,120,,,,,,120,,
,,Chicken Rice Half,,,,1 Pc,80,80,,,,,,80,,
,,Veg noodles Half,,,,1 Pc,60,60,,,,,,60,,
,,Veg roll,,,,3 Pc,45,135,,,,,,135,,
,,Chicken Rice Half,,,,1 Pc,80,80,,,,,,80,,
,,Egg roll,,,,1 Pc,50,50,,,,,,50,,
,,Chicken roll,,,,1 Pc,80,80,,,,,,80,,
,,Paneer chilli Half,,,,1 Pc,100,100,,,,,,100,,
,,Paratha,,,,2 Pc,25,50,,,,,,50,,
,,Chicken noodles,,,,1 Pc,150,150,,,,,,150,,
24/10/2025,INV-00483,Cash,,,,,,,,,,,,,0,2475
,,Chicken burger,,,,1 Pc,60,60,,,,,,60,,
,,Veg noodles Half,,,,1 Pc,60,60,,,,,,60,,
,,French fries,,,,1 Pc,55,55,,,,,,55,,
,,Egg roll,,,,1 Pc,50,50,,,,,,50,,
,,Chicken burger,,,,2 Pc,60,120,,,,,,120,,
,,Double eggs Roll,,,,1 Pc,60,60,,,,,,60,,
,,Chicken double eggs Roll,,,,1 Pc,100,100,,,,,,100,,
,,Chicken combi roll,,,,1 Pc,100,100,,,,,,100,,
,,Egg burger,,,,1 Pc,30,30,,,,,,30,,
,,Egg burger,,,,2 Pc,45,90,,,,,,90,,
,,Chicken double eggs Roll,,,,1 Pc,100,100,,,,,,100,,
,,Chicken Double Cheese Burger,,,,4 Pc,85,340,,,,,,340,,
,,Chicken burger,,,,2 Pc,60,120,,,,,,120,,
,,Egg roll,,,,2 Pc,50,100,,,,,,100,,
,,Chicken chilli,,,,1 Pc,200,200,,,,,,200,,
,,Paratha,,,,3 Pc,25,75,,,,,,75,,
,,Paneer cheese roll,,,,1 Pc,100,100,,,,,,100,,
,,Double eggs Roll,,,,4 Pc,60,240,,,,,,240,,
,,Egg roll,,,,1 Pc,50,50,,,,,,50,,
,,Veg roll,,,,1 Pc,45,45,,,,,,45,,
,,Chicken noodles,,,,1 Pc,150,150,,,,,,150,,
,,Chicken Noodles Half,,,,1 Pc,80,80,,,,,,80,,
,,Paratha,,,,2 Pc,25,50,,,,,,50,,
,,Chicken Chilli Half,,,,1 Pc,100,100,,,,,,100,,
25/10/2025,INV-00484,Cash,,,,,,,,,,,,,0,1040
,,Chicken egg roll single,,,,1 Pc,90,90,,,,,,90,,
,,Veg Burger,,,,2 Pc,50,100,,,,,,100,,
,,Veg noodles Half,,,,1 Pc,60,60,,,,,,60,,
,,Double eggs Roll,,,,1 Pc,60,60,,,,,,60,,
,,Chicken cheese roll,,,,2 Pc,90,180,,,,,,180,,
,,Chicken Noodles Half,,,,2 Pc,80,160,,,,,,160,,
,,Chicken roll,,,,1 Pc,80,80,,,,,,80,,
,,Chilli Half,,,,1 Pc,110,110,,,,,,110,,
,,Chicken noodles,,,,1 Pc,150,150,,,,,,150,,
,,Paratha,,,,2 Pc,25,50,,,,,,50,,
08/11/2025,INV-00485,Cash,,,,,,,,,,,,,0,1230
,,Chicken combi roll,,,,3 Pc,100,300,,,,,,300,,
,,Chicken crispy,,,,1 Pc,100,100,,,,,,100,,
,,Chicken burger,,,,3 Pc,60,180,,,,,,180,,
,,French fries,,,,1 Pc,55,55,,,,,,55,,
,,Double eggs Roll,,,,2 Pc,60,120,,,,,,120,,
,,Chicken Lolipop Half,,,,1 Pc,155,155,,,,,,155,,
,,Double eggs Roll,,,,2 Pc,60,120,,,,,,120,,
,,Chicken chilli,,,,1 Pc,200,200,,,,,,200,,
09/11/2025,INV-00486,Cash,,,,,,,,,,,,,0,2355
,,Paneer cheese roll,,,,1 Pc,80,80,,,,,,80,,
,,Double eggs Roll,,,,2 Pc,60,120,,,,,,120,,
,,Chicken cheese roll,,,,2 Pc,90,180,,,,,,180,,
,,Double eggs Roll,,,,1 Pc,60,60,,,,,,60,,
,,Chicken roll,,,,1 Pc,80,80,,,,,,80,,
,,Veg roll,,,,1 Pc,45,45,,,,,,45,,
,,Chicken crispy,,,,2 Pc,100,200,,,,,,200,,
,,Chicken combi roll,,,,2 Pc,100,200,,,,,,200,,
,,Chiken boneless,,,,1 Pc,150,150,,,,,,150,,
,,Chicken Boneless Half,,,,1 Pc,85,85,,,,,,85,,
,,French fries,,,,2 Pc,55,110,,,,,,110,,
,,Chicken roll,,,,1 Pc,80,80,,,,,,80,,
,,Double eggs Roll,,,,6 Pc,60,360,,,,,,360,,
,,Chicken chilli,,,,1 Pc,180,180,,,,,,180,,
,,Chicken noodles,,,,1 Pc,140,140,,,,,,140,,
,,French fries,,,,1 Pc,55,55,,,,,,55,,
,,Paneer roll,,,,1 Pc,70,70,,,,,,70,,
,,Chicken Noodles Half,,,,2 Pc,80,160,,,,,,160,,
10/11/2025,INV-00487,Cash,,,,,,,,,,,,,0,845
,,Chicken Manchurian Half,,,,1 Pc,90,90,,,,,,90,,
,,Chicken roll,,,,3 Pc,80,240,,,,,,240,,
,,Double eggs Roll,,,,1 Pc,60,60,,,,,,60,,
,,Chicken noodles,,,,1 Pc,150,150,,,,,,150,,
,,Chiken boneless,,,,1.5 Pc,150,225,,,,,,225,,
,,Chicken Rice Half,,,,1 Pc,80,80,,,,,,80,,
11/11/2025,INV-00488,Cash,,,,,,,,,,,,,0,2135
,,Double eggs Roll,,,,3 Pc,60,180,,,,,,180,,
,,Chiken boneless,,,,1 Pc,150,150,,,,,,150,,
,,Paratha,,,,1 Pc,25,25,,,,,,25,,
,,Chicken cheese roll,,,,3 Pc,90,270,,,,,,270,,
,,Chicken roll,,,,1 Pc,80,80,,,,,,80,,
,,Paneer cheese roll,,,,2 Pc,80,160,,,,,,160,,
,,Chicken double eggs Roll,,,,2 Pc,100,200,,,,,,200,,
,,Chicken burger,,,,2 Pc,60,120,,,,,,120,,
,,French fries,,,,1 Pc,55,55,,,,,,55,,
,,Veg roll,,,,2 Pc,45,90,,,,,,90,,
,,Egg roll,,,,1 Pc,50,50,,,,,,50,,
,,Paneer roll,,,,1 Pc,70,70,,,,,,70,,
,,Chicken burger,,,,1 Pc,60,60,,,,,,60,,
,,Chiken boneless,,,,1 Pc,150,150,,,,,,150,,
,,Paratha,,,,3 Pc,25,75,,,,,,75,,
,,Chicken chilli,,,,2 Pc,200,400,,,,,,400,,
12/11/2025,INV-00489,Cash,,,,,,,,,,,,,0,300
,,Chicken roll,,,,2 Pc,80,160,,,,,,160,,
,,Chicken Rice Half,,,,1 Pc,80,80,,,,,,80,,
,,Chicken burger,,,,1 Pc,60,60,,,,,,60,,
13/11/2025,INV-00490,Cash,,,,,,,,,,,,,0,150
,,Chicken noodles,,,,1 Pc,150,150,,,,,,150,,
18/11/2025,INV-00491,Cash,,,,,,,,,,,,,0,1930
,,Chicken cheese roll,,,,1 Pc,90,90,,,,,,90,,
,,Veg noodles Half,,,,1 Pc,60,60,,,,,,60,,
,,Veg Hot and Sour Soup Half,,,,2 Pc,40,80,,,,,,80,,
,,Water 500 ml,,,,1 Pc,10,10,,,,,,10,,
,,Chicken Lolipop Half,,,,1 Pc,155,155,,,,,,155,,
,,Chicken Noodles Half,,,,1 Pc,80,80,,,,,,80,,
,,Chicken Noodles Half,,,,1 Pc,80,80,,,,,,80,,
,,Veg Hot and Sour Soup Half,,,,1 Pc,40,40,,,,,,40,,
,,Chicken crispy,,,,2 Pc,100,200,,,,,,200,,
,,Veg Schezwan Full,,,,1 Pc,130,130,,,,,,130,,
,,Veg Schezwan Noodles Half,,,,1 Pc,70,70,,,,,,70,,
,,Chicken cheese roll,,,,1 Pc,90,90,,,,,,90,,
,,French fries,,,,1 Pc,55,55,,,,,,55,,
,,Veg Burger,,,,1 Pc,50,50,,,,,,50,,
,,Double eggs Roll,,,,1 Pc,60,60,,,,,,60,,
,,Chicken roll,,,,2 Pc,80,160,,,,,,160,,
,,Chicken Rice Half,,,,2 Pc,80,160,,,,,,160,,
,,Chicken roll,,,,1 Pc,80,80,,,,,,80,,
,,Chicken lolipop Full,,,,1 Pc,280,280,,,,,,280,,
19/11/2025,INV-00492,Cash,,,,,,,,,,,,,0,2945
,,Chicken cheese roll,,,,2 Pc,90,180,,,,,,180,,
,,Paneer cheese roll,,,,1 Pc,80,80,,,,,,80,,
,,Paneer roll,,,,1 Pc,70,70,,,,,,70,,
,,Chicken burger,,,,1 Pc,60,60,,,,,,60,,
,,Chicken fried rice,,,,1 Pc,150,150,,,,,,150,,
,,Chicken burger,,,,2 Pc,60,120,,,,,,120,,
,,Chilli Half,,,,1 Pc,110,110,,,,,,110,,
,,Paratha,,,,3 Pc,25,75,,,,,,75,,
,,Double eggs Roll,,,,2 Pc,60,120,,,,,,120,,
,,Veg Burger,,,,1 Pc,50,50,,,,,,50,,
,,Chilli Half,,,,1 Pc,110,110,,,,,,110,,
,,Chicken chilli,,,,2 Pc,200,400,,,,,,400,,
,,Chicken fried rice,,,,2 Pc,150,300,,,,,,300,,
,,Chilli Half,,,,1 Pc,110,110,,,,,,110,,
,,Paneer cheese roll,,,,1 Pc,80,80,,,,,,80,,
,,Chicken Rice Half,,,,1 Pc,80,80,,,,,,80,,
,,Veg noodles Half,,,,1 Pc,60,60,,,,,,60,,
,,Chiken Manchurian,,,,1 Pc,160,160,,,,,,160,,
,,Chiken lollipop,,,,1 Pc,280,280,,,,,,280,,
,,Paratha,,,,6 Pc,25,150,,,,,,150,,
,,Chicken chilli,,,,1 Pc,200,200,,,,,,200,,
20/11/2025,INV-00493,Cash,,,,,,,,,,,,,0,2125
,,Paneer chilli,,,,1 Pc,180,180,,,,,,180,,
,,Paratha,,,,4 Pc,25,100,,,,,,100,,
,,Chicken noodles,,,,1 Pc,150,150,,,,,,150,,
,,Chicken Boneless Half,,,,1 Pc,80,80,,,,,,80,,
,,Chicken roll,,,,2 Pc,80,160,,,,,,160,,
,,Paneer roll,,,,1 Pc,70,70,,,,,,70,,
,,Chicken burger,,,,1 Pc,60,60,,,,,,60,,
,,Chicken cheese burger,,,,1 Pc,75,75,,,,,,75,,
,,Chicken crispy,,,,1 Pc,100,100,,,,,,100,,
,,Double eggs Roll,,,,1 Pc,60,60,,,,,,60,,
,,Chicken noodles,,,,1 Pc,150,150,,,,,,150,,
,,Veg Noodles,,,,1 Pc,110,110,,,,,,110,,
,,Chicken crispy,,,,1 Pc,100,100,,,,,,100,,
,,Chicken crispy,,,,1 Pc,100,100,,,,,,100,,
,,Veg cheese burger,,,,2 Pc,65,130,,,,,,130,,
,,Chicken soup hot and sour,,,,1 Pc,90,90,,,,,,90,,
,,Chicken Lolipop Half,,,,1 Pc,155,155,,,,,,155,,
,,Veg cheese burger,,,,1 Pc,65,65,,,,,,65,,
,,Chicken burger,,,,1 Pc,60,60,,,,,,60,,
,,Veg Schezwan Full,,,,1 Pc,130,130,,,,,,130,,
21/11/2025,INV-00494,Cash,,,,,,,,,,,,,0,1825
,,Paneer Schezwan Roll,,,,2 Pc,90,180,,,,,,180,,
,,Chicken Rice Half,,,,1 Pc,80,80,,,,,,80,,
,,Veg Burger,,,,1 Pc,50,50,,,,,,50,,
,,Soup,,,,1 Pc,50,50,,,,,,50,,
,,Veg noodles Half,,,,1 Pc,60,60,,,,,,60,,
,,Veg Manchurian Half,,,,1 Pc,75,75,,,,,,75,,
,,Chicken Boneless Half,,,,1 Pc,85,85,,,,,,85,,
,,Veg noodles Half,,,,1 Pc,60,60,,,,,,60,,
,,Chicken noodles,,,,1 Pc,150,150,,,,,,150,,
,,Veg Noodles,,,,1 Pc,110,110,,,,,,110,,
,,Chicken Rice Half,,,,1 Pc,80,80,,,,,,80,,
,,Veg Hot and Sour Soup Half,,,,1 Pc,40,40,,,,,,40,,
,,Veg cheese burger,,,,1 Pc,65,65,,,,,,65,,
,,Chicken cheese roll,,,,1 Pc,90,90,,,,,,90,,
,,Double eggs Roll,,,,1 Pc,60,60,,,,,,60,,
,,Double eggs Roll,,,,5 Pc,60,300,,,,,,300,,
,,Paneer chilli,,,,1 Pc,180,180,,,,,,180,,
,,Egg roll,,,,1 Pc,50,50,,,,,,50,,
,,Double eggs Roll,,,,1 Pc,60,60,,,,,,60,,
22/11/2025,INV-00495,Cash,,,,,,,,,,,,,0,2290
,,Paneer chilli,,,,1 Pc,180,180,,,,,,180,,
,,Paratha,,,,4 Pc,25,100,,,,,,100,,
,,Chicken noodles,,,,1 Pc,150,150,,,,,,150,,
,,Chicken roll,,,,1 Pc,80,80,,,,,,80,,
,,Chicken roll,,,,1 Pc,80,80,,,,,,80,,
,,Chicken Noodles Half,,,,1 Pc,80,80,,,,,,80,,
,,Chicken burger,,,,3 Pc,60,180,,,,,,180,,
,,French fries,,,,1 Pc,55,55,,,,,,55,,
,,Chicken roll,,,,1 Pc,80,80,,,,,,80,,
,,Egg burger,,,,1 Pc,30,30,,,,,,30,,
,,Chicken double eggs Roll,,,,1 Pc,100,100,,,,,,100,,
,,Chicken crispy,,,,1 Pc,100,100,,,,,,100,,
,,Veg roll,,,,3 Pc,45,135,,,,,,135,,
,,Veg Rice Half,,,1,1 Pc,60,60,,,,,,60,,
,,Chiken boneless,,,,1 Pc,150,150,,,,,,150,,
,,Chicken Rice Half,,,,1 Pc,80,80,,,,,,80,,
,,Chicken roll,,,,1 Pc,80,80,,,,,,80,,
,,Chicken double eggs Roll,,,,2 Pc,100,200,,,,,,200,,
,,Double eggs Roll,,,,1 Pc,60,60,,,,,,60,,
,,Chicken Boneless Half,,,,1 Pc,85,85,,,,,,85,,
,,Veg cheese burger,,,,1 Pc,65,65,,,,,,65,,
,,Chicken Boneless Half,,,,1 Pc,85,85,,,,,,85,,
,,Paratha,,,,3 Pc,25,75,,,,,,75,,
23/11/2025,INV-00496,Cash,,,,,,,,,,,,,0,2820
,,Chicken roll,,,,2 Pc,80,160,,,,,,160,,
,,Veg Noodles,,,,1 Pc,110,110,,,,,,110,,
,,Egg roll,,,,1 Pc,50,50,,,,,,50,,
,,Chicken roll,,,,3 Pc,80,240,,,,,,240,,
,,Chicken schezwan,,,,1 Pc,170,170,,,,,,170,,
,,Chicken combi roll,,,,1 Pc,100,100,,,,,,100,,
,,Double eggs Roll,,,,3 Pc,60,180,,,,,,180,,
,,Chicken burger,,,,1 Pc,60,60,,,,,,60,,
,,Chicken roll,,,,1 Pc,80,80,,,,,,80,,
,,Chicken cheese burger,,,,3 Pc,75,225,,,,,,225,,
,,French fries,,,,3 Pc,55,165,,,,,,165,,
,,Soup,,,,2 Pc,90,180,,,,,,180,,
,,Chiken lollipop,,,,1 Pc,280,280,,,,,,280,,
,,Chicken chilli,,,,1 Pc,200,200,,,,,,200,,
,,Chicken crispy,,,,2 Pc,100,200,,,,,,200,,
,,Egg Schezwan Rice,,,,1 Pc,80,80,,,,,,80,,
,,Double eggs Roll,,,,1 Pc,60,60,,,,,,60,,
,,Chicken lolipop Full,,,,1 Pc,280,280,,,,,,280,,
24/11/2025,INV-00497,Cash,,,,,,,,,,,,,0,1520
,,Chicken combi roll,,,,1 Pc,100,100,,,,,,100,,
,,Double eggs Roll,,,,3 Pc,60,180,,,,,,180,,
,,Chicken roll,,,,2 Pc,80,160,,,,,,160,,
,,Veg Burger,,,,1 Pc,50,50,,,,,,50,,
,,Chicken combi roll,,,,1 Pc,100,100,,,,,,100,,
,,Double eggs Roll,,,,1 Pc,60,60,,,,,,60,,
,,Chicken Schezwan Rice,,,,1 Pc,90,90,,,,,,90,,
,,Chicken burger,,,,2 Pc,60,120,,,,,,120,,
,,Chicken cheese roll,,,,2 Pc,90,180,,,,,,180,,
,,Chicken combi roll,,,,2 Pc,100,200,,,,,,200,,
,,Chiken boneless,,,,1 Pc,150,150,,,,,,150,,
,,Chicken Rice Half,,,,1 Pc,80,80,,,,,,80,,
,,Veg Burger,,,,1 Pc,50,50,,,,,,50,,
25/11/2025,INV-00498,Cash,,,,,,,,,,,,,0,675
,,Chicken roll,,,,1 Pc,80,80,,,,,,80,,
,,Veg Burger,,,,2 Pc,50,100,,,,,,100,,
,,Chicken roll,,,,2 Pc,80,160,,,,,,160,,
,,Paratha,,,,6 Pc,25,150,,,,,,150,,
,,Chicken roll,,,,1 Pc,80,80,,,,,,80,,
,,Veg Burger,,,,1 Pc,50,50,,,,,,50,,
,,French fries,,,,1 Pc,55,55,,,,,,55,,
26/11/2025,INV-00499,Cash,,,,,,,,,,,,,0,200
,,Chicken combi roll,,,,2 Pc,100,200,,,,,,200,,
27/11/2025,INV-00500,Cash,,,,,,,,,,,,,0,360
,,Chicken lolipop Full,,,,1 Pc,280,280,,,,,,280,,
,,Chicken roll,,,,1 Pc,80,80,,,,,,80,,
28/11/2025,INV-00501,Cash,,,,,,,,,,,,,0,1245
,,Veg roll,,,,1 Pc,45,45,,,,,,45,,
,,Chicken burger,,,,2 Pc,60,120,,,,,,120,,
,,French fries,,,,1 Pc,55,55,,,,,,55,,
,,Egg burger,,,,1 Pc,30,30,,,,,,30,,
,,Veg Burger,,,,1 Pc,50,50,,,,,,50,,
,,Chicken Schezwan Noodles Half,,,,1 Pc,90,90,,,,,,90,,
,,Veg cheese burger,,,,1 Pc,65,65,,,,,,65,,
,,French fries,,,,1 Pc,55,55,,,,,,55,,
,,Chicken cheese burger,,,,2 Pc,75,150,,,,,,150,,
,,Double eggs Roll,,,,1 Pc,60,60,,,,,,60,,
,,Double eggs Roll,,,,1 Pc,60,60,,,,,,60,,
,,Chiken boneless,,,,2 Pc,150,300,,,,,,300,,
,,Chicken Double Cheese Burger,,,,1 Pc,85,85,,,,,,85,,
,,Chicken Rice Half,,,,1 Pc,80,80,,,,,,80,,
29/11/2025,INV-00502,Cash,,,,,,,,,,,,,0,1745
,,Veg roll,,,,1 Pc,45,45,,,,,,45,,
,,Chicken combi roll,,,,1 Pc,100,100,,,,,,100,,
,,Chicken cheese roll,,,,1 Pc,90,90,,,,,,90,,
,,Chicken noodles,,,,1 Pc,150,150,,,,,,150,,
,,Double eggs Roll,,,,1 Pc,60,60,,,,,,60,,
,,Egg burger,,,,2 Pc,30,60,,,,,,60,,
,,Chicken roll,,,,2 Pc,80,160,,,,,,160,,
,,Paneer cheese roll,,,,1 Pc,80,80,,,,,,80,,
,,Chicken roll,,,,1 Pc,80,80,,,,,,80,,
,,Chicken Rice Half,,,,1 Pc,80,80,,,,,,80,,
,,Double eggs Roll,,,,1 Pc,60,60,,,,,,60,,
,,Veg roll,,,,2 Pc,45,90,,,,,,90,,
,,Chicken cheese burger,,,,2 Pc,75,150,,,,,,150,,
,,Chicken roll,,,,1 Pc,80,80,,,,,,80,,
,,Chicken Rice Half,,,,1 Pc,80,80,,,,,,80,,
,,Veg Rice Half,,,1,1 Pc,60,60,,,,,,60,,
,,Chicken roll,,,,3 Pc,80,240,,,,,,240,,
,,Chicken Noodles Half,,,,1 Pc,80,80,,,,,,80,,
30/11/2025,INV-00503,Cash,,,,,,,,,,,,,0,1970
,,Veg Burger,,,,2 Pc,50,100,,,,,,100,,
,,Chicken noodles,,,,2 Pc,150,300,,,,,,300,,
,,Chicken Noodles Half,,,,1 Pc,80,80,,,,,,80,,
,,Paneer roll,,,,1 Pc,70,70,,,,,,70,,
,,Chicken Rice Half,,,,1 Pc,80,80,,,,,,80,,
,,Chicken roll,,,,2 Pc,80,160,,,,,,160,,
,,Chicken egg roll single,,,,3 Pc,90,270,,,,,,270,,
,,Chicken burger,,,,1 Pc,60,60,,,,,,60,,
,,Chicken crispy,,,,2 Pc,100,200,,,,,,200,,
,,Chicken Rice Half,,,,2 Pc,80,160,,,,,,160,,
,,Chicken burger,,,,1 Pc,60,60,,,,,,60,,
,,Veg Noodles,,,,1 Pc,110,110,,,,,,110,,
,,Veg noodles Half,,,,1 Pc,60,60,,,,,,60,,
,,Veg noodles Half,,,,1 Pc,60,60,,,,,,60,,
,,Chicken Rice Half,,,,1 Pc,80,80,,,,,,80,,
,,Double eggs Roll,,,,2 Pc,60,120,,,,,,120,,
02/12/2025,INV-00504,Cash,,,,,,,,,,,,,0,1724
,,Chicken lolipop Full,,,,1 Pc,280,280,,,,,,280,,
,,Veg Manchurian,,,,1 Pc,129,129,,,,,,129,,
,,Chicken combi roll,,,,3 Pc,100,300,,,,,,300,,
,,Paneer chilli,,,,1 Pc,180,180,,,,,,180,,
,,Veg fried rice,,,,1 Pc,110,110,,,,,,110,,
,,Chicken crispy,,,,1 Pc,100,100,,,,,,100,,
,,Chicken double eggs Roll,,,,1 Pc,100,100,,,,,,100,,
,,Chicken roll,,,,1 Pc,80,80,,,,,,80,,
,,Chilli Half,,,,1 Pc,110,110,,,,,,110,,
,,Paratha,,,,2 Pc,25,50,,,,,,50,,
,,Chicken crispy,,,,1 Pc,100,100,,,,,,100,,
,,Egg cheese burger,,,35,1 Pc,35,35,,,,,,35,,
,,Chicken fried rice,,,,1 Pc,150,150,,,,,,150,,
03/12/2025,INV-00505,Cash,,,,,,,,,,,,,0,1075
,,Chicken noodles,,,,2 Pc,150,300,,,,,,300,,
,,Chicken crispy,,,,1 Pc,100,100,,,,,,100,,
,,Paratha,,,,3 Pc,25,75,,,,,,75,,
,,Chicken roll,,,,1 Pc,80,80,,,,,,80,,
,,Chicken roll,,,,2 Pc,80,160,,,,,,160,,
,,Double eggs Roll,,,,1 Pc,60,60,,,,,,60,,
,,Double eggs Roll,,,,2 Pc,60,120,,,,,,120,,
,,Veg Burger,,,,1 Pc,50,50,,,,,,50,,
,,Veg Manchurian,,,,1 Pc,130,130,,,,,,130,,
04/12/2025,INV-00506,Cash,,,,,,,,,,,,,0,2200
,,Chicken Noodles Half,,,,1 Pc,80,80,,,,,,80,,
,,Paneer roll,,,,2 Pc,70,140,,,,,,140,,
,,Paneer cheese roll,,,,1 Pc,80,80,,,,,,80,,
,,Veg Burger,,,,1 Pc,50,50,,,,,,50,,
,,Chicken Rice Half,,,,1 Pc,80,80,,,,,,80,,
,,Chiken boneless,,,,1 Pc,150,150,,,,,,150,,
,,Chicken roll,,,,2 Pc,80,160,,,,,,160,,
,,Chicken noodles,,,,1 Pc,150,150,,,,,,150,,
,,Veg Manchurian Half,,,,1 Pc,75,75,,,,,,75,,
,,French fries,,,,2 Pc,55,110,,,,,,110,,
,,Veg Double cheese Burger,,,,1 Pc,75,75,,,,,,75,,
,,Chicken cheese roll,,,,2 Pc,90,180,,,,,,180,,
,,Egg roll,,,,1 Pc,50,50,,,,,,50,,
,,Chicken burger,,,,1 Pc,60,60,,,,,,60,,
,,Chicken noodles,,,,3 Pc,140,420,,,,,,420,,
,,Chicken chilli,,,,1 Pc,180,180,,,,,,180,,
,,Veg noodles Half,,,,1 Pc,60,60,,,,,,60,,
,,Paneer chilli Half,,,,1 Pc,100,100,,,,,,100,,
05/12/2025,INV-00507,Cash,,,,,,,,,,,,,0,1520
,,Veg noodles Half,,,,1 Pc,60,60,,,,,,60,,
,,Double eggs Roll,,,,1 Pc,60,60,,,,,,60,,
,,Chicken burger,,,,1 Pc,60,60,,,,,,60,,
,,French fries,,,,1 Pc,55,55,,,,,,55,,
,,Chicken roll,,,,2 Pc,80,160,,,,,,160,,
,,Double eggs Roll,,,,1 Pc,60,60,,,,,,60,,
,,Chicken double eggs Roll,,,,1 Pc,100,100,,,,,,100,,
,,Chiken boneless,,,,1 Pc,150,150,,,,,,150,,
,,Paratha,,,,4 Pc,25,100,,,,,,100,,
,,Chicken lolipop Full,,,,1 Pc,280,280,,,,,,280,,
,,Chicken roll,,,,2 Pc,80,160,,,,,,160,,
,,Chicken crispy,,,,2 Pc,100,200,,,,,,200,,
,,Veg Double cheese Burger,,,,1 Pc,75,75,,,,,,75,,
08/12/2025,INV-00508,Cash,,,,,,,,,,,,,0,1475
,,Chicken chilli,,,,1 Pc,200,200,,,,,,200,,
,,Paratha,,,,4 Pc,25,100,,,,,,100,,
,,Chicken chilli,,,,1 Pc,200,200,,,,,,200,,
,,Egg roll,,,,1 Pc,50,50,,,,,,50,,
,,Chicken noodles,,,,2 Pc,150,300,,,,,,300,,
,,Egg roll,,,,2 Pc,50,100,,,,,,100,,
,,Double eggs Roll,,,,3 Pc,60,180,,,,,,180,,
,,Paratha,,,,2 Pc,25,50,,,,,,50,,
,,Veg Manchurian Half,,,,1 Pc,75,75,,,,,,75,,
,,Double eggs Roll,,,,1 Pc,60,60,,,,,,60,,
,,Chicken roll,,,,2 Pc,80,160,,,,,,160,,
09/12/2025,INV-00509,Cash,,,,,,,,,,,,,0,1365
,,Chicken Rice Half,,,,1 Pc,80,80,,,,,,80,,
,,Chicken burger,,,,2 Pc,60,120,,,,,,120,,
,,Egg burger,,,,1 Pc,30,30,,,,,,30,,
,,Veg Burger,,,,1 Pc,50,50,,,,,,50,,
,,Chicken fried rice,,,,1 Pc,150,150,,,,,,150,,
,,Chilli Half,,,,1 Pc,110,110,,,,,,110,,
,,Double eggs Roll,,,,2 Pc,60,120,,,,,,120,,
,,Chicken Rice Half,,,,1 Pc,80,80,,,,,,80,,
,,Chicken noodles,,,,1 Pc,150,150,,,,,,150,,
,,Veg roll,,,,1 Pc,45,45,,,,,,45,,
,,Chicken noodles,,,,1 Pc,150,150,,,,,,150,,
,,Chicken Rice Half,,,,2 Pc,80,160,,,,,,160,,
,,Veg Manchurian Half,,,,1 Pc,75,75,,,,,,75,,
,,Veg roll,,,,1 Pc,45,45,,,,,,45,,
10/12/2025,INV-00510,Cash,,,,,,,,,,,,,0,2165
,,Chicken fried rice,,,,1 Pc,150,150,,,,,,150,,
,,Chiken Manchurian,,,,1 Pc,160,160,,,,,,160,,
,,Chicken noodles,,,,1 Pc,150,150,,,,,,150,,
,,Chicken lolipop Full,,,,1 Pc,280,280,,,,,,280,,
,,Chicken fried rice,,,,1 Pc,150,150,,,,,,150,,
,,Chicken cheese roll,,,,1 Pc,90,90,,,,,,90,,
,,Paneer roll,,,,4 Pc,70,280,,,,,,280,,
,,Double eggs Roll,,,,1 Pc,60,60,,,,,,60,,
,,Double eggs Roll,,,,2 Pc,60,120,,,,,,120,,
,,Chicken Rice Half,,,,1 Pc,80,80,,,,,,80,,
,,Egg burger,,,,1 Pc,30,30,,,,,,30,,
,,Chicken cheese roll,,,,2 Pc,90,180,,,,,,180,,
,,Double eggs Roll,,,,2 Pc,60,120,,,,,,120,,
,,Chicken lolipop Full,,,,1 Pc,280,280,,,,,,280,,
,,Egg burger,,,,1 Pc,35,35,,,,,,35,,
11/12/2025,INV-00511,Cash,,,,,,,,,,,,,0,1565
,,Chicken Rice Half,,,,1 Pc,80,80,,,,,,80,,
,,Chicken burger,,,,2 Pc,60,120,,,,,,120,,
,,Chicken cheese roll,,,,1 Pc,90,90,,,,,,90,,
,,Chicken noodles,,,,2 Pc,140,280,,,,,,280,,
,,Chicken fried rice,,,,1 Pc,140,140,,,,,,140,,
,,Veg Schezwan Full,,,,1 Pc,130,130,,,,,,130,,
,,Veg Noodles,,,,1 Pc,110,110,,,,,,110,,
,,Paratha,,,,1 Pc,25,25,,,,,,25,,
,,Chicken cheese roll,,,,3 Pc,90,270,,,,,,270,,
,,Chicken roll,,,,3 Pc,80,240,,,,,,240,,
,,Chicken Rice Half,,,,1 Pc,80,80,,,,,,80,,
13/12/2025,INV-00512,Cash,,,,,,,,,,,,,0,2775
,,Chicken roll,,,,1 Pc,80,80,,,,,,80,,
,,Chicken burger,,,,1 Pc,60,60,,,,,,60,,
,,Egg roll,,,,1 Pc,50,50,,,,,,50,,
,,Chicken cheese roll,,,,1 Pc,90,90,,,,,,90,,
,,Chicken fried rice,,,,1 Pc,200,200,,,,,,200,,
,,Chicken roll,,,,1 Pc,80,80,,,,,,80,,
,,Chicken fried rice,,,,1 Pc,150,150,,,,,,150,,
,,Chicken crispy,,,,1 Pc,100,100,,,,,,100,,
,,Chicken roll,,,,1 Pc,80,80,,,,,,80,,
,,Chicken roll,,,,1 Pc,80,80,,,,,,80,,
,,Double eggs Roll,,,,2 Pc,60,120,,,,,,120,,
,,Egg roll,,,,4 Pc,50,200,,,,,,200,,
,,Chicken Rice Half,,,,1 Pc,80,80,,,,,,80,,
,,Veg noodles Half,,,,1 Pc,60,60,,,,,,60,,
,,Egg Rice,,,,1 Pc,130,130,,,,,,130,,
,,Chicken Lolipop Half,,,,1 Pc,155,155,,,,,,155,,
,,Veg Noodles,,,,1 Pc,110,110,,,,,,110,,
,,Paratha,,,,4 Pc,25,100,,,,,,100,,
,,Chiken boneless,,,,1 Pc,150,150,,,,,,150,,
,,Chicken noodles,,,,1 Pc,150,150,,,,,,150,,
,,Chicken cheese roll,,,,3 Pc,90,270,,,,,,270,,
,,Chicken lolipop Full,,,,1 Pc,280,280,,,,,,280,,
14/12/2025,INV-00513,Cash,,,,,,,,,,,,,0,2075
,,Chicken noodles,,,,1 Pc,150,150,,,,,,150,,
,,Veg noodles Half,,,,1 Pc,60,60,,,,,,60,,
,,French fries,,,,1 Pc,55,55,,,,,,55,,
,,Veg cheese burger,,,,1 Pc,65,65,,,,,,65,,
,,Veg roll,,,,1 Pc,45,45,,,,,,45,,
,,Chicken burger,,,,2 Pc,60,120,,,,,,120,,
,,Chicken roll,,,,1 Pc,80,80,,,,,,80,,
,,Chicken double eggs Roll,,,,1 Pc,100,100,,,,,,100,,
,,Chicken roll,,,,1 Pc,80,80,,,,,,80,,
,,Chicken Rice Half,,,,1 Pc,80,80,,,,,,80,,
,,Chicken Noodles Half,,,,1 Pc,80,80,,,,,,80,,
,,Chicken combi roll,,,,3 Pc,100,300,,,,,,300,,
,,Double eggs Roll,,,,1 Pc,60,60,,,,,,60,,
,,Chicken burger,,,,3 Pc,60,180,,,,,,180,,
,,Chicken burger,,,,1 Pc,60,60,,,,,,60,,
,,Chicken noodles,,,,4 Pc,140,560,,,,,,560,,
15/12/2025,INV-00514,Cash,,,,,,,,,,,,,0,1235
,,Chicken double eggs Roll,,,,1 Pc,100,100,,,,,,100,,
,,Chicken roll,,,,1 Pc,80,80,,,,,,80,,
,,Chicken roll,,,,1 Pc,80,80,,,,,,80,,
,,Double eggs Roll,,,,1 Pc,60,60,,,,,,60,,
,,Egg roll,,,,1 Pc,50,50,,,,,,50,,
,,Veg Noodles,,,,1 Pc,110,110,,,,,,110,,
,,Veg noodles Half,,,,1 Pc,60,60,,,,,,60,,
,,Egg burger,,,,1 Pc,30,30,,,,,,30,,
,,Chicken Noodles Half,,,,1 Pc,80,80,,,,,,80,,
,,Chicken burger,,,,5 Pc,60,300,,,,,,300,,
,,Egg roll,,,,2 Pc,50,100,,,,,,100,,
,,Chicken roll,,,,1 Pc,80,80,,,,,,80,,
,,Chicken burger,,,,1 Pc,60,60,,,,,,60,,
,,Veg roll,,,,1 Pc,45,45,,,,,,45,,
16/12/2025,INV-00515,Cash,,,,,,,,,,,,,0,1175
,,Veg noodles Half,,,,1 Pc,60,60,,,,,,60,,
,,French fries,,,,1 Pc,55,55,,,,,,55,,
,,Chicken burger,,,,2 Pc,60,120,,,,,,120,,
,,Double eggs chicken roll,,,,1 Pc,100,100,,,,,,100,,
,,Chicken crispy,,,,1 Pc,100,100,,,,,,100,,
,,Chicken soup hot and sour,,,,1 Pc,50,50,,,,,,50,,
,,Chicken fried rice,,,,1 Pc,150,150,,,,,,150,,
,,Chiken Manchurian,,,,1 Pc,160,160,,,,,,160,,
,,Veg Manchurian,,,,1 Pc,130,130,,,,,,130,,
,,Chicken fried rice,,,,1 Pc,150,150,,,,,,150,,
,,Egg roll,,,,1 Pc,50,50,,,,,,50,,
,,Soup,,,,1 Pc,50,50,,,,,,50,,
17/12/2025,INV-00516,Cash,,,,,,,,,,,,,0,1340
,,Double eggs Roll,,,,2 Pc,60,120,,,,,,120,,
,,Chicken combi roll,,,,1 Pc,100,100,,,,,,100,,
,,Chicken roll,,,,3 Pc,80,240,,,,,,240,,
,,Chicken burger,,,,1 Pc,60,60,,,,,,60,,
,,Chicken cheese burger,,,,2 Pc,75,150,,,,,,150,,
,,Chicken Rice Half,,,,1 Pc,80,80,,,,,,80,,
,,Veg Burger,,,,1 Pc,50,50,,,,,,50,,
,,Chicken roll,,,,2 Pc,80,160,,,,,,160,,
,,Chicken roll,,,,2 Pc,80,160,,,,,,160,,
,,Chicken Rice Half,,,,1 Pc,100,100,,,,,,100,,
,,Double eggs Roll,,,,2 Pc,60,120,,,,,,120,,
18/12/2025,INV-00517,Cash,,,,,,,,,,,,,0,1490
,,Veg noodles Half,,,,1 Pc,60,60,,,,,,60,,
,,Chicken burger,,,,3 Pc,60,180,,,,,,180,,
,,Veg Burger,,,,1 Pc,50,50,,,,,,50,,
,,Chicken Noodles Half,,,,1 Pc,80,80,,,,,,80,,
,,Veg Burger,,,,1 Pc,50,50,,,,,,50,,
,,French fries,,,,1 Pc,55,55,,,,,,55,,
,,Chicken Lolipop Half,,,,1 Pc,155,155,,,,,,155,,
,,Chicken noodles,,,,2 Pc,140,280,,,,,,280,,
,,Double eggs Roll,,,,2 Pc,60,120,,,,,,120,,
,,Chicken roll,,,,2 Pc,80,160,,,,,,160,,
,,Egg burger,,,,1 Pc,30,30,,,,,,30,,
,,Chicken Rice Half,,,,2 Pc,80,160,,,,,,160,,
,,Veg Noodles,,,,1 Pc,110,110,,,,,,110,,
21/12/2025,INV-00518,Cash,,,,,,,,,,,,,0,2160
,,Chicken fried rice,,,,1 Pc,150,150,,,,,,150,,
,,Chiken boneless,,,,1 Pc,150,150,,,,,,150,,
,,Double eggs Roll,,,,1 Pc,60,60,,,,,,60,,
,,Double eggs Roll,,,,1 Pc,60,60,,,,,,60,,
,,Chicken Rice Half,,,,1 Pc,80,80,,,,,,80,,
,,Egg noodles,,,,1 Pc,70,70,,,,,,70,,
,,Double eggs Roll,,,,1 Pc,60,60,,,,,,60,,
,,Chicken fried rice,,,,1 Pc,150,150,,,,,,150,,
,,Chilli Half,,,,1 Pc,110,110,,,,,,110,,
,,Veg cheese burger,,,,2 Pc,65,130,,,,,,130,,
,,Veg noodles Half,,,,1 Pc,60,60,,,,,,60,,
,,Chicken crispy,,,,1 Pc,100,100,,,,,,100,,
,,Chicken Lolipop Half,,,,1 Pc,155,155,,,,,,155,,
,,Chicken lolipop Full,,,,1 Pc,280,280,,,,,,280,,
,,Chicken fried rice,,,,1 Pc,150,150,,,,,,150,,
,,Chicken Rice Half,,,,1 Pc,80,80,,,,,,80,,
,,Chicken combi roll,,,,1 Pc,100,100,,,,,,100,,
,,French fries,,,,1 Pc,55,55,,,,,,55,,
,,Chicken roll,,,,1 Pc,80,80,,,,,,80,,
,,Chicken Rice Half,,,,1 Pc,80,80,,,,,,80,,
23/12/2025,INV-00519,Cash,,,,,,,,,,,,,0,1255
,,Chicken fried rice,,,,2 Pc,150,300,,,,,,300,,
,,Chicken Rice Half,,,,2 Pc,80,160,,,,,,160,,
,,Chicken combi roll,,,,1 Pc,100,100,,,,,,100,,
,,Veg noodles Half,,,,1 Pc,60,60,,,,,,60,,
,,Chicken fried rice,,,,1 Pc,150,150,,,,,,150,,
,,Paneer cheese roll,,,,1 Pc,80,80,,,,,,80,,
,,Chicken Rice Half,,,,1 Pc,80,80,,,,,,80,,
,,Double eggs Roll,,,,1 Pc,60,60,,,,,,60,,
,,Chicken Rice Half,,,,1 Pc,80,80,,,,,,80,,
,,Paratha,,,,4 Pc,25,100,,,,,,100,,
,,Chicken Boneless Half,,,,1 Pc,85,85,,,,,,85,,
24/12/2025,INV-00520,Cash,,,,,,,,,,,,,0,1935
,,Double eggs Roll,,,,1 Pc,60,60,,,,,,60,,
,,Chicken roll,,,,4 Pc,80,320,,,,,,320,,
,,Paneer roll,,,,1 Pc,70,70,,,,,,70,,
,,Chicken fried rice,,,,1 Pc,150,150,,,,,,150,,
,,Chicken noodles,,,,1 Pc,150,150,,,,,,150,,
,,Chiken Manchurian,,,,1 Pc,160,160,,,,,,160,,
,,Chicken Rice Half,,,,1 Pc,80,80,,,,,,80,,
,,Double eggs Roll,,,,1 Pc,60,60,,,,,,60,,
,,Chicken fried rice,,,,1 Pc,150,150,,,,,,150,,
,,Paratha,,,,3 Pc,25,75,,,,,,75,,
,,Paneer chilli,,,,1 Pc,180,180,,,,,,180,,
,,Paneer cheese roll,,,,1 Pc,80,80,,,,,,80,,
,,Bone chilly,,,,1 Pc,180,180,,,,,,180,,
,,Chicken roll,,,,1 Pc,80,80,,,,,,80,,
,,Double eggs Roll,,,,1 Pc,60,60,,,,,,60,,
,,Chicken Rice Half,,,,1 Pc,80,80,,,,,,80,,
25/12/2025,INV-00521,Cash,,,,,,,,,,,,,0,1145
,,Chicken Rice Half,,,,2 Pc,80,160,,,,,,160,,
,,Veg Rice Half,,,1,1 Pc,60,60,,,,,,60,,
,,Paneer chilli Half,,,,1 Pc,100,100,,,,,,100,,
,,French fries,,,,1 Pc,55,55,,,,,,55,,
,,Chicken double eggs Roll,,,,1 Pc,100,100,,,,,,100,,
,,Chicken burger,,,,1 Pc,60,60,,,,,,60,,
,,Veg Burger,,,,1 Pc,50,50,,,,,,50,,
,,Chicken chilli,,,,1 Pc,180,180,,,,,,180,,
,,Chicken roll,,,,1 Pc,80,80,,,,,,80,,
,,Chicken fried rice,,,,2 Pc,150,300,,,,,,300,,
26/12/2025,INV-00522,Cash,,,,,,,,,,,,,0,745
,,Veg Rice Half,,,1,1 Pc,60,60,,,,,,60,,
,,Chicken burger,,,,1 Pc,60,60,,,,,,60,,
,,Veg Burger,,,,2 Pc,50,100,,,,,,100,,
,,Chicken roll,,,,2 Pc,80,160,,,,,,160,,
,,Double eggs Roll,,,,1 Pc,60,60,,,,,,60,,
,,Chicken fried rice,,,,1 Pc,150,150,,,,,,150,,
,,Chicken Schezwan Rice,,,,1 Pc,90,90,,,,,,90,,
,,Veg cheese burger,,,,1 Pc,65,65,,,,,,65,,
27/12/2025,INV-00523,Cash,,,,,,,,,,,,,0,3065
,,Veg Double cheese Burger,,,,1 Pc,75,75,,,,,,75,,
,,Veg cheese burger,,,,2 Pc,65,130,,,,,,130,,
,,Veg noodles Half,,,,1 Pc,60,60,,,,,,60,,
,,Chicken cheese roll,,,,1 Pc,90,90,,,,,,90,,
,,Veg Burger,,,,3 Pc,50,150,,,,,,150,,
,,Chicken Lolipop Half,,,,1 Pc,155,155,,,,,,155,,
,,Paratha,,,,3 Pc,25,75,,,,,,75,,
,,Veg noodles Half,,,,2 Pc,60,120,,,,,,120,,
,,Chicken 65,,,,1 Pc,220,220,,,,,,220,,
,,Chicken crispy,,,,1 Pc,100,100,,,,,,100,,
,,French fries,,,,1 Pc,55,55,,,,,,55,,
,,Chicken combi roll,,,,4 Pc,100,400,,,,,,400,,
,,Chicken lolipop Full,,,,1 Pc,280,280,,,,,,280,,
,,French fries,,,,1 Pc,55,55,,,,,,55,,
,,Double eggs Roll,,,,1 Pc,60,60,,,,,,60,,
,,Chicken roll,,,,1 Pc,80,80,,,,,,80,,
,,Paneer roll,,,,1 Pc,70,70,,,,,,70,,
,,Double eggs Roll,,,,1 Pc,60,60,,,,,,60,,
,,Chicken roll,,,,2 Pc,80,160,,,,,,160,,
,,Chicken crispy,,,,1 Pc,100,100,,,,,,100,,
,,Chilli Half,,,,1 Pc,110,110,,,,,,110,,
,,Egg roll,,,,2 Pc,50,100,,,,,,100,,
,,Chicken burger,,,,1 Pc,60,60,,,,,,60,,
,,Chicken Rice Half,,,,2 Pc,80,160,,,,,,160,,
,,Chicken Rice Half,,,,1 Pc,80,80,,,,,,80,,
,,Chicken burger,,,,1 Pc,60,60,,,,,,60,,
28/12/2025,INV-00524,Cash,,,,,,,,,,,,,0,1315
,,Double eggs Roll,,,,2 Pc,60,120,,,,,,120,,
,,Veg Noodles,,,,1 Pc,110,110,,,,,,110,,
,,Chicken crispy,,,,1 Pc,100,100,,,,,,100,,
,,Double eggs Roll,,,,1 Pc,60,60,,,,,,60,,
,,Egg roll,,,,1 Pc,50,50,,,,,,50,,
,,Double eggs chicken roll,,,,3 Pc,100,300,,,,,,300,,
,,Veg roll,,,,1 Pc,45,45,,,,,,45,,
,,Veg Burger,,,,1 Pc,50,50,,,,,,50,,
,,Chicken cheese burger,,,,2 Pc,75,150,,,,,,150,,
,,Chicken cheese roll,,,,2 Pc,90,180,,,,,,180,,
,,Chiken boneless,,,,1 Pc,150,150,,,,,,150,,
29/12/2025,INV-00525,Cash,,,,,,,,,,,,,0,1875
,,Chicken Noodles Half,,,,3 Pc,80,240,,,,,,240,,
,,Chicken combi roll,,,,2 Pc,100,200,,,,,,200,,
,,Chicken Noodles Half,,,,1 Pc,80,80,,,,,,80,,
,,Chicken roll,,,,2 Pc,80,160,,,,,,160,,
,,French fries,,,,1 Pc,55,55,,,,,,55,,
,,Chicken Schezwan Rice,,,,2 Pc,90,180,,,,,,180,,
,,Chicken double eggs Roll,,,,1 Pc,85,85,,,,,,85,,
,,Egg roll,,,,1 Pc,50,50,,,,,,50,,
,,Chicken chilli,,,,1.5 Pc,180,270,,,,,,270,,
,,Chicken burger,,,,3 Pc,60,180,,,,,,180,,
,,Chicken roll,,,,1 Pc,80,80,,,,,,80,,
,,Paratha,,,,3 Pc,25,75,,,,,,75,,
,,Chicken Boneless Half,,,,1 Pc,80,80,,,,,,80,,
,,Chicken Rice Half,,,,1 Pc,80,80,,,,,,80,,
,,Chicken burger,,,,1 Pc,60,60,,,,,,60,,
30/12/2025,INV-00526,Cash,,,,,,,,,,,,,0,1510
,,Chicken Rice Half,,,,2 Pc,80,160,,,,,,160,,
,,Paratha,,,,2 Pc,25,50,,,,,,50,,
,,Chicken roll,,,,1 Pc,80,80,,,,,,80,,
,,Paneer roll,,,,1 Pc,70,70,,,,,,70,,
,,French fries,,,,1 Pc,55,55,,,,,,55,,
,,Chicken Schezwan Rice,,,,2 Pc,90,180,,,,,,180,,
,,Veg roll,,,,2 Pc,45,90,,,,,,90,,
,,Chicken roll,,,,1 Pc,80,80,,,,,,80,,
,,Chicken Boneless Half,,,,1 Pc,85,85,,,,,,85,,
,,Chicken Noodles Half,,,,1 Pc,80,80,,,,,,80,,
,,Chicken Rice Half,,,,2 Pc,80,160,,,,,,160,,
,,Chicken noodles,,,,1 Pc,150,150,,,,,,150,,
,,Double eggs chicken roll,,,,2 Pc,100,200,,,,,,200,,
,,Paneer roll,,,,1 Pc,70,70,,,,,,70,,
31/12/2025,INV-00527,Cash,,,,,,,,,,,,,0,1580
,,Chicken Rice Half,,,,2 Pc,80,160,,,,,,160,,
,,Chicken Boneless Half,,,,1 Pc,85,85,,,,,,85,,
,,Chicken burger,,,,2 Pc,60,120,,,,,,120,,
,,Chicken Schezwan Noodles Half,,,,1 Pc,90,90,,,,,,90,,
,,Chicken roll,,,,1 Pc,80,80,,,,,,80,,
,,Chicken burger,,,,1 Pc,60,60,,,,,,60,,
,,Chicken Lolipop Half,,,,1 Pc,155,155,,,,,,155,,
,,Chicken fried rice,,,,2 Pc,150,300,,,,,,300,,
,,Chicken double eggs Roll,,,,3 Pc,100,300,,,,,,300,,
,,Chicken roll,,,,1 Pc,80,80,,,,,,80,,
,,Chiken boneless,,,,1 Pc,150,150,,,,,,150,,
01/01/2026,INV-00528,Cash,,,,,,,,,,,,,0,2745
,,Chicken Noodles Half,,,,1 Pc,80,80,,,,,,80,,
,,Veg roll,,,,3 Pc,45,135,,,,,,135,,
,,Chicken roll,,,,3 Pc,80,240,,,,,,240,,
,,Veg roll,,,,9 Pc,45,405,,,,,,405,,
,,Egg roll,,,,4 Pc,50,200,,,,,,200,,
,,Veg Noodles,,,,1 Pc,110,110,,,,,,110,,
,,Chicken Lolipop Half,,,,1 Pc,155,155,,,,,,155,,
,,Chicken burger,,,,1 Pc,60,60,,,,,,60,,
,,Veg roll,,,,1 Pc,45,45,,,,,,45,,
,,Chicken chilli,,,,1 Pc,200,200,,,,,,200,,
,,Chicken burger,,,,1 Pc,60,60,,,,,,60,,
,,Chicken Lolipop Half,,,,1 Pc,155,155,,,,,,155,,
,,Veg Schezwan Noodles Half,,,,1 Pc,70,70,,,,,,70,,
,,Chicken crispy,,,,1 Pc,100,100,,,,,,100,,
,,Chicken fried rice,,,,1 Pc,150,150,,,,,,150,,
,,Chicken Schezwan Noodles full,,,,1 Pc,170,170,,,,,,170,,
,,Veg Burger,,,,3 Pc,50,150,,,,,,150,,
,,Chicken combi roll,,,,1 Pc,100,100,,,,,,100,,
,,Chicken Noodles Half,,,,1 Pc,80,80,,,,,,80,,
,,Chicken roll,,,,1 Pc,80,80,,,,,,80,,
03/01/2026,INV-00529,Cash,,,,,,,,,,,,,0.5,2275
,,Paneer chilli Half,,,,1 Pc,100,100,,,,,,100,,
,,French fries,,,,1 Pc,27.5,27.5,,,,,,27.5,,
,,Veg Burger,,,,4 Pc,12.5,50,,,,,,50,,
,,Chicken double eggs Roll,,,,3 Pc,50,150,,,,,,150,,
,,Chicken Schezwan Rice,,,,1 Pc,90,90,,,,,,90,,
,,Chicken cheese roll,,,,1 Pc,45,45,,,,,,45,,
,,Chicken roll,,,,4 Pc,40,160,,,,,,160,,
,,Chicken Lolipop Half,,,,1 Pc,77.5,77.5,,,,,,77.5,,
,,Chicken fried rice,,,,1 Pc,75,75,,,,,,75,,
,,Veg Manchurian,,,,1 Pc,64.5,64.5,,,,,,64.5,,
,,Chicken Schezwan Rice,,,,1 Pc,85,85,,,,,,85,,
,,Double eggs Roll,,,,1 Pc,40,40,,,,,,40,,
,,Veg Noodles,,,,1 Pc,55,55,,,,,,55,,
,,Chicken cheese roll,,,,14 Pc,45,630,,,,,,630,,
,,Chicken noodles,,,,1 Pc,75,75,,,,,,75,,
,,Chicken roll,,,,1 Pc,40,40,,,,,,40,,
,,Chicken chilli,,,,2 Pc,100,200,,,,,,200,,
,,Chicken chilli,,,,1 Pc,180,180,,,,,,180,,
,,Chicken Boneless Half,,,,1 Pc,85,85,,,,,,85,,
,,Paratha,,,,2 Pc,22.5,45,,,,,,45,,
04/01/2026,INV-00530,Cash,,,,,,,,,,,,,0,2370
,,Chicken roll,,,,2 Pc,80,160,,,,,,160,,
,,Chicken roll,,,,1 Pc,80,80,,,,,,80,,
,,Veg cheese burger,,,,1 Pc,65,65,,,,,,65,,
,,Chicken double eggs Roll,,,,1 Pc,100,100,,,,,,100,,
,,Double eggs Roll,,,,1 Pc,60,60,,,,,,60,,
,,Veg roll,,,,1 Pc,45,45,,,,,,45,,
,,Veg fried rice,,,,1 Pc,110,110,,,,,,110,,
,,Chicken noodles,,,,1 Pc,150,150,,,,,,150,,
,,Veg Noodles,,,,1 Pc,110,110,,,,,,110,,
,,Double eggs Roll,,,,1 Pc,60,60,,,,,,60,,
,,Chicken roll,,,,2 Pc,80,160,,,,,,160,,
,,Double eggs Roll,,,,1 Pc,60,60,,,,,,60,,
,,Chicken chilli,,,,1 Pc,140,140,,,,,,140,,
,,Veg cheese burger,,,,1 Pc,65,65,,,,,,65,,
,,Chicken Schezwan Noodles full,,,,1 Pc,170,170,,,,,,170,,
,,Chicken crispy,,,,1 Pc,100,100,,,,,,100,,
,,Veg Noodles,,,,1 Pc,110,110,,,,,,110,,
,,Chicken fried rice,,,,1 Pc,110,110,,,,,,110,,
,,French fries,,,,2 Pc,55,110,,,,,,110,,
,,Chicken crispy,,,,1 Pc,100,100,,,,,,100,,
,,Chicken cheese roll,,,,1 Pc,90,90,,,,,,90,,
,,Chicken cheese burger,,,,1 Pc,75,75,,,,,,75,,
,,Paneer roll,,,,2 Pc,70,140,,,,,,140,,
05/01/2026,INV-00531,Cash,,,,,,,,,,,,,0,2305
,,Chicken noodles,,,,1 Pc,105,105,,,,,,105,,
,,Double eggs Roll,,,,1 Pc,60,60,,,,,,60,,
,,Chicken roll,,,,1 Pc,80,80,,,,,,80,,
,,Double eggs Roll,,,,1 Pc,60,60,,,,,,60,,
,,Egg roll,,,,2 Pc,50,100,,,,,,100,,
,,Chicken roll,,,,2 Pc,80,160,,,,,,160,,
,,Veg roll,,,,2 Pc,45,90,,,,,,90,,
,,Chicken burger,,,,1 Pc,60,60,,,,,,60,,
,,Chicken burger,,,,2 Pc,60,120,,,,,,120,,
,,Chicken Lolipop Half,,,,1 Pc,155,155,,,,,,155,,
,,Chicken burger,,,,1 Pc,60,60,,,,,,60,,
,,Chicken roll,,,,1 Pc,80,80,,,,,,80,,
,,Chicken cheese roll,,,,4 Pc,90,360,,,,,,360,,
,,Double eggs Roll,,,,1 Pc,60,60,,,,,,60,,
,,Chicken burger,,,,1 Pc,60,60,,,,,,60,,
,,Chicken Rice Half,,,,1 Pc,80,80,,,,,,80,,
,,Chicken chilli,,,,1 Pc,200,200,,,,,,200,,
,,Chicken roll,,,,3 Pc,80,240,,,,,,240,,
,,Chicken Boneless Half,,,,1 Pc,85,85,,,,,,85,,
,,Chicken egg roll single,,,,1 Pc,90,90,,,,,,90,,
06/01/2026,INV-00532,Cash,,,,,,,,,,,,,0,2210
,,Double eggs Roll,,,,1 Pc,60,60,,,,,,60,,
,,Chicken Noodles Half,,,,1 Pc,80,80,,,,,,80,,
,,Chicken noodles,,,,1 Pc,150,150,,,,,,150,,
,,Chicken roll,,,,1 Pc,80,80,,,,,,80,,
,,Chicken Noodles Half,,,,1 Pc,80,80,,,,,,80,,
,,Paneer roll,,,,1 Pc,70,70,,,,,,70,,
,,Paneer Schezwan Roll,,,,1 Pc,80,80,,,,,,80,,
,,French fries,,,,1 Pc,55,55,,,,,,55,,
,,Chicken combi roll,,,,6 Pc,100,600,,,,,,600,,
,,Double eggs Roll,,,,1 Pc,60,60,,,,,,60,,
,,Chicken double eggs Roll,,,,1 Pc,100,100,,,,,,100,,
,,Veg Noodles,,,,2 Pc,110,220,,,,,,220,,
,,Veg Manchurian Half,,,,1 Pc,75,75,,,,,,75,,
,,Veg roll,,,,2 Pc,45,90,,,,,,90,,
,,Veg noodles Half,,,,1 Pc,60,60,,,,,,60,,
,,Chicken roll,,,,1 Pc,80,80,,,,,,80,,
,,Chicken Rice Half,,,,1 Pc,80,80,,,,,,80,,
,,Veg Rice Half,,,1,1 Pc,60,60,,,,,,60,,
,,Veg Manchurian,,,,1 Pc,130,130,,,,,,130,,
07/01/2026,INV-00533,Cash,,,,,,,,,,,,,0,1240
,,Chicken noodles,,,,1 Pc,150,150,,,,,,150,,
,,Chicken Rice Half,,,,1 Pc,80,80,,,,,,80,,
,,Veg noodles Half,,,,1 Pc,60,60,,,,,,60,,
,,Chicken chilli,,,,1 Pc,180,180,,,,,,180,,
,,Chicken burger,,,,6 Pc,60,360,,,,,,360,,
,,Chilli Half,,,,1 Pc,110,110,,,,,,110,,
,,Egg roll,,,,1 Pc,50,50,,,,,,50,,
,,Chicken chilli,,,,1 Pc,200,200,,,,,,200,,
,,Egg roll,,,,1 Pc,50,50,,,,,,50,,
08/01/2026,INV-00534,Cash,,,,,,,,,,,,,0,1670
,,Chiken boneless,,,,1 Pc,150,150,,,,,,150,,
,,Chicken egg roll single,,,,1 Pc,90,90,,,,,,90,,
,,Double eggs Roll,,,,1 Pc,60,60,,,,,,60,,
,,Chicken Rice Half,,,,1 Pc,80,80,,,,,,80,,
,,Chicken burger,,,,1 Pc,60,60,,,,,,60,,
,,Veg Noodles,,,,1 Pc,110,110,,,,,,110,,
,,Double eggs Roll,,,,2 Pc,60,120,,,,,,120,,
,,Chicken Rice Half,,,,2 Pc,80,160,,,,,,160,,
,,Soup,,,,1 Pc,60,60,,,,,,60,,
,,Chicken lolipop Full,,,,1 Pc,280,280,,,,,,280,,
,,Chicken chilli,,,,1 Pc,200,200,,,,,,200,,
,,Chicken fried rice,,,,1 Pc,150,150,,,,,,150,,
,,Paratha,,,,6 Pc,25,150,,,,,,150,,
09/01/2026,INV-00535,Cash,,,,,,,,,,,,,0,1190
,,Double eggs Roll,,,,1 Pc,60,60,,,,,,60,,
,,Chicken roll,,,,1 Pc,80,80,,,,,,80,,
,,Double eggs Roll,,,,1 Pc,60,60,,,,,,60,,
,,Double eggs Roll,,,,1 Pc,60,60,,,,,,60,,
,,Veg roll,,,,4 Pc,45,180,,,,,,180,,
,,Double eggs Roll,,,,3 Pc,60,180,,,,,,180,,
,,Double eggs Roll,,,,1 Pc,60,60,,,,,,60,,
,,Chicken roll,,,,2 Pc,80,160,,,,,,160,,
,,Paneer roll,,,,1 Pc,70,70,,,,,,70,,
,,Chicken fried rice,,,,1 Pc,150,150,,,,,,150,,
,,Chicken Rice Half,,,,1 Pc,80,80,,,,,,80,,
,,Soup,,,,1 Pc,50,50,,,,,,50,,
10/01/2026,INV-00536,Cash,,,,,,,,,,,,,0,3145
,,Chiken boneless,,,,2 Pc,150,300,,,,,,300,,
,,Paneer roll,,,,2 Pc,70,140,,,,,,140,,
,,Paneer roll,,,,1 Pc,70,70,,,,,,70,,
,,Veg Burger,,,,1 Pc,50,50,,,,,,50,,
,,Double eggs Roll,,,,1 Pc,60,60,,,,,,60,,
,,Egg  chicken roll,,,,1 Pc,90,90,,,,,,90,,
,,Paneer roll,,,,1 Pc,70,70,,,,,,70,,
,,Chicken cheese burger,,,,1 Pc,75,75,,,,,,75,,
,,Egg roll,,,,1 Pc,50,50,,,,,,50,,
,,Chicken noodles,,,,1 Pc,150,150,,,,,,150,,
,,Chicken double eggs Roll,,,,1 Pc,100,100,,,,,,100,,
,,Egg burger,,,,1 Pc,30,30,,,,,,30,,
,,Veg Burger,,,,1 Pc,50,50,,,,,,50,,
,,Chicken fried rice,,,,2 Pc,150,300,,,,,,300,,
,,Chicken Lolipop Half,,,,1 Pc,155,155,,,,,,155,,
,,Chicken Rice Half,,,,1 Pc,80,80,,,,,,80,,
,,Veg Burger,,,,1 Pc,50,50,,,,,,50,,
,,Bone chilly,,,,1 Pc,180,180,,,,,,180,,
,,Paratha,,,,6 Pc,25,150,,,,,,150,,
,,Chicken roll,,,,1 Pc,80,80,,,,,,80,,
,,Chicken burger,,,,1 Pc,60,60,,,,,,60,,
,,Veg cheese burger,,,,1 Pc,65,65,,,,,,65,,
,,Chicken soup hot and sour,,,,1 Pc,50,50,,,,,,50,,
,,Chicken noodles,,,,2 Pc,140,280,,,,,,280,,
,,Paneer chilli,,,,1 Pc,180,180,,,,,,180,,
,,Chicken lolipop Full,,,,1 Pc,280,280,,,,,,280,,
12/01/2026,INV-00537,Cash,,,,,,,,,,,,,0,2545
,,Chicken egg roll single,,,,2 Pc,90,180,,,,,,180,,
,,Veg cheese burger,,,,4 Pc,65,260,,,,,,260,,
,,Veg noodles Half,,,,1 Pc,60,60,,,,,,60,,
,,Chicken noodles,,,,1 Pc,150,150,,,,,,150,,
,,Chicken roll,,,,1 Pc,80,80,,,,,,80,,
,,Chicken crispy,,,,4 Pc,100,400,,,,,,400,,
,,Chicken Lolipop Half,,,,1 Pc,155,155,,,,,,155,,
,,Chicken 65,,,,1 Pc,220,220,,,,,,220,,
,,Chicken Rice Half,,,,4 Pc,80,320,,,,,,320,,
,,Double eggs Roll,,,,1 Pc,60,60,,,,,,60,,
,,Chicken roll,,,,2 Pc,80,160,,,,,,160,,
,,Chicken chilli,,,,1.5 Pc,180,270,,,,,,270,,
,,Chicken noodles,,,,1 Pc,150,150,,,,,,150,,
,,Chicken Rice Half,,,,1 Pc,80,80,,,,,,80,,
13/01/2026,INV-00538,Cash,,,,,,,,,,,,,0,1700
,,Chicken Double Cheese Burger,,,,1 Pc,85,85,,,,,,85,,
,,Chicken Lolipop Half,,,,1 Pc,155,155,,,,,,155,,
,,Chicken crispy,,,,2 Pc,100,200,,,,,,200,,
,,Chicken chilli,,,,1 Pc,160,160,,,,,,160,,
,,Chicken noodles,,,,1 Pc,150,150,,,,,,150,,
,,Soup,,,,2 Pc,100,200,,,,,,200,,
,,Chicken lolipop Full,,,,1 Pc,280,280,,,,,,280,,
,,Bone chilly,,,,2 Pc,180,360,,,,,,360,,
,,Veg cheese burger,,,,1 Pc,65,65,,,,,,65,,
,,Veg roll,,,,1 Pc,45,45,,,,,,45,,
14/01/2026,INV-00539,Cash,,,,,,,,,,,,,0,2535
,,Chicken crispy,,,,1 Pc,100,100,,,,,,100,,
,,French fries,,,,1 Pc,55,55,,,,,,55,,
,,Chicken lolipop Full,,,,2 Pc,280,560,,,,,,560,,
,,Paratha,,,,7 Pc,25,175,,,,,,175,,
,,Paneer Manchurian,,,,1 Pc,90,90,,,,,,90,,
,,Paratha,,,,5 Pc,25,125,,,,,,125,,
,,Veg cheese burger,,,,1 Pc,65,65,,,,,,65,,
,,French fries,,,,1 Pc,55,55,,,,,,55,,
,,Chicken fried rice,,,,1 Pc,150,150,,,,,,150,,
,,Paneer roll,,,,1 Pc,70,70,,,,,,70,,
,,Chicken double eggs Roll,,,,1 Pc,100,100,,,,,,100,,
,,Chicken egg roll single,,,,2 Pc,90,180,,,,,,180,,
,,Chicken roll,,,,2 Pc,80,160,,,,,,160,,
,,Chicken chilli,,,,1.5 Pc,180,270,,,,,,270,,
,,Chicken Schezwan Rice,,,,2 Pc,90,180,,,,,,180,,
,,Chicken Manchauw Soup Half,,,,1 Pc,50,50,,,,,,50,,
,,Chicken noodles,,,,1 Pc,150,150,,,,,,150,,
15/01/2026,INV-00540,Cash,,,,,,,,,,,,,0,1945
,,Chicken chilli,,,,1 Pc,200,200,,,,,,200,,
,,Paratha,,,,6 Pc,25,150,,,,,,150,,
,,Chicken roll,,,,4 Pc,80,320,,,,,,320,,
,,Chicken Lolipop Half,,,,1 Pc,155,155,,,,,,155,,
,,Chicken crispy,,,,1 Pc,100,100,,,,,,100,,
,,Paratha,,,,4 Pc,25,100,,,,,,100,,
,,Chicken roll,,,,4 Pc,80,320,,,,,,320,,
,,Paratha,,,,1 Pc,25,25,,,,,,25,,
,,Chicken Boneless Half,,,,1 Pc,85,85,,,,,,85,,
,,Chicken roll,,,,4 Pc,80,320,,,,,,320,,
,,Chicken Rice Half,,,,1 Pc,80,80,,,,,,80,,
,,Paneer chilli Half,,,,1 Pc,90,90,,,,,,90,,
16/01/2026,INV-00541,Cash,,,,,,,,,,,,,0,500
,,Chicken Rice Half,,,,2 Pc,80,160,,,,,,160,,
,,Chicken noodles,,,,1 Pc,150,150,,,,,,150,,
,,Chicken roll,,,,1 Pc,80,80,,,,,,80,,
,,Egg roll,,,,1 Pc,50,50,,,,,,50,,
,,Double eggs Roll,,,,1 Pc,60,60,,,,,,60,,
17/01/2026,INV-00542,Cash,,,,,,,,,,,,,0,2095
,,Paneer roll,,,,1 Pc,70,70,,,,,,70,,
,,Veg noodles Half,,,,1 Pc,60,60,,,,,,60,,
,,Veg Rice Half,,,1,1 Pc,60,60,,,,,,60,,
,,Chicken Rice Half,,,,2 Pc,80,160,,,,,,160,,
,,Chicken crispy,,,,4 Pc,100,400,,,,,,400,,
,,Paratha,,,,4 Pc,25,100,,,,,,100,,
,,Veg Rice Half,,,1,1 Pc,60,60,,,,,,60,,
,,Veg Manchurian Half,,,,1 Pc,75,75,,,,,,75,,
,,Chicken Lolipop Half,,,,1 Pc,155,155,,,,,,155,,
,,Chicken lolipop Full,,,,1 Pc,280,280,,,,,,280,,
,,Chicken crispy,,,,1 Pc,100,100,,,,,,100,,
,,Chicken 65,,,,1 Pc,120,120,,,,,,120,,
,,Paratha,,,,4 Pc,25,100,,,,,,100,,
,,Chicken Rice Half,,,,1 Pc,80,80,,,,,,80,,
,,Veg Double cheese Burger,,,,1 Pc,75,75,,,,,,75,,
,,Chicken cheese burger,,,,1 Pc,75,75,,,,,,75,,
,,Veg roll,,,,1 Pc,45,45,,,,,,45,,
,,Chicken Rice Half,,,,1 Pc,80,80,,,,,,80,,
18/01/2026,INV-00543,Cash,,,,,,,,,,,,,0,1850
,,Chicken roll,,,,2 Pc,80,160,,,,,,160,,
,,Chicken burger,,,,2 Pc,60,120,,,,,,120,,
,,Chicken lolipop Full,,,,1 Pc,280,280,,,,,,280,,
,,Chicken Rice Half,,,,1 Pc,80,80,,,,,,80,,
,,Veg noodles Half,,,,2 Pc,60,120,,,,,,120,,
,,Chicken double eggs Roll,,,,1 Pc,100,100,,,,,,100,,
,,Egg burger,,,,1 Pc,30,30,,,,,,30,,
,,Chicken roll,,,,1 Pc,80,80,,,,,,80,,
,,Chicken Noodles Half,,,,3 Pc,80,240,,,,,,240,,
,,Chicken roll,,,,1 Pc,80,80,,,,,,80,,
,,Chicken Rice Half,,,,1 Pc,80,80,,,,,,80,,
,,Chicken crispy,,,,1 Pc,100,100,,,,,,100,,
,,Chicken noodles,,,,1 Pc,150,150,,,,,,150,,
,,Egg roll,,,,3 Pc,50,150,,,,,,150,,
,,Chicken Rice Half,,,,1 Pc,80,80,,,,,,80,,
19/01/2026,INV-00544,Cash,,,,,,,,,,,,,0,1515
,,Chicken roll,,,,1 Pc,80,80,,,,,,80,,
,,Double eggs Roll,,,,1 Pc,60,60,,,,,,60,,
,,Chicken roll,,,,2 Pc,80,160,,,,,,160,,
,,Chicken roll,,,,2 Pc,80,160,,,,,,160,,
,,Veg noodles Half,,,,1 Pc,60,60,,,,,,60,,
,,Veg Burger,,,,1 Pc,50,50,,,,,,50,,
,,Veg roll,,,,2 Pc,45,90,,,,,,90,,
,,Egg burger,,,,1 Pc,40,40,,,,,,40,,
,,Chicken combi roll,,,,1 Pc,100,100,,,,,,100,,
,,Paneer Schezwan Noodles Full,,,,1 Pc,170,170,,,,,,170,,
,,Paratha,,,,3 Pc,25,75,,,,,,75,,
,,Chiken boneless,,,,1 Pc,120,120,,,,,,120,,
,,Chicken burger,,,,1 Pc,60,60,,,,,,60,,
,,Double eggs Roll,,,,2 Pc,60,120,,,,,,120,,
,,Chicken Rice Half,,,,1 Pc,80,80,,,,,,80,,
,,Chicken egg roll single,,,,1 Pc,90,90,,,,,,90,,
20/01/2026,INV-00545,Cash,,,,,,,,,,,,,0,1705
,,Chicken cheese roll,,,,1 Pc,90,90,,,,,,90,,
,,Chicken roll,,,,2 Pc,80,160,,,,,,160,,
,,Double eggs Roll,,,,4 Pc,60,240,,,,,,240,,
,,Veg roll,,,,1 Pc,45,45,,,,,,45,,
,,Double eggs Roll,,,,3 Pc,60,180,,,,,,180,,
,,Chicken Rice Half,,,,1 Pc,80,80,,,,,,80,,
,,Chicken Noodles Half,,,,1 Pc,80,80,,,,,,80,,
,,Chicken roll,,,,2 Pc,80,160,,,,,,160,,
,,Paneer cheese roll,,,,1 Pc,80,80,,,,,,80,,
,,Chicken cheese roll,,,,1 Pc,100,100,,,,,,100,,
,,Chicken burger,,,,1 Pc,60,60,,,,,,60,,
,,Chicken fried rice,,,,1 Pc,150,150,,,,,,150,,
,,Chicken roll,,,,1 Pc,80,80,,,,,,80,,
,,Veg roll,,,,1 Pc,45,45,,,,,,45,,
,,Chicken Rice Half,,,,1 Pc,80,80,,,,,,80,,
,,Veg Manchurian Half,,,,1 Pc,75,75,,,,,,75,,
21/01/2026,INV-00546,Cash,,,,,,,,,,,,,0,2200
,,Chicken cheese roll,,,,1 Pc,90,90,,,,,,90,,
,,Chicken egg roll single,,,,1 Pc,90,90,,,,,,90,,
,,Chicken Rice Half,,,,1 Pc,80,80,,,,,,80,,
,,Egg burger,,,,1 Pc,30,30,,,,,,30,,
,,Veg noodles Half,,,,1 Pc,60,60,,,,,,60,,
,,Veg Burger,,,,2 Pc,50,100,,,,,,100,,
,,Chicken crispy,,,,1 Pc,100,100,,,,,,100,,
,,Chicken roll,,,,1 Pc,80,80,,,,,,80,,
,,Veg noodles Half,,,,1 Pc,60,60,,,,,,60,,
,,Veg roll,,,,1 Pc,45,45,,,,,,45,,
,,Chicken double eggs Roll,,,,2 Pc,100,200,,,,,,200,,
,,Double eggs Roll,,,,1 Pc,60,60,,,,,,60,,
,,Chicken roll,,,,1 Pc,80,80,,,,,,80,,
,,Double eggs Roll,,,,2 Pc,60,120,,,,,,120,,
,,Chicken Rice Half,,,,1 Pc,80,80,,,,,,80,,
,,Veg cheese burger,,,,1 Pc,65,65,,,,,,65,,
,,Chicken roll,,,,1 Pc,80,80,,,,,,80,,
,,Chicken crispy,,,,2 Pc,100,200,,,,,,200,,
,,Chicken roll,,,,3 Pc,80,240,,,,,,240,,
,,Chicken Rice Half,,,,1 Pc,80,80,,,,,,80,,
,,Chicken chilli,,,,1 Pc,200,200,,,,,,200,,
,,Double eggs Roll,,,,1 Pc,60,60,,,,,,60,,
22/01/2026,INV-00547,Cash,,,,,,,,,,,,,0,2430
,,Paneer roll,,,,2 Pc,70,140,,,,,,140,,
,,Veg Rice Half,,,1,1 Pc,60,60,,,,,,60,,
,,Double eggs Roll,,,,1 Pc,60,60,,,,,,60,,
,,Chicken roll,,,,1 Pc,80,80,,,,,,80,,
,,Double eggs Roll,,,,2 Pc,60,120,,,,,,120,,
,,Paneer roll,,,,1 Pc,70,70,,,,,,70,,
,,Chicken soup hot and sour,,,,2 Pc,90,180,,,,,,180,,
,,Veg Noodles,,,,1 Pc,110,110,,,,,,110,,
,,Veg roll,,,,1 Pc,45,45,,,,,,45,,
,,Paneer roll,,,,2 Pc,70,140,,,,,,140,,
,,Chicken double eggs Roll,,,,2 Pc,100,200,,,,,,200,,
,,Paneer roll,,,,1 Pc,70,70,,,,,,70,,
,,Chicken Double Cheese Burger,,,,2 Pc,85,170,,,,,,170,,
,,Paratha,,,,2 Pc,25,50,,,,,,50,,
,,Chicken Boneless Half,,,,1 Pc,85,85,,,,,,85,,
,,Veg noodles Half,,,,1 Pc,60,60,,,,,,60,,
,,Chicken Lolipop Half,,,,1 Pc,155,155,,,,,,155,,
,,Chicken Rice Half,,,,1 Pc,80,80,,,,,,80,,
,,Chicken Boneless Half,,,,1 Pc,80,80,,,,,,80,,
,,Veg Noodles,,,,2 Pc,110,220,,,,,,220,,
,,Veg Manchurian Half,,,,1 Pc,75,75,,,,,,75,,
,,Chicken burger,,,,3 Pc,60,180,,,,,,180,,
23/01/2026,INV-00548,Cash,,,,,,,,,,,,,0,1955
,,Veg Noodles,,,,1 Pc,110,110,,,,,,110,,
,,Chicken roll,,,,1 Pc,80,80,,,,,,80,,
,,Chicken cheese roll,,,,1 Pc,90,90,,,,,,90,,
,,Chicken Noodles Half,,,,1 Pc,80,80,,,,,,80,,
,,Chicken roll,,,,1 Pc,80,80,,,,,,80,,
,,Paneer 65,,,,1 Pc,100,100,,,,,,100,,
,,Paratha,,,,3 Pc,25,75,,,,,,75,,
,,Chicken fried rice,,,,1 Pc,150,150,,,,,,150,,
,,Chicken noodles,,,,5 Pc,140,700,,,,,,700,,
,,Chicken noodles,,,,1 Pc,140,140,,,,,,140,,
,,Chicken crispy,,,,2 Pc,100,200,,,,,,200,,
,,Chicken noodles,,,,1 Pc,150,150,,,,,,150,,
24/01/2026,INV-00549,Cash,,,,,,,,,,,,,0,2460
,,Egg roll,,,,1 Pc,50,50,,,,,,50,,
,,Double eggs Roll,,,,3 Pc,60,180,,,,,,180,,
,,Veg Hot and Sour Soup Half,,,,3 Pc,50,150,,,,,,150,,
,,Chicken noodles,,,,1 Pc,150,150,,,,,,150,,
,,Chicken Manchow Soup Full,,,,1 Pc,100,100,,,,,,100,,
,,Chicken roll,,,,1 Pc,80,80,,,,,,80,,
,,Chicken crispy,,,,1 Pc,100,100,,,,,,100,,
,,Chicken roll,,,,1 Pc,80,80,,,,,,80,,
,,Chicken Manchauw Soup Half,,,,1 Pc,60,60,,,,,,60,,
,,Veg Schezwan Full,,,,2 Pc,130,260,,,,,,260,,
,,Veg Noodles,,,,1 Pc,110,110,,,,,,110,,
,,French fries,,,,1 Pc,55,55,,,,,,55,,
,,Chicken Schezwan Noodles Half,,,,2 Pc,90,180,,,,,,180,,
,,Chicken roll,,,,1 Pc,80,80,,,,,,80,,
,,French fries,,,,1 Pc,55,55,,,,,,55,,
,,Veg noodles Half,,,,1 Pc,60,60,,,,,,60,,
,,Paneer roll,,,,1 Pc,70,70,,,,,,70,,
,,Chiken boneless,,,,1 Pc,150,150,,,,,,150,,
,,Chiken Manchurian,,,,1 Pc,160,160,,,,,,160,,
,,Paratha,,,,6 Pc,25,150,,,,,,150,,
,,Chicken Schezwan Rice,,,,1 Pc,90,90,,,,,,90,,
,,Chicken Schezwan Rice,,,,1 Pc,90,90,,,,,,90,,
25/01/2026,INV-00550,Cash,,,,,,,,,,,,,0,3095
,,Chicken roll,,,,2 Pc,80,160,,,,,,160,,
,,Chicken burger,,,,1 Pc,60,60,,,,,,60,,
,,Paratha,,,,2 Pc,25,50,,,,,,50,,
,,Chicken lolipop Full,,,,1 Pc,280,280,,,,,,280,,
,,Chicken lolipop Full,,,,1 Pc,280,280,,,,,,280,,
,,Chicken fried rice,,,,1 Pc,150,150,,,,,,150,,
,,Paratha,,,,2 Pc,25,50,,,,,,50,,
,,Paneer chilli Half,,,,1 Pc,100,100,,,,,,100,,
,,Chiken boneless,,,,1 Pc,150,150,,,,,,150,,
,,Chicken noodles,,,,1 Pc,150,150,,,,,,150,,
,,Paneer roll,,,,1 Pc,70,70,,,,,,70,,
,,Veg Burger,,,,2 Pc,50,100,,,,,,100,,
,,Chicken crispy,,,,1 Pc,100,100,,,,,,100,,
,,Chicken noodles,,,,1 Pc,150,150,,,,,,150,,
,,Chicken burger,,,,1 Pc,60,60,,,,,,60,,
,,Chicken double eggs Roll,,,,2 Pc,100,200,,,,,,200,,
,,Veg roll,,,,1 Pc,45,45,,,,,,45,,
,,Veg Schezwan Rice Half,,,,1 Pc,70,70,,,,,,70,,
,,Chicken combi roll,,,,1 Pc,100,100,,,,,,100,,
,,Chicken noodles,,,,1 Pc,150,150,,,,,,150,,
,,Veg noodles Half,,,,1 Pc,60,60,,,,,,60,,
,,Paratha,,,,4 Pc,25,100,,,,,,100,,
,,Paneer chilli,,,,1 Pc,180,180,,,,,,180,,
,,Chicken lolipop Full,,,,1 Pc,280,280,,,,,,280,,
26/01/2026,INV-00551,Cash,,,,,,,,,,,,,0,2055
,,Chicken Schezwan Rice,,,,1 Pc,110,110,,,,,,110,,
,,Veg Burger,,,,3 Pc,50,150,,,,,,150,,
,,Veg noodles Half,,,,1 Pc,60,60,,,,,,60,,
,,French fries,,,,1 Pc,55,55,,,,,,55,,
,,Chicken roll,,,,1 Pc,80,80,,,,,,80,,
,,Chicken Noodles Half,,,,1 Pc,80,80,,,,,,80,,
,,Chicken double eggs Roll,,,,3 Pc,100,300,,,,,,300,,
,,Chicken chilli,,,,1 Pc,200,200,,,,,,200,,
,,Chicken Rice Half,,,,1 Pc,80,80,,,,,,80,,
,,Chicken burger,,,,1 Pc,60,60,,,,,,60,,
,,Chicken roll,,,,1 Pc,80,80,,,,,,80,,
,,Chicken Rice Half,,,,1 Pc,80,80,,,,,,80,,
,,Chicken Rice Half,,,,2 Pc,80,160,,,,,,160,,
,,Chicken roll,,,,7 Pc,80,560,,,,,,560,,
27/01/2026,INV-00552,Cash,,,,,,,,,,,,,0,1815
,,Double eggs Roll,,,,2 Pc,60,120,,,,,,120,,
,,Veg noodles Half,,,,2 Pc,60,120,,,,,,120,,
,,Chicken cheese burger,,,,1 Pc,75,75,,,,,,75,,
,,Paneer cheese roll,,,,1 Pc,80,80,,,,,,80,,
,,Chicken burger,,,,2 Pc,60,120,,,,,,120,,
,,Veg Burger,,,,2 Pc,50,100,,,,,,100,,
,,Chicken double eggs Roll,,,,1 Pc,100,100,,,,,,100,,
,,Chicken Rice Half,,,,1 Pc,80,80,,,,,,80,,
,,Chicken noodles,,,,2 Pc,140,280,,,,,,280,,
,,Chicken chilli,,,,1 Pc,200,200,,,,,,200,,
,,Paneer chilli,,,,1 Pc,180,180,,,,,,180,,
,,Paratha,,,,4 Pc,25,100,,,,,,100,,
,,Chicken crispy,,,,2 Pc,100,200,,,,,,200,,
,,Veg noodles Half,,,,1 Pc,60,60,,,,,,60,,
28/01/2026,INV-00553,Cash,,,,,,,,,,,,,0,2715
,,Veg noodles Half,,,,2 Pc,60,120,,,,,,120,,
,,French fries,,,,2 Pc,55,110,,,,,,110,,
,,Water 1 lit,,,,1 Pc,20,20,,,,,,20,,
,,Water 500 ml,,,,2 Pc,10,20,,,,,,20,,
,,Veg Burger,,,,1 Pc,50,50,,,,,,50,,
,,Veg Burger,,,,2 Pc,50,100,,,,,,100,,
,,Soup,,,,1 Pc,100,100,,,,,,100,,
,,Double eggs Roll,,,,1 Pc,60,60,,,,,,60,,
,,Water 500 ml,,,,1 Pc,10,10,,,,,,10,,
,,Double eggs Roll,,,,1 Pc,60,60,,,,,,60,,
,,Water 500 ml,,,,1 Pc,10,10,,,,,,10,,
,,Paneer roll,,,,1 Pc,70,70,,,,,,70,,
,,Veg Burger,,,,1 Pc,50,50,,,,,,50,,
,,Veg Burger,,,,1 Pc,50,50,,,,,,50,,
,,Chicken roll,,,,1 Pc,80,80,,,,,,80,,
,,Paneer cheese roll,,,,1 Pc,80,80,,,,,,80,,
,,Paneer roll,,,,1 Pc,70,70,,,,,,70,,
,,Veg roll,,,,1 Pc,45,45,,,,,,45,,
,,Double eggs Roll,,,,1 Pc,60,60,,,,,,60,,
,,Chicken roll,,,,1 Pc,80,80,,,,,,80,,
,,Double eggs Roll,,,,1 Pc,60,60,,,,,,60,,
,,Chicken roll,,,,1 Pc,80,80,,,,,,80,,
,,Chicken 65,,,,1 Pc,220,220,,,,,,220,,
,,Paratha,,,,6 Pc,25,150,,,,,,150,,
,,Chicken burger,,,,2 Pc,60,120,,,,,,120,,
,,Chicken fried rice,,,,2 Pc,150,300,,,,,,300,,
,,Chicken Manchurian Half,,,,1 Pc,100,100,,,,,,100,,
,,Veg Manchurian,,,,1 Pc,130,130,,,,,,130,,
,,Veg Schezwan Noodles Half,,,,2 Pc,70,140,,,,,,140,,
,,Veg noodles Half,,,,1 Pc,60,60,,,,,,60,,
,,Veg roll,,,,2 Pc,45,90,,,,,,90,,
,,Water 1 lit,,,,1 Pc,20,20,,,,,,20,,
29/01/2026,INV-00554,Cash,,,,,,,,,,,,,0,1775
,,Chicken noodles,,,,2 Pc,120,240,,,,,,240,,
,,Chicken roll,,,,1 Pc,80,80,,,,,,80,,
,,Chicken burger,,,,1 Pc,60,60,,,,,,60,,
,,Chicken burger,,,,1 Pc,60,60,,,,,,60,,
,,Veg noodles Half,,,,1 Pc,60,60,,,,,,60,,
,,Paratha,,,,2 Pc,25,50,,,,,,50,,
,,Veg Manchurian Half,,,,1 Pc,75,75,,,,,,75,,
,,Chiken Manchurian,,,,2 Pc,160,320,,,,,,320,,
,,Paneer Rice Half,,,,1 Pc,80,80,,,,,,80,,
,,Chicken Rice Half,,,,1 Pc,110,110,,,,,,110,,
,,Chicken 65,,,,1 Pc,220,220,,,,,,220,,
,,Chicken Rice Half,,,,1 Pc,80,80,,,,,,80,,
,,Veg roll,,,,1 Pc,45,45,,,,,,45,,
,,Chicken Lolipop Half,,,,1 Pc,155,155,,,,,,155,,
,,Double eggs Roll,,,,1 Pc,60,60,,,,,,60,,
,,Chicken Rice Half,,,,1 Pc,80,80,,,,,,80,,
30/01/2026,INV-00555,Cash,,,,,,,,,,,,,0,1975
,,Double eggs Roll,,,,1 Pc,60,60,,,,,,60,,
,,Paneer chilli Half,,,,1 Pc,100,100,,,,,,100,,
,,Paneer Rice Half,,,,1 Pc,80,80,,,,,,80,,
,,Paneer Rice Half,,,,1 Pc,80,80,,,,,,80,,
,,Chicken burger,,,,3 Pc,60,180,,,,,,180,,
,,Chicken noodles,,,,1 Pc,140,140,,,,,,140,,
,,Chicken roll,,,,2 Pc,80,160,,,,,,160,,
,,Egg roll,,,,1 Pc,50,50,,,,,,50,,
,,Chicken roll,,,,2 Pc,80,160,,,,,,160,,
,,Paratha,,,,3 Pc,25,75,,,,,,75,,
,,Paneer chilli Half,,,,1 Pc,100,100,,,,,,100,,
,,Chicken double eggs Roll,,,,1 Pc,100,100,,,,,,100,,
,,Paneer Schezwan Roll,,,,1 Pc,80,80,,,,,,80,,
,,Paratha,,,,3 Pc,25,75,,,,,,75,,
,,Paneer chilli,,,,1 Pc,180,180,,,,,,180,,
,,Paneer Manchurian,,,,1 Pc,155,155,,,,,,155,,
,,Chicken chilli,,,,1 Pc,200,200,,,,,,200,,
31/01/2026,INV-00556,Cash,,,,,,,,,,,,,0,1195
,,Chicken roll,,,,1 Pc,80,80,,,,,,80,,
,,Double eggs Roll,,,,2 Pc,70,140,,,,,,140,,
,,Chicken Rice Half,,,,1 Pc,80,80,,,,,,80,,
,,Chicken egg roll single,,,,4 Pc,90,360,,,,,,360,,
,,Double eggs Roll,,,,1 Pc,60,60,,,,,,60,,
,,Paneer roll,,,,1 Pc,70,70,,,,,,70,,
,,Chicken roll,,,,1 Pc,80,80,,,,,,80,,
,,Chicken burger,,,,1 Pc,60,60,,,,,,60,,
,,Veg roll,,,,1 Pc,45,45,,,,,,45,,
,,Chicken roll,,,,2 Pc,80,160,,,,,,160,,
,,Veg Rice Half,,,1,1 Pc,60,60,,,,,,60,,
01/02/2026,INV-00557,Cash,,,,,,,,,,,,,0,2340
,,Chicken cheese roll,,,,2 Pc,90,180,,,,,,180,,
,,Veg Hot and Sour Soup Half,,,,2 Pc,50,100,,,,,,100,,
,,Chicken lolipop Full,,,,1 Pc,280,280,,,,,,280,,
,,Chicken Rice Half,,,,1 Pc,80,80,,,,,,80,,
,,Chicken fried rice,,,,1 Pc,150,150,,,,,,150,,
,,Chicken Lolipop Half,,,,1 Pc,155,155,,,,,,155,,
,,Paratha,,,,1 Pc,25,25,,,,,,25,,
,,Chicken roll,,,,2 Pc,80,160,,,,,,160,,
,,Chicken egg roll single,,,,1 Pc,90,90,,,,,,90,,
,,Chicken noodles,,,,1 Pc,150,150,,,,,,150,,
,,Chicken Manchurian Half,,,,1 Pc,90,90,,,,,,90,,
,,Double eggs Roll,,,,4 Pc,60,240,,,,,,240,,
,,Chicken roll,,,,5 Pc,80,400,,,,,,400,,
,,French fries,,,,2 Pc,55,110,,,,,,110,,
,,Paratha,,,,2 Pc,25,50,,,,,,50,,
,,Chicken Rice Half,,,,1 Pc,80,80,,,,,,80,,
02/02/2026,INV-00558,Cash,,,,,,,,,,,,,0,1615
,,Double eggs Roll,,,,3 Pc,60,180,,,,,,180,,
,,Egg roll,,,,3 Pc,50,150,,,,,,150,,
,,Veg roll,,,,1 Pc,45,45,,,,,,45,,
,,Double eggs Roll,,,,1 Pc,60,60,,,,,,60,,
,,Chicken roll,,,,3 Pc,80,240,,,,,,240,,
,,Chicken roll,,,,1 Pc,80,80,,,,,,80,,
,,Chicken soup hot and sour,,,,1 Pc,90,90,,,,,,90,,
,,Double eggs Roll,,,,2 Pc,60,120,,,,,,120,,
,,Chicken Noodles Half,,,,1 Pc,80,80,,,,,,80,,
,,Chicken crispy,,,,1 Pc,100,100,,,,,,100,,
,,Chicken combi roll,,,,1 Pc,100,100,,,,,,100,,
,,Chicken crispy,,,,1 Pc,100,100,,,,,,100,,
,,Water 500 ml,,,,1 Pc,10,10,,,,,,10,,
,,Chicken roll,,,,1 Pc,80,80,,,,,,80,,
,,Chicken double eggs Roll,,,,1 Pc,100,100,,,,,,100,,
,,Paneer roll,,,,1 Pc,70,70,,,,,,70,,
,,Water 500 ml,,,,1 Pc,10,10,,,,,,10,,
03/02/2026,INV-00559,Cash,,,,,,,,,,,,,0,1325
,,Chicken noodles,,,,1 Pc,150,150,,,,,,150,,
,,Chicken Noodles Half,,,,1 Pc,80,80,,,,,,80,,
,,Veg Burger,,,,2 Pc,50,100,,,,,,100,,
,,Chicken roll,,,,1 Pc,80,80,,,,,,80,,
,,Chicken roll,,,,2 Pc,80,160,,,,,,160,,
,,Paneer Manchurian,,,,1 Pc,155,155,,,,,,155,,
,,Chicken roll,,,,1 Pc,80,80,,,,,,80,,
,,Double eggs Roll,,,,1 Pc,60,60,,,,,,60,,
,,Paneer chilli,,,,1 Pc,180,180,,,,,,180,,
,,Chicken lolipop Full,,,,1 Pc,280,280,,,,,,280,,
04/02/2026,INV-00560,Cash,,,,,,,,,,,,,0,1445
,,Egg double burger,,,40,1 Pc,40,40,,,,,,40,,
,,Veg Burger,,,,1 Pc,50,50,,,,,,50,,
,,Double eggs Roll,,,,2 Pc,60,120,,,,,,120,,
,,Chicken crispy,,,,1 Pc,100,100,,,,,,100,,
,,Chicken roll,,,,2 Pc,80,160,,,,,,160,,
,,Egg roll,,,,1 Pc,50,50,,,,,,50,,
,,Chicken cheese roll,,,,2 Pc,90,180,,,,,,180,,
,,Chicken roll,,,,1 Pc,80,80,,,,,,80,,
,,Double eggs Roll,,,,1 Pc,60,60,,,,,,60,,
,,Veg roll,,,,1 Pc,45,45,,,,,,45,,
,,Chicken Lolipop Half,,,,1 Pc,155,155,,,,,,155,,
,,Paratha,,,,1 Pc,25,25,,,,,,25,,
,,Paneer chilli Half,,,,1 Pc,100,100,,,,,,100,,
,,Paratha,,,,2 Pc,25,50,,,,,,50,,
,,Chicken Rice Half,,,,1 Pc,80,80,,,,,,80,,
,,Chiken boneless,,,,1 Pc,150,150,,,,,,150,,
05/02/2026,INV-00561,Cash,,,,,,,,,,,,,0,1040
,,Chicken cheese roll,,,,2 Pc,90,180,,,,,,180,,
,,Veg roll,,,,2 Pc,45,90,,,,,,90,,
,,Chicken Manchow Soup Full,,,,2 Pc,100,200,,,,,,200,,
,,Chicken Manchauw Soup Half,,,,1 Pc,60,60,,,,,,60,,
,,Chicken Noodles Half,,,,1 Pc,80,80,,,,,,80,,
,,Chicken fried rice,,,,1 Pc,150,150,,,,,,150,,
,,Chicken lolipop Full,,,,1 Pc,280,280,,,,,,280,,
06/02/2026,INV-00562,Cash,,,,,,,,,,,,,0,1280
,,Chicken Rice Half,,,,1 Pc,80,80,,,,,,80,,
,,Double eggs Roll,,,,1 Pc,60,60,,,,,,60,,
,,Chicken roll,,,,1 Pc,80,80,,,,,,80,,
,,Veg noodles Half,,,,1 Pc,60,60,,,,,,60,,
,,French fries,,,,1 Pc,55,55,,,,,,55,,
,,Paneer roll,,,,2 Pc,70,140,,,,,,140,,
,,Double eggs Roll,,,,1 Pc,60,60,,,,,,60,,
,,Egg roll,,,,1 Pc,50,50,,,,,,50,,
,,Chicken chilli,,,,1 Pc,200,200,,,,,,200,,
,,Paratha,,,,3 Pc,25,75,,,,,,75,,
,,Paneer chilli Half,,,,1 Pc,100,100,,,,,,100,,
,,Double eggs Roll,,,,1 Pc,60,60,,,,,,60,,
,,Chicken roll,,,,2 Pc,80,160,,,,,,160,,
,,Veg Burger,,,,1 Pc,50,50,,,,,,50,,
,,Egg roll,,,,1 Pc,50,50,,,,,,50,,
07/02/2026,INV-00563,Cash,,,,,,,,,,,,,0,950
,,Chicken egg roll single,,,,3 Pc,90,270,,,,,,270,,
,,Chicken roll,,,,1 Pc,80,80,,,,,,80,,
,,Paneer roll,,,,1 Pc,70,70,,,,,,70,,
,,Chicken roll,,,,1 Pc,80,80,,,,,,80,,
,,Double eggs Roll,,,,1 Pc,60,60,,,,,,60,,
,,Chicken fried rice,,,,1 Pc,150,150,,,,,,150,,
,,Chicken Rice Half,,,,2 Pc,80,160,,,,,,160,,
,,Chicken Rice Half,,,,1 Pc,80,80,,,,,,80,,
08/02/2026,INV-00564,Cash,,,,,,,,,,,,,0,1080
,,Veg roll,,,,1 Pc,45,45,,,,,,45,,
,,Veg Manchurian,,,,1 Pc,130,130,,,,,,130,,
,,Water 500 ml,,,,2 Pc,10,20,,,,,,20,,
,,Veg Burger,,,,2 Pc,50,100,,,,,,100,,
,,Paratha,,,,1 Pc,25,25,,,,,,25,,
,,Bone Chilli Half,,,,1 Pc,100,100,,,,,,100,,
,,Chicken 65,,,,1 Pc,220,220,,,,,,220,,
,,Paratha,,,,6 Pc,25,150,,,,,,150,,
,,Chicken crispy,,,,2 Pc,100,200,,,,,,200,,
,,Veg roll,,,,2 Pc,45,90,,,,,,90,,
09/02/2026,INV-00565,Cash,,,,,,,,,,,,,0,2655
,,Chicken roll,,,,2 Pc,80,160,,,,,,160,,
,,Chicken noodles,,,,1 Pc,150,150,,,,,,150,,
,,Water 1 lit,,,,1 Pc,20,20,,,,,,20,,
,,Double eggs Roll,,,,2 Pc,60,120,,,,,,120,,
,,Water 500 ml,,,,1 Pc,10,10,,,,,,10,,
,,Veg roll,,,,1 Pc,45,45,,,,,,45,,
,,Double eggs Roll,,,,1 Pc,60,60,,,,,,60,,
,,Water 500 ml,,,,1 Pc,10,10,,,,,,10,,
,,Chicken cheese burger,,,,1 Pc,75,75,,,,,,75,,
,,Chicken burger,,,,2 Pc,60,120,,,,,,120,,
,,Egg burger,,,,2 Pc,30,60,,,,,,60,,
,,Double eggs Roll,,,,1 Pc,60,60,,,,,,60,,
,,Chicken Schezwan Noodles Half,,,,1 Pc,90,90,,,,,,90,,
,,Chicken fried rice,,,,3 Pc,150,450,,,,,,450,,
,,Chicken 65,,,,2 Pc,220,440,,,,,,440,,
,,Double eggs Roll,,,,1 Pc,60,60,,,,,,60,,
,,Chicken roll,,,,2 Pc,80,160,,,,,,160,,
,,Chicken chilli,,,,1.5 Pc,200,300,,,,,,300,,
,,Chicken Rice Half,,,,1 Pc,80,80,,,,,,80,,
,,Paratha,,,,3 Pc,25,75,,,,,,75,,
,,Chilli Half,,,,1 Pc,110,110,,,,,,110,,
10/02/2026,INV-00566,Cash,,,,,,,,,,,,,0,1960
,,Water 500 ml,,,,1 Pc,10,10,,,,,,10,,
,,Chicken burger,,,,2 Pc,60,120,,,,,,120,,
,,Chicken egg roll single,,,,2 Pc,90,180,,,,,,180,,
,,Chicken double eggs Roll,,,,1 Pc,100,100,,,,,,100,,
,,Chicken egg roll single,,,,2 Pc,90,180,,,,,,180,,
,,Double eggs Roll,,,,1 Pc,60,60,,,,,,60,,
,,Double eggs chicken roll,,,,1 Pc,100,100,,,,,,100,,
,,Chicken noodles,,,,1 Pc,150,150,,,,,,150,,
,,Chicken chilli,,,,1 Pc,200,200,,,,,,200,,
,,Chicken Schezwan Rice,,,,1 Pc,90,90,,,,,,90,,
,,Double eggs Roll,,,,2 Pc,60,120,,,,,,120,,
,,Chicken noodles,,,,2 Pc,140,280,,,,,,280,,
,,Chicken chilli,,,,1.5 Pc,180,270,,,,,,270,,
,,Chicken Rice Half,,,,1 Pc,100,100,,,,,,100,,
11/02/2026,INV-00567,Cash,,,,,,,,,,,,,0,2330
,,Double eggs Roll,,,,2 Pc,60,120,,,,,,120,,
,,Paneer roll,,,,1 Pc,70,70,,,,,,70,,
,,Water 500 ml,,,,1 Pc,10,10,,,,,,10,,
,,Double eggs Roll,,,,2 Pc,60,120,,,,,,120,,
,,Water 500 ml,,,,1 Pc,10,10,,,,,,10,,
,,Veg roll,,,,1 Pc,45,45,,,,,,45,,
,,Water 500 ml,,,,2 Pc,10,20,,,,,,20,,
,,Veg Burger,,,,1 Pc,50,50,,,,,,50,,
,,Chicken roll,,,,2 Pc,80,160,,,,,,160,,
,,Water 500 ml,,,,2 Pc,10,20,,,,,,20,,
,,Chicken roll,,,,2 Pc,80,160,,,,,,160,,
,,Chicken double eggs Roll,,,,1 Pc,100,100,,,,,,100,,
,,Chicken burger,,,,7 Pc,60,420,,,,,,420,,
,,Double eggs Roll,,,,2 Pc,60,120,,,,,,120,,
,,French fries,,,,1 Pc,55,55,,,,,,55,,
,,Veg noodles Half,,,,3 Pc,60,180,,,,,,180,,
,,Chiken boneless,,,,1 Pc,150,150,,,,,,150,,
,,Double eggs Roll,,,,1 Pc,60,60,,,,,,60,,
,,French fries,,,,1 Pc,55,55,,,,,,55,,
,,Paneer chilli Half,,,,1 Pc,100,100,,,,,,100,,
,,Paratha,,,,3 Pc,25,75,,,,,,75,,
,,Chicken Rice Half,,,,1 Pc,80,80,,,,,,80,,
,,Chiken boneless,,,,1 Pc,150,150,,,,,,150,,
12/02/2026,INV-00568,Cash,,,,,,,,,,,,,0,1875
,,Chicken roll,,,,1 Pc,80,80,,,,,,80,,
,,Chicken Noodles Half,,,,1 Pc,80,80,,,,,,80,,
,,Chicken Rice Half,,,,1 Pc,80,80,,,,,,80,,
,,Veg noodles Half,,,,1 Pc,60,60,,,,,,60,,
,,Water 500 ml,,,,1 Pc,10,10,,,,,,10,,
,,Chicken crispy,,,,5 Pc,100,500,,,,,,500,,
,,Chicken Schezwan Rice,,,,2 Pc,90,180,,,,,,180,,
,,Chicken Rice Half,,,,1 Pc,80,80,,,,,,80,,
,,Veg Burger,,,,1 Pc,50,50,,,,,,50,,
,,Chicken burger,,,,1 Pc,60,60,,,,,,60,,
,,Chicken lolipop Full,,,,1 Pc,280,280,,,,,,280,,
,,Chicken noodles,,,,1 Pc,150,150,,,,,,150,,
,,Veg Manchurian,,,,1 Pc,130,130,,,,,,130,,
,,French fries,,,,1 Pc,55,55,,,,,,55,,
,,Chicken Rice Half,,,,1 Pc,80,80,,,,,,80,,
13/02/2026,INV-00569,Cash,,,,,,,,,,,,,0,1575
,,Chiken Manchurian,,,,1 Pc,160,160,,,,,,160,,
,,Chicken fried rice,,,,1 Pc,150,150,,,,,,150,,
,,Paratha,,,,4 Pc,25,100,,,,,,100,,
,,Chicken burger,,,,1 Pc,60,60,,,,,,60,,
,,Chicken roll,,,,1 Pc,80,80,,,,,,80,,
,,Chicken roll,,,,2 Pc,80,160,,,,,,160,,
,,Chicken fried rice,,,,1 Pc,150,150,,,,,,150,,
,,Chicken cheese burger,,,,1 Pc,75,75,,,,,,75,,
,,Double eggs Roll,,,,1 Pc,60,60,,,,,,60,,
,,Chicken roll,,,,2 Pc,80,160,,,,,,160,,
,,Veg noodles Half,,,,1 Pc,60,60,,,,,,60,,
,,Chicken roll,,,,3 Pc,80,240,,,,,,240,,
,,Double eggs Roll,,,,2 Pc,60,120,,,,,,120,,
14/02/2026,INV-00570,Cash,,,,,,,,,,,,,0,260
,,Water 1 lit,,,,2 Pc,20,40,,,,,,40,,
,,Chicken noodles,,,,1 Pc,150,150,,,,,,150,,
,,Water 500 ml,,,,1 Pc,10,10,,,,,,10,,
,,Veg noodles Half,,,,1 Pc,60,60,,,,,,60,,
15/02/2026,INV-00571,Cash,,,,,,,,,,,,,0,905
,,Water 1 lit,,,,1 Pc,20,20,,,,,,20,,
,,Veg Burger,,,,2 Pc,50,100,,,,,,100,,
,,Paneer roll,,,,1 Pc,70,70,,,,,,70,,
,,Paneer roll,,,,1 Pc,70,70,,,,,,70,,
,,Chicken roll,,,,2 Pc,80,160,,,,,,160,,
,,Paneer chilli,,,,2 Pc,180,360,,,,,,360,,
,,Veg Manchurian Half,,,,1 Pc,75,75,,,,,,75,,
,,Egg roll,,,,1 Pc,50,50,,,,,,50,,
16/02/2026,INV-00572,Cash,,,,,,,,,,,,,0,1180
,,Water 500 ml,,,,1 Pc,10,10,,,,,,10,,
,,Chicken roll,,,,2 Pc,80,160,,,,,,160,,
,,Double eggs Roll,,,,1 Pc,60,60,,,,,,60,,
,,Paratha,,,,8 Pc,25,200,,,,,,200,,
,,Chiken lollipop,,,,1 Pc,280,280,,,,,,280,,
,,Veg roll,,,,2 Pc,45,90,,,,,,90,,
,,Chicken double eggs Roll,,,,1 Pc,100,100,,,,,,100,,
,,Chicken roll,,,,2 Pc,80,160,,,,,,160,,
,,Chicken burger,,,,2 Pc,60,120,,,,,,120,,
17/02/2026,INV-00573,Cash,,,,,,,,,,,,,0,1095
,,Chicken lolipop Full,,,,1 Pc,280,280,,,,,,280,,
,,Veg noodles Half,,,,1 Pc,60,60,,,,,,60,,
,,Chicken cheese roll,,,,1 Pc,90,90,,,,,,90,,
,,Chicken Boneless Half,,,,1 Pc,85,85,,,,,,85,,
,,Egg roll,,,,1 Pc,50,50,,,,,,50,,
,,Chicken lolipop Full,,,,1 Pc,280,280,,,,,,280,,
,,Double eggs Roll,,,,3 Pc,60,180,,,,,,180,,
,,Paneer roll,,,,1 Pc,70,70,,,,,,70,,
18/02/2026,INV-00574,Cash,,,,,,,,,,,,,0,1800
,,Water 500 ml,,,,1 Pc,10,10,,,,,,10,,
,,Chicken chilli,,,,2 Pc,200,400,,,,,,400,,
,,Chicken chilli,,,,1 Pc,200,200,,,,,,200,,
,,Chicken egg roll single,,,,1 Pc,90,90,,,,,,90,,
,,Veg noodles Half,,,,1 Pc,60,60,,,,,,60,,
,,Chicken crispy,,,,1 Pc,100,100,,,,,,100,,
,,Chicken burger,,,,2 Pc,60,120,,,,,,120,,
,,Veg noodles Half,,,,3 Pc,60,180,,,,,,180,,
,,Chilli Half,,,,1 Pc,110,110,,,,,,110,,
,,Veg Burger,,,,4 Pc,50,200,,,,,,200,,
,,Paneer roll,,,,1 Pc,70,70,,,,,,70,,
,,Chicken roll,,,,2 Pc,80,160,,,,,,160,,
,,French fries,,,,1 Pc,100,100,,,,,,100,,
19/02/2026,INV-00575,Cash,,,,,,,,,,,,,0,1250
,,Veg cheese burger,,,,1 Pc,65,65,,,,,,65,,
,,Double eggs Roll,,,,1 Pc,60,60,,,,,,60,,
,,Paneer roll,,,,2 Pc,90,180,,,,,,180,,
,,Water 1 lit,,,,1 Pc,20,20,,,,,,20,,
,,Veg roll,,,,2 Pc,45,90,,,,,,90,,
,,Water 500 ml,,,,1 Pc,10,10,,,,,,10,,
,,Paneer roll,,,,1 Pc,70,70,,,,,,70,,
,,Water 500 ml,,,,3 Pc,10,30,,,,,,30,,
,,Double eggs Roll,,,,1 Pc,60,60,,,,,,60,,
,,French fries,,,,1 Pc,55,55,,,,,,55,,
,,Water 500 ml,,,,1 Pc,10,10,,,,,,10,,
,,Paratha,,,,8 Pc,25,200,,,,,,200,,
,,Chicken chilli,,,,1.5 Pc,200,300,,,,,,300,,
,,Chicken Double Cheese Burger,,,,1 Pc,100,100,,,,,,100,,
20/02/2026,INV-00576,Cash,,,,,,,,,,,,,0,2265
,,Chicken roll,,,,2 Pc,80,160,,,,,,160,,
,,Water 500 ml,,,,2 Pc,10,20,,,,,,20,,
,,Water 500 ml,,,,2 Pc,10,20,,,,,,20,,
,,Chicken roll,,,,3 Pc,80,240,,,,,,240,,
,,French fries,,,,1 Pc,55,55,,,,,,55,,
,,Veg cheese burger,,,,5 Pc,65,325,,,,,,325,,
,,Chicken roll,,,,2 Pc,80,160,,,,,,160,,
,,Water 1 lit,,,,1 Pc,20,20,,,,,,20,,
,,Double eggs Roll,,,,2 Pc,60,120,,,,,,120,,
,,Water 500 ml,,,,2 Pc,10,20,,,,,,20,,
,,Chicken chilli,,,,1 Pc,200,200,,,,,,200,,
,,Paneer chilli,,,,1 Pc,180,180,,,,,,180,,
,,Paratha,,,,5 Pc,25,125,,,,,,125,,
,,Chicken roll,,,,1 Pc,80,80,,,,,,80,,
,,Double eggs Roll,,,,1 Pc,60,60,,,,,,60,,
,,Chicken double eggs Roll,,,,1 Pc,100,100,,,,,,100,,
,,Double eggs Roll,,,,1 Pc,60,60,,,,,,60,,
,,Chicken burger,,,,1 Pc,60,60,,,,,,60,,
,,Double eggs Roll,,,,2 Pc,60,120,,,,,,120,,
,,Chicken Boneless Half,,,,1 Pc,80,80,,,,,,80,,
,,Chicken burger,,,,1 Pc,60,60,,,,,,60,,
20/02/2026,INV-00602,Cash,,,,,,,,,,,,,0,680
,,Chicken Noodles Half,,,,1 Pc,100,100,,,,,,100,,
,,Chicken fried rice,,,,2 Pc,170,340,,,,,,340,,
,,Paneer roll,,,,1 Pc,90,90,,,,,,90,,
,,Veg Manchurian,,,,1 Pc,150,150,,,,,,150,,
21/02/2026,INV-00577,Cash,,,,,,,,,,,,,0,785
,,Water 1 lit,,,,1 Pc,20,20,,,,,,20,,
,,Water 500 ml,,,,1 Pc,10,10,,,,,,10,,
,,Paneer chilli Half,,,,1 Pc,100,100,,,,,,100,,
,,Paratha,,,,2 Pc,25,50,,,,,,50,,
,,Water 500 ml,,,,1 Pc,10,10,,,,,,10,,
,,Chicken combi roll,,,,2 Pc,100,200,,,,,,200,,
,,Paneer Schezwan Roll,,,,1 Pc,80,80,,,,,,80,,
,,Paneer roll,,,,1 Pc,70,70,,,,,,70,,
,,Chicken roll,,,,1 Pc,80,80,,,,,,80,,
,,Veg cheese burger,,,,1 Pc,65,65,,,,,,65,,
,,Veg roll,,,,2 Pc,45,90,,,,,,90,,
,,Water 500 ml,,,,1 Pc,10,10,,,,,,10,,
22/02/2026,INV-00578,Cash,,,,,,,,,,,,,0,995
,,Water 500 ml,,,,2 Pc,10,20,,,,,,20,,
,,Chicken roll,,,,3 Pc,80,240,,,,,,240,,
,,Chicken Noodles Half,,,,2 Pc,80,160,,,,,,160,,
,,Chicken Boneless Half,,,,1 Pc,85,85,,,,,,85,,
,,Water 1 lit,,,,1 Pc,20,20,,,,,,20,,
,,Chicken egg roll single,,,,2 Pc,90,180,,,,,,180,,
,,Water 500 ml,,,,1 Pc,10,10,,,,,,10,,
,,Veg Rice Half,,,1,1 Pc,60,60,,,,,,60,,
,,Chicken Noodles Half,,,,1 Pc,80,80,,,,,,80,,
,,Paneer cheese roll,,,,1 Pc,80,80,,,,,,80,,
,,Veg noodles Half,,,,1 Pc,60,60,,,,,,60,,
23/02/2026,INV-00579,Cash,,,,,,,,,,,,,0,1280
,,Chilli Half,,,,1 Pc,110,110,,,,,,110,,
,,Water 500 ml,,,,1 Pc,10,10,,,,,,10,,
,,Chicken roll,,,,1 Pc,80,80,,,,,,80,,
,,Veg noodles Half,,,,1 Pc,60,60,,,,,,60,,
,,Paneer roll,,,,1 Pc,70,70,,,,,,70,,
,,Chicken roll,,,,1 Pc,80,80,,,,,,80,,
,,Water 500 ml,,,,1 Pc,10,10,,,,,,10,,
,,Paneer chilli,,,,1 Pc,180,180,,,,,,180,,
,,Paneer chilli Half,,,,1 Pc,100,100,,,,,,100,,
,,Paratha,,,,8 Pc,25,200,,,,,,200,,
,,Chicken combi roll,,,,2 Pc,100,200,,,,,,200,,
,,Paneer cheese roll,,,,1 Pc,80,80,,,,,,80,,
,,Chicken crispy,,,,1 Pc,100,100,,,,,,100,,
24/02/2026,INV-00580,Cash,,,,,,,,,,,,,0,555
,,Water 500 ml,,,,1 Pc,10,10,,,,,,10,,
,,Egg roll,,,,1 Pc,50,50,,,,,,50,,
,,Chicken roll,,,,1 Pc,80,80,,,,,,80,,
,,Veg Rice Half,,,1,1 Pc,60,60,,,,,,60,,
,,Chicken Lolipop Half,,,,1 Pc,155,155,,,,,,155,,
,,Paneer chilli Half,,,,1 Pc,100,100,,,,,,100,,
,,Soup,,,,1 Pc,100,100,,,,,,100,,
25/02/2026,INV-00581,Cash,,,,,,,,,,,,,0,1220
,,Paratha,,,,3 Pc,25,75,,,,,,75,,
,,Chilli Half,,,,1 Pc,110,110,,,,,,110,,
,,Water 500 ml,,,,2 Pc,10,20,,,,,,20,,
,,Water 500 ml,,,,2 Pc,10,20,,,,,,20,,
,,Veg Rice Half,,,1,1 Pc,60,60,,,,,,60,,
,,Double eggs Roll,,,,3 Pc,60,180,,,,,,180,,
,,Paneer roll,,,,2 Pc,70,140,,,,,,140,,
,,Water 500 ml,,,,1 Pc,10,10,,,,,,10,,
,,Double eggs Roll,,,,1 Pc,60,60,,,,,,60,,
,,Chicken cheese roll,,,,1 Pc,90,90,,,,,,90,,
,,Chicken Lolipop Half,,,,1 Pc,155,155,,,,,,155,,
,,Bone Chilli Half,,,,1 Pc,100,100,,,,,,100,,
,,Double eggs Roll,,,,3 Pc,60,180,,,,,,180,,
,,Water 1 lit,,,,1 Pc,20,20,,,,,,20,,
26/02/2026,INV-00582,Cash,,,,,,,,,,,,,0,2115
,,Veg roll,,,,1 Pc,45,45,,,,,,45,,
,,Chicken roll,,,,1 Pc,80,80,,,,,,80,,
,,Chicken roll,,,,1 Pc,80,80,,,,,,80,,
,,Water 1 lit,,,,3 Pc,20,60,,,,,,60,,
,,Water 500 ml,,,,2 Pc,10,20,,,,,,20,,
,,Veg cheese burger,,,,1 Pc,65,65,,,,,,65,,
,,Veg Burger,,,,2 Pc,50,100,,,,,,100,,
,,Veg Burger,,,,1 Pc,50,50,,,,,,50,,
,,French fries,,,,1 Pc,55,55,,,,,,55,,
,,Water 500 ml,,,,1 Pc,10,10,,,,,,10,,
,,Double eggs Roll,,,,1 Pc,60,60,,,,,,60,,
,,Chicken cheese roll,,,,1 Pc,90,90,,,,,,90,,
,,Veg cheese burger,,,,1 Pc,65,65,,,,,,65,,
,,French fries,,,,1 Pc,55,55,,,,,,55,,
,,Chicken Noodles Half,,,,2 Pc,80,160,,,,,,160,,
,,Chicken fried rice,,,,2 Pc,150,300,,,,,,300,,
,,Chicken fried rice,,,,3 Pc,150,450,,,,,,450,,
,,Chiken boneless,,,,1 Pc,150,150,,,,,,150,,
,,Chiken Manchurian,,,,1 Pc,160,160,,,,,,160,,
,,Double eggs Roll,,,,1 Pc,60,60,,,,,,60,,
27/02/2026,INV-00583,Cash,,,,,,,,,,,,,0,1630
,,Water 500 ml,,,,1 Pc,10,10,,,,,,10,,
,,Chicken burger,,,,1 Pc,60,60,,,,,,60,,
,,Chicken crispy,,,,1 Pc,100,100,,,,,,100,,
,,Veg noodles Half,,,,1 Pc,60,60,,,,,,60,,
,,Veg cheese burger,,,,5 Pc,65,325,,,,,,325,,
,,Chicken Lolipop Half,,,,1 Pc,155,155,,,,,,155,,
,,Veg Noodles,,,,1 Pc,110,110,,,,,,110,,
,,Chicken burger,,,,1 Pc,60,60,,,,,,60,,
,,Masala fries,,,,1 Pc,65,65,,,,,,65,,
,,Veg Noodles,,,,1 Pc,110,110,,,,,,110,,
,,Chicken roll,,,,2 Pc,80,160,,,,,,160,,
,,Veg roll,,,,2 Pc,45,90,,,,,,90,,
,,Paneer roll,,,,1 Pc,70,70,,,,,,70,,
,,Chicken Boneless Half,,,,1 Pc,75,75,,,,,,75,,
,,Paratha,,,,1 Pc,25,25,,,,,,25,,
,,French fries,,,,1 Pc,55,55,,,,,,55,,
,,Egg roll,,,,2 Pc,50,100,,,,,,100,,
28/02/2026,INV-00584,Cash,,,,,,,,,,,,,0,1425
,,Veg noodles Half,,,,1 Pc,60,60,,,,,,60,,
,,Double eggs Roll,,,,1 Pc,60,60,,,,,,60,,
,,Egg roll,,,,1 Pc,50,50,,,,,,50,,
,,Chicken burger,,,,1 Pc,60,60,,,,,,60,,
,,French fries,,,,1 Pc,55,55,,,,,,55,,
,,Chicken burger,,,,1 Pc,60,60,,,,,,60,,
,,Egg burger,,,,1 Pc,30,30,,,,,,30,,
,,Veg cheese burger,,,,2 Pc,65,130,,,,,,130,,
,,Veg noodles Half,,,,1 Pc,60,60,,,,,,60,,
,,Water 500 ml,,,,1 Pc,10,10,,,,,,10,,
,,Chicken roll,,,,3 Pc,80,240,,,,,,240,,
,,Double eggs Roll,,,,1 Pc,60,60,,,,,,60,,
,,Chicken combi roll,,,,2 Pc,100,200,,,,,,200,,
,,Chicken double eggs Roll,,,,1 Pc,100,100,,,,,,100,,
,,Bone Chilli Half,,,,1 Pc,100,100,,,,,,100,,
,,Chicken Lolipop Half,,,,1 Pc,150,150,,,,,,150,,
01/03/2026,INV-00585,Cash,,,,,,,,,,,,,0,630
,,Water 1 lit,,,,3 Pc,20,60,,,,,,60,,
,,Paneer roll,,,,1 Pc,70,70,,,,,,70,,
,,Double eggs Roll,,,,1 Pc,60,60,,,,,,60,,
,,Veg Burger,,,,1 Pc,50,50,,,,,,50,,
,,Double eggs Roll,,,,1 Pc,60,60,,,,,,60,,
,,Double eggs Roll,,,,1 Pc,60,60,,,,,,60,,
,,Chicken double eggs Roll,,,,1 Pc,100,100,,,,,,100,,
,,Water 1 lit,,,,1 Pc,20,20,,,,,,20,,
,,Veg Burger,,,,3 Pc,50,150,,,,,,150,,
02/03/2026,INV-00586,Cash,,,,,,,,,,,,,0,1070
,,Chicken burger,,,,2 Pc,60,120,,,,,,120,,
,,Veg noodles Half,,,,1 Pc,60,60,,,,,,60,,
,,Double eggs Roll,,,,4 Pc,60,240,,,,,,240,,
,,Veg roll,,,,1 Pc,45,45,,,,,,45,,
,,Paratha,,,,2 Pc,25,50,,,,,,50,,
,,Veg Manchurian Half,,,,1 Pc,75,75,,,,,,75,,
,,Veg Manchurian,,,,1 Pc,130,130,,,,,,130,,
,,Chicken combi roll,,,,2 Pc,100,200,,,,,,200,,
,,Chicken fried rice,,,,1 Pc,150,150,,,,,,150,,
03/03/2026,INV-00587,Cash,,,,,,,,,,,,,0,2450
,,Chicken roll,,,,1 Pc,80,80,,,,,,80,,
,,Veg Burger,,,,1 Pc,50,50,,,,,,50,,
,,Veg Noodles,,,,1 Pc,110,110,,,,,,110,,
,,Water 1 lit,,,,1 Pc,20,20,,,,,,20,,
,,Paneer roll,,,,2 Pc,70,140,,,,,,140,,
,,Veg Noodles,,,,1 Pc,110,110,,,,,,110,,
,,Veg noodles Half,,,,1 Pc,60,60,,,,,,60,,
,,Veg Manchurian Half,,,,1 Pc,75,75,,,,,,75,,
,,Veg Rice Half,,,1,1 Pc,60,60,,,,,,60,,
,,Water 1 lit,,,,1 Pc,20,20,,,,,,20,,
,,Chicken cheese roll,,,,1 Pc,90,90,,,,,,90,,
,,Chicken roll,,,,2 Pc,80,160,,,,,,160,,
,,Egg roll,,,,1 Pc,50,50,,,,,,50,,
,,Paneer chilli,,,,2 Pc,180,360,,,,,,360,,
,,Paratha,,,,3 Pc,25,75,,,,,,75,,
,,Veg Burger,,,,2 Pc,50,100,,,,,,100,,
,,Veg triple Noodles,,,,1 Pc,150,150,,,,,,150,,
,,Chicken double eggs Roll,,,,1 Pc,100,100,,,,,,100,,
,,Veg Manchurian Half,,,,1 Pc,75,75,,,,,,75,,
,,Veg roll,,,,3 Pc,45,135,,,,,,135,,
,,Veg Schezwan Noodles Half,,,,1 Pc,70,70,,,,,,70,,
,,Chicken roll,,,,2 Pc,80,160,,,,,,160,,
,,Double eggs Roll,,,,1 Pc,60,60,,,,,,60,,
,,Chicken roll,,,,1 Pc,80,80,,,,,,80,,
,,Veg noodles Half,,,,1 Pc,60,60,,,,,,60,,
06/03/2026,INV-00588,Cash,,,,,,,,,,,,,0,3509
,,Double eggs Roll,,,,2 Pc,60,120,,,,,,120,,
,,Double eggs Roll,,,,2 Pc,60,120,,,,,,120,,
,,Chicken roll,,,,1 Pc,80,80,,,,,,80,,
,,Veg Rice Half,,,1,1 Pc,70,70,,,,,,70,,
,,Double eggs Roll,,,,1 Pc,60,60,,,,,,60,,
,,Chicken chilli,,,,2 Pc,200,400,,,,,,400,,
,,Chicken lolipop Full,,,,1 Pc,280,280,,,,,,280,,
,,Paratha,,,,6 Pc,25,150,,,,,,150,,
,,Chicken egg roll single,,,,1 Pc,90,90,,,,,,90,,
,,Chicken cheese roll,,,,1 Pc,90,90,,,,,,90,,
,,Chicken egg roll single,,,,1 Pc,90,90,,,,,,90,,
,,Chicken Noodles Half,,,,1 Pc,80,80,,,,,,80,,
,,Chicken roll,,,,2 Pc,80,160,,,,,,160,,
,,Egg double burger,,,40,1 Pc,40,40,,,,,,40,,
,,Chicken Rice Half,,,,1 Pc,80,80,,,,,,80,,
,,Veg Manchurian,,,,1 Pc,129,129,,,,,,129,,
,,Veg fried rice,,,,1 Pc,110,110,,,,,,110,,
,,Veg cheese burger,,,,2 Pc,65,130,,,,,,130,,
,,Chicken cheese burger,,,,1 Pc,75,75,,,,,,75,,
,,Veg cheese burger,,,,2 Pc,65,130,,,,,,130,,
,,French fries,,,,1 Pc,55,55,,,,,,55,,
,,Double eggs Roll,,,,1 Pc,70,70,,,,,,70,,
,,Chicken roll,,,,1 Pc,80,80,,,,,,80,,
,,Paneer chilli,,,,1 Pc,180,180,,,,,,180,,
,,Paneer chilli Half,,,,1 Pc,100,100,,,,,,100,,
,,Chicken roll,,,,2 Pc,80,160,,,,,,160,,
,,Chicken Boneless Half,,,,1 Pc,85,85,,,,,,85,,
,,Paratha,,,,3 Pc,25,75,,,,,,75,,
,,Chicken chilli,,,,1 Pc,200,200,,,,,,200,,
,,Water 1 lit,,,,1 Pc,20,20,,,,,,20,,
07/03/2026,INV-00589,Cash,,,,,,,,,,,,,0,1435
,,Double eggs Roll,,,,1 Pc,60,60,,,,,,60,,
,,Chicken roll,,,,1 Pc,80,80,,,,,,80,,
,,Chilli Half,,,,1 Pc,110,110,,,,,,110,,
,,Veg Manchurian Half,,,,1 Pc,75,75,,,,,,75,,
,,Veg roll,,,,1 Pc,45,45,,,,,,45,,
,,Double eggs Roll,,,,1 Pc,60,60,,,,,,60,,
,,French fries,,,,1 Pc,55,55,,,,,,55,,
,,Chicken noodles,,,,1 Pc,150,150,,,,,,150,,
,,Veg Schezwan Noodles Half,,,,1 Pc,70,70,,,,,,70,,
,,Chicken roll,,,,1 Pc,80,80,,,,,,80,,
,,Chicken Rice Half,,,,1 Pc,80,80,,,,,,80,,
,,Chicken Boneless Half,,,,1 Pc,80,80,,,,,,80,,
,,Chicken noodles,,,,1 Pc,150,150,,,,,,150,,
,,Chiken Manchurian,,,,1 Pc,160,160,,,,,,160,,
,,Double eggs Roll,,,,1 Pc,60,60,,,,,,60,,
,,Double eggs Roll,,,,2 Pc,60,120,,,,,,120,,
08/03/2026,INV-00590,Cash,,,,,,,,,,,,,0,1370
,,Veg cheese burger,,,,2 Pc,65,130,,,,,,130,,
,,Veg noodles Half,,,,1 Pc,60,60,,,,,,60,,
,,Water 1 lit,,,,2 Pc,20,40,,,,,,40,,
,,Chicken fried rice,,,,1 Pc,150,150,,,,,,150,,
,,Chilli Half,,,,1 Pc,110,110,,,,,,110,,
,,Veg noodles Half,,,,2 Pc,60,120,,,,,,120,,
,,Water 1 lit,,,,1 Pc,20,20,,,,,,20,,
,,Double eggs Roll,,,,1 Pc,60,60,,,,,,60,,
,,Veg cheese burger,,,,1 Pc,65,65,,,,,,65,,
,,French fries,,,,1 Pc,55,55,,,,,,55,,
,,Chicken Rice Half,,,,1 Pc,80,80,,,,,,80,,
,,Chicken roll,,,,1 Pc,80,80,,,,,,80,,
,,Chicken chilli,,,,2 Pc,200,400,,,,,,400,,
09/03/2026,INV-00591,Cash,,,,,,,,,,,,,0,1530
,,Water 500 ml,,,,2 Pc,10,20,,,,,,20,,
,,Water 500 ml,,,,2 Pc,10,20,,,,,,20,,
,,Double eggs Roll,,,,1 Pc,60,60,,,,,,60,,
,,Chicken roll,,,,1 Pc,80,80,,,,,,80,,
,,Chicken roll,,,,2 Pc,80,160,,,,,,160,,
,,Paneer roll,,,,1 Pc,70,70,,,,,,70,,
,,Double eggs Roll,,,,2 Pc,60,120,,,,,,120,,
,,Water 500 ml,,,,1 Pc,10,10,,,,,,10,,
,,French fries,,,,1 Pc,55,55,,,,,,55,,
,,Veg Noodles,,,,1 Pc,110,110,,,,,,110,,
,,Veg cheese burger,,,,1 Pc,65,65,,,,,,65,,
,,Chicken crispy,,,,1 Pc,100,100,,,,,,100,,
,,Paratha,,,,5 Pc,25,125,,,,,,125,,
,,Paneer chilli,,,,1 Pc,180,180,,,,,,180,,
,,Paneer chilli Half,,,,1 Pc,100,100,,,,,,100,,
,,French fries,,,,1 Pc,55,55,,,,,,55,,
,,Egg roll,,,,4 Pc,50,200,,,,,,200,,
10/03/2026,INV-00592,Cash,,,,,,,,,,,,,0,1450
,,Water 1 lit,,,,1 Pc,20,20,,,,,,20,,
,,Water 500 ml,,,,3 Pc,10,30,,,,,,30,,
,,Water 500 ml,,,,4 Pc,10,40,,,,,,40,,
,,Chicken roll,,,,1 Pc,80,80,,,,,,80,,
,,Chilli Half,,,,1 Pc,110,110,,,,,,110,,
,,Veg noodles Half,,,,1 Pc,60,60,,,,,,60,,
,,Veg Noodles,,,,1 Pc,110,110,,,,,,110,,
,,Veg Manchurian,,,,1 Pc,130,130,,,,,,130,,
,,Veg Manchurian,,,,1 Pc,130,130,,,,,,130,,
,,Veg 65,,,,1 Pc,140,140,,,,,,140,,
,,Chicken roll,,,,3 Pc,80,240,,,,,,240,,
,,Chicken crispy,,,,1 Pc,100,100,,,,,,100,,
,,Double eggs Roll,,,,3 Pc,60,180,,,,,,180,,
,,Chicken roll,,,,1 Pc,80,80,,,,,,80,,
11/03/2026,INV-00593,Cash,,,,,,,,,,,,,0,2545
,,Water 500 ml,,,,1 Pc,10,10,,,,,,10,,
,,Water 1 lit,,,,1 Pc,20,20,,,,,,20,,
,,Chicken Lolipop Half,,,,1 Pc,155,155,,,,,,155,,
,,Water 1 lit,,,,1 Pc,20,20,,,,,,20,,
,,Chicken egg roll single,,,,1 Pc,90,90,,,,,,90,,
,,Double eggs Roll,,,,1 Pc,60,60,,,,,,60,,
,,French fries,,,,1 Pc,55,55,,,,,,55,,
,,Water 500 ml,,,,1 Pc,10,10,,,,,,10,,
,,Paneer roll,,,,2 Pc,70,140,,,,,,140,,
,,Chicken noodles,,,,1 Pc,150,150,,,,,,150,,
,,Chicken fried rice,,,,1 Pc,150,150,,,,,,150,,
,,Chiken boneless,,,,1 Pc,150,150,,,,,,150,,
,,Chicken crispy,,,,2 Pc,100,200,,,,,,200,,
,,Chicken roll,,,,4 Pc,80,320,,,,,,320,,
,,Water 1 lit,,,,2 Pc,20,40,,,,,,40,,
,,Veg Burger,,,,1 Pc,50,50,,,,,,50,,
,,Water 500 ml,,,,1 Pc,10,10,,,,,,10,,
,,Chicken roll,,,,3 Pc,80,240,,,,,,240,,
,,Egg roll,,,,4 Pc,50,200,,,,,,200,,
,,Paneer chilli Half,,,,1 Pc,100,100,,,,,,100,,
,,Veg noodles Half,,,,3 Pc,60,180,,,,,,180,,
,,Double eggs Roll,,,,1 Pc,60,60,,,,,,60,,
,,Water 500 ml,,,,1 Pc,10,10,,,,,,10,,
,,Chicken Rice Half,,,,1 Pc,80,80,,,,,,80,,
,,Veg roll,,,,1 Pc,45,45,,,,,,45,,
12/03/2026,INV-00594,Cash,,,,,,,,,,,,,0,1135
,,Water 1 lit,,,,1 Pc,20,20,,,,,,20,,
,,Water 1 lit,,,,1 Pc,20,20,,,,,,20,,
,,Veg noodles Half,,,,1 Pc,70,70,,,,,,70,,
,,Water 500 ml,,,,1 Pc,10,10,,,,,,10,,
,,Chicken double eggs Roll,,,,2 Pc,120,240,,,,,,240,,
,,Water 500 ml,,,,1 Pc,10,10,,,,,,10,,
,,Chicken Noodles Half,,,,1 Pc,100,100,,,,,,100,,
,,Veg roll,,,,1 Pc,65,65,,,,,,65,,
,,Chicken cheese roll,,,,2 Pc,110,220,,,,,,220,,
,,Veg Noodles,,,,1 Pc,130,130,,,,,,130,,
,,Chicken Noodles Half,,,,1 Pc,100,100,,,,,,100,,
,,Chicken fried rice,,,,1 Pc,150,150,,,,,,150,,
13/03/2026,INV-00595,Cash,,,,,,,,,,,,,0,2015
,,Chicken double eggs Roll,,,,1 Pc,120,120,,,,,,120,,
,,Water 500 ml,,,,1 Pc,10,10,,,,,,10,,
,,Veg Burger,,,,1 Pc,70,70,,,,,,70,,
,,Water 1 lit,,,,1 Pc,20,20,,,,,,20,,
,,Water 1 lit,,,,1 Pc,20,20,,,,,,20,,
,,Paneer Rice Half,,,,1 Pc,100,100,,,,,,100,,
,,Chicken Rice Half,,,,1 Pc,100,100,,,,,,100,,
,,Water 500 ml,,,,1 Pc,10,10,,,,,,10,,
,,Veg Burger,,,,2 Pc,60,120,,,,,,120,,
,,Egg burger,,,,1 Pc,100,100,,,,,,100,,
,,Baby corn chilli,,,,1 Pc,220,220,,,,,,220,,
,,Paratha,,,,2 Pc,35,70,,,,,,70,,
,,Chicken roll,,,,1 Pc,100,100,,,,,,100,,
,,Double eggs Roll,,,,1 Pc,80,80,,,,,,80,,
,,Chicken double eggs Roll,,,,1 Pc,120,120,,,,,,120,,
,,Chicken Noodles Half,,,,1 Pc,100,100,,,,,,100,,
,,French fries,,,,1 Pc,65,65,,,,,,65,,
,,Water 1 lit,,,,1 Pc,20,20,,,,,,20,,
,,Chicken Noodles Half,,,,1 Pc,100,100,,,,,,100,,
,,Double eggs Roll,,,,1 Pc,80,80,,,,,,80,,
,,Chicken double eggs Roll,,,,2 Pc,100,200,,,,,,200,,
,,Chicken Rice Half,,,,1 Pc,90,90,,,,,,90,,
,,Chicken roll,,,,1 Pc,100,100,,,,,,100,,
14/03/2026,INV-00596,Cash,,,,,,,,,,,,,0,2355
,,Double eggs Roll,,,,1 Pc,80,80,,,,,,80,,
,,Chicken roll,,,,2 Pc,100,200,,,,,,200,,
,,Chicken roll,,,,1 Pc,100,100,,,,,,100,,
,,Chicken roll,,,,1 Pc,100,100,,,,,,100,,
,,Chicken combi roll,,,,2 Pc,120,240,,,,,,240,,
,,Chicken roll,,,,1 Pc,100,100,,,,,,100,,
,,Paneer chilli Half,,,,1 Pc,120,120,,,,,,120,,
,,Chicken Noodles Half,,,,1 Pc,100,100,,,,,,100,,
,,Chicken fried rice,,,,1 Pc,180,180,,,,,,180,,
,,Chicken Lolipop Half,,,,1 Pc,175,175,,,,,,175,,
,,Paneer chilli Half,,,,1 Pc,120,120,,,,,,120,,
,,Paneer Rice Half,,,,1 Pc,100,100,,,,,,100,,
,,Paratha,,,,3 Pc,35,105,,,,,,105,,
,,Water 1 lit,,,,1 Pc,20,20,,,,,,20,,
,,Paratha,,,,3 Pc,35,105,,,,,,105,,
,,Paneer chilli,,,,1 Pc,200,200,,,,,,200,,
,,Paneer chilli Half,,,,1 Pc,120,120,,,,,,120,,
,,Chicken Rice Half,,,,1 Pc,100,100,,,,,,100,,
,,Paratha,,,,2 Pc,45,90,,,,,,90,,
15/03/2026,INV-00597,Cash,,,,,,,,,,,,,0,2260
,,Veg Burger,,,,1 Pc,100,100,,,,,,100,,
,,Chicken roll,,,,2 Pc,100,200,,,,,,200,,
,,Chicken Rice Half,,,,3 Pc,110,330,,,,,,330,,
,,Paneer Rice Half,,,,1 Pc,110,110,,,,,,110,,
,,Water 1 lit,,,,1 Pc,20,20,,,,,,20,,
,,Water 1 lit,,,,1 Pc,20,20,,,,,,20,,
,,Veg Rice Half,,,1,1 Pc,80,80,,,,,,80,,
,,Chicken crispy,,,,1 Pc,120,120,,,,,,120,,
,,Water 500 ml,,,,1 Pc,10,10,,,,,,10,,
,,Paneer chilli Half,,,,1 Pc,110,110,,,,,,110,,
,,Paneer roll,,,,1 Pc,90,90,,,,,,90,,
,,Chicken double eggs Roll,,,,3 Pc,120,360,,,,,,360,,
,,Chicken chilli,,,,1 Pc,200,200,,,,,,200,,
,,Chicken noodles,,,,2 Pc,150,300,,,,,,300,,
,,Chicken double eggs Roll,,,,1 Pc,110,110,,,,,,110,,
,,Chicken roll,,,,1 Pc,100,100,,,,,,100,,
16/03/2026,INV-00598,Cash,,,,,,,,,,,,,0,1575
,,Veg Noodles,,,,1 Pc,130,130,,,,,,130,,
,,Water 500 ml,,,,3 Pc,10,30,,,,,,30,,
,,Chicken Lolipop Half,,,,1 Pc,175,175,,,,,,175,,
,,Chicken roll,,,,2 Pc,100,200,,,,,,200,,
,,Egg roll,,,,1 Pc,70,70,,,,,,70,,
,,Chicken double eggs Roll,,,,1 Pc,120,120,,,,,,120,,
,,Water 500 ml,,,,1 Pc,10,10,,,,,,10,,
,,Veg Noodles,,,,1 Pc,130,130,,,,,,130,,
,,Double eggs Roll,,,,1 Pc,80,80,,,,,,80,,
,,Veg noodles Half,,,,1 Pc,80,80,,,,,,80,,
,,Chicken Noodles Half,,,,1 Pc,100,100,,,,,,100,,
,,Veg noodles Half,,,,1 Pc,80,80,,,,,,80,,
,,Chicken Noodles Half,,,,1 Pc,100,100,,,,,,100,,
,,Chiken boneless,,,,1 Pc,170,170,,,,,,170,,
,,Chicken Noodles Half,,,,1 Pc,100,100,,,,,,100,,
17/03/2026,INV-00599,Cash,,,,,,,,,,,,,0,2205
,,Veg Noodles,,,,1 Pc,130,130,,,,,,130,,
,,Paneer cheese roll,,,,1 Pc,100,100,,,,,,100,,
,,Double eggs Roll,,,,1 Pc,80,80,,,,,,80,,
,,Paneer roll,,,,1 Pc,80,80,,,,,,80,,
,,Veg Noodles,,,,1 Pc,130,130,,,,,,130,,
,,Chicken egg roll single,,,,1 Pc,110,110,,,,,,110,,
,,Egg roll,,,,1 Pc,70,70,,,,,,70,,
,,Chicken fried rice,,,,2 Pc,170,340,,,,,,340,,
,,Paratha,,,,2 Pc,35,70,,,,,,70,,
,,Veg Noodles,,,,1 Pc,130,130,,,,,,130,,
,,French fries,,,,1 Pc,75,75,,,,,,75,,
,,Chicken crispy,,,,1 Pc,120,120,,,,,,120,,
,,Chilli Half,,,,1 Pc,130,130,,,,,,130,,
,,Veg Noodles,,,,1 Pc,130,130,,,,,,130,,
,,Chicken noodles,,,,3 Pc,170,510,,,,,,510,,
18/03/2026,INV-00600,Cash,,,,,,,,,,,,,0,1500
,,Chicken crispy,,,,1 Pc,120,120,,,,,,120,,
,,Chicken noodles,,,,1 Pc,170,170,,,,,,170,,
,,Water 500 ml,,,,1 Pc,10,10,,,,,,10,,
,,Chicken roll,,,,2 Pc,100,200,,,,,,200,,
,,Chicken Noodles Half,,,,2 Pc,100,200,,,,,,200,,
,,Paneer roll,,,,1 Pc,90,90,,,,,,90,,
,,Veg Noodles,,,,1 Pc,130,130,,,,,,130,,
,,Double eggs Roll,,,,1 Pc,80,80,,,,,,80,,
,,Paneer roll,,,,1 Pc,90,90,,,,,,90,,
,,Veg Noodles,,,,1 Pc,130,130,,,,,,130,,
,,Water 500 ml,,,,1 Pc,10,10,,,,,,10,,
,,Chicken Rice Half,,,,1 Pc,90,90,,,,,,90,,
,,Chicken Rice Half,,,,1 Pc,100,100,,,,,,100,,
,,Veg noodles Half,,,,1 Pc,80,80,,,,,,80,,
19/03/2026,INV-00601,Cash,,,,,,,,,,,,,0,1175
,,Veg noodles Half,,,,1 Pc,80,80,,,,,,80,,
,,Double eggs Roll,,,,1 Pc,80,80,,,,,,80,,
,,Chicken chilli,,,,1 Pc,220,220,,,,,,220,,
,,Veg roll,,,,1 Pc,65,65,,,,,,65,,
,,Water 500 ml,,,,1 Pc,10,10,,,,,,10,,
,,Chicken crispy,,,,1 Pc,120,120,,,,,,120,,
,,Chicken 65,,,,1 Pc,140,140,,,,,,140,,
,,Veg noodles Half,,,,2 Pc,80,160,,,,,,160,,
,,Chicken crispy,,,,2 Pc,100,200,,,,,,200,,
,,Chicken roll,,,,1 Pc,100,100,,,,,,100,,
20/03/2026,INV-00603,Cash,,,,,,,,,,,,,0,860
,,Chicken Noodles Half,,,,1 Pc,100,100,,,,,,100,,
,,Chicken Lolipop Half,,,,1 Pc,160,160,,,,,,160,,
,,Chicken fried rice,,,,1 Pc,170,170,,,,,,170,,
,,Paratha,,,,4 Pc,45,180,,,,,,180,,
,,Chicken Boneless Half,,,,1 Pc,100,100,,,,,,100,,
,,Veg Manchurian,,,,1 Pc,150,150,,,,,,150,,
22/03/2026,INV-00604,Cash,,,,,,,,,,,,,0,1160
,,Water 1 lit,,,,1 Pc,20,20,,,,,,20,,
,,Chicken noodles,,,,1 Pc,170,170,,,,,,170,,
,,Water 500 ml,,,,1 Pc,10,10,,,,,,10,,
,,Chicken Rice Half,,,,1 Pc,100,100,,,,,,100,,
,,Chicken crispy,,,,2 Pc,120,240,,,,,,240,,
,,Chicken noodles,,,,1 Pc,170,170,,,,,,170,,
,,Chicken Rice Half,,,,1 Pc,100,100,,,,,,100,,
,,Chicken roll,,,,1 Pc,100,100,,,,,,100,,
,,Chicken double eggs Roll,,,,2 Pc,120,240,,,,,,240,,
,,Water 500 ml,,,,1 Pc,10,10,,,,,,10,,
23/03/2026,INV-00605,Cash,,,,,,,,,,,,,0,1350
,,Water 1 lit,,,,1 Pc,20,20,,,,,,20,,
,,Water 500 ml,,,,1 Pc,10,10,,,,,,10,,
,,French fries,,,,1 Pc,100,100,,,,,,100,,
,,Water 500 ml,,,,1 Pc,10,10,,,,,,10,,
,,Chicken noodles,,,,1 Pc,170,170,,,,,,170,,
,,Paneer roll,,,,1 Pc,90,90,,,,,,90,,
,,Chicken roll,,,,1 Pc,100,100,,,,,,100,,
,,Veg Noodles,,,,1 Pc,130,130,,,,,,130,,
,,Veg Noodles,,,,1 Pc,130,130,,,,,,130,,
,,Chicken Noodles Half,,,,1 Pc,100,100,,,,,,100,,
,,Chicken roll,,,,2 Pc,100,200,,,,,,200,,
,,Chicken Rice Half,,,,1 Pc,100,100,,,,,,100,,
,,Chicken chilli,,,,1 Pc,190,190,,,,,,190,,
24/03/2026,INV-00606,Cash,,,,,,,,,,,,,0,2025
,,Water 1 lit,,,,1 Pc,20,20,,,,,,20,,
,,Veg Rice Half,,,1,1 Pc,80,80,,,,,,80,,
,,Chicken roll,,,,1 Pc,100,100,,,,,,100,,
,,Chicken roll,,,,3 Pc,100,300,,,,,,300,,
,,Chicken Noodles Half,,,,3 Pc,100,300,,,,,,300,,
,,Chicken noodles,,,,1 Pc,170,170,,,,,,170,,
,,Paneer Noodles Half,,,,2 Pc,100,200,,,,,,200,,
,,French fries,,,,1 Pc,75,75,,,,,,75,,
,,Chicken Noodles Half,,,,2 Pc,100,200,,,,,,200,,
,,Water 500 ml,,,,1 Pc,10,10,,,,,,10,,
,,Veg Noodles,,,,1 Pc,130,130,,,,,,130,,
,,Chicken double eggs Roll,,,,2 Pc,120,240,,,,,,240,,
,,Chicken Chilli Half,,,,1 Pc,130,130,,,,,,130,,
,,Paratha,,,,2 Pc,35,70,,,,,,70,,
25/03/2026,INV-00607,Cash,,,,,,,,,,,,,0,1040
,,Chicken roll,,,,1 Pc,100,100,,,,,,100,,
,,Water 500 ml,,,,1 Pc,10,10,,,,,,10,,
,,Paneer roll,,,,1 Pc,90,90,,,,,,90,,
,,Water 500 ml,,,,1 Pc,10,10,,,,,,10,,
,,Egg roll,,,,1 Pc,50,50,,,,,,50,,
,,Veg Manchurian,,,,1 Pc,150,150,,,,,,150,,
,,Paneer roll,,,,1 Pc,90,90,,,,,,90,,
,,Chicken chilli,,,,1.5 Pc,200,300,,,,,,300,,
,,Chicken noodles,,,,1 Pc,140,140,,,,,,140,,
,,Chicken roll,,,,1 Pc,100,100,,,,,,100,,
26/03/2026,INV-00608,Cash,,,,,,,,,,,,,0,1995
,,Chicken roll,,,,3 Pc,100,300,,,,,,300,,
,,Veg Burger,,,,1 Pc,70,70,,,,,,70,,
,,Veg cheese burger,,,,1 Pc,85,85,,,,,,85,,
,,Paneer roll,,,,1 Pc,90,90,,,,,,90,,
,,Chicken noodles,,,,1 Pc,170,170,,,,,,170,,
,,Chiken boneless,,,,1 Pc,170,170,,,,,,170,,
,,Chicken noodles,,,,1 Pc,170,170,,,,,,170,,
,,Chicken roll,,,,3 Pc,100,300,,,,,,300,,
,,Veg roll,,,,1 Pc,65,65,,,,,,65,,
,,Chicken double eggs Roll,,,,2 Pc,120,240,,,,,,240,,
,,Paratha,,,,3 Pc,35,105,,,,,,105,,
,,Chicken crispy,,,,1 Pc,120,120,,,,,,120,,
,,Chicken Manchurian Half,,,,1 Pc,110,110,,,,,,110,,
27/03/2026,INV-00609,Cash,,,,,,,,,,,,,0,2525
,,Veg Burger,,,,1 Pc,70,70,,,,,,70,,
,,Water 500 ml,,,,1 Pc,10,10,,,,,,10,,
,,Veg Burger,,,,1 Pc,70,70,,,,,,70,,
,,Veg fried rice,,,,2 Pc,130,260,,,,,,260,,
,,Paneer Chilli Full,,,,1 Pc,200,200,,,,,,200,,
,,Chicken roll,,,,1 Pc,100,100,,,,,,100,,
,,Chiken boneless,,,,1 Pc,170,170,,,,,,170,,
,,Chicken noodles,,,,1 Pc,170,170,,,,,,170,,
,,Veg fried rice,,,,1 Pc,130,130,,,,,,130,,
,,Chicken roll,,,,2 Pc,100,200,,,,,,200,,
,,Double eggs Roll,,,,1 Pc,80,80,,,,,,80,,
,,Veg Burger,,,,2 Pc,70,140,,,,,,140,,
,,Chicken Noodles Half,,,,1 Pc,100,100,,,,,,100,,
,,Water 500 ml,,,,1 Pc,10,10,,,,,,10,,
,,Chicken noodles,,,,2 Pc,170,340,,,,,,340,,
,,Chicken crispy,,,,2 Pc,120,240,,,,,,240,,
,,Chicken Chilli Half,,,,1 Pc,130,130,,,,,,130,,
,,Paratha,,,,3 Pc,35,105,,,,,,105,,
28/03/2026,INV-00610,Cash,,,,,,,,,,,,,0,2725
,,Chicken Schezwan Noodles full,,,,1 Pc,200,200,,,,,,200,,
,,Chicken roll,,,,3 Pc,100,300,,,,,,300,,
,,Bone chilly,,,,1 Pc,200,200,,,,,,200,,
,,Veg Noodles,,,,1 Pc,130,130,,,,,,130,,
,,Chicken crispy,,,,1 Pc,120,120,,,,,,120,,
,,Chicken double eggs Roll,,,,2 Pc,120,240,,,,,,240,,
,,Chicken Noodles Half,,,,1 Pc,100,100,,,,,,100,,
,,Egg double burger,,,40,1 Pc,50,50,,,,,,50,,
,,Chicken roll,,,,1 Pc,100,100,,,,,,100,,
,,Double eggs Roll,,,,1 Pc,80,80,,,,,,80,,
,,Paratha,,,,2 Pc,35,70,,,,,,70,,
,,Paneer chilli Half,,,,1 Pc,120,120,,,,,,120,,
,,Chicken noodles,,,,1 Pc,180,180,,,,,,180,,
,,Chicken crispy,,,,1 Pc,120,120,,,,,,120,,
,,Chicken double eggs Roll,,,,1 Pc,120,120,,,,,,120,,
,,Chicken chilli,,,,1 Pc,220,220,,,,,,220,,
,,Chicken Rice Half,,,,1 Pc,100,100,,,,,,100,,
,,Chilli Half,,,,1 Pc,130,130,,,,,,130,,
,,Paratha,,,,1 Pc,35,35,,,,,,35,,
,,Chicken Boneless Half,,,,1 Pc,100,100,,,,,,100,,
,,Water 500 ml,,,,1 Pc,10,10,,,,,,10,,
29/03/2026,INV-00611,Cash,,,,,,,,,,,,,0,3215
,,Chiken boneless,,,,1 Pc,170,170,,,,,,170,,
,,Chicken fried rice,,,,1 Pc,170,170,,,,,,170,,
,,Chicken roll,,,,2 Pc,100,200,,,,,,200,,
,,Chicken noodles,,,,1 Pc,170,170,,,,,,170,,
,,Chicken Schezwan Noodles full,,,,1 Pc,170,170,,,,,,170,,
,,Water 1 lit,,,,1 Pc,20,20,,,,,,20,,
,,Chicken roll,,,,1 Pc,100,100,,,,,,100,,
,,Paneer roll,,,,1 Pc,90,90,,,,,,90,,
,,Chicken Noodles Half,,,,1 Pc,100,100,,,,,,100,,
,,Chicken noodles,,,,1 Pc,170,170,,,,,,170,,
,,Chicken roll,,,,3 Pc,100,300,,,,,,300,,
,,Chicken roll,,,,1 Pc,100,100,,,,,,100,,
,,Chicken noodles,,,,1 Pc,170,170,,,,,,170,,
,,Chicken fried rice,,,,1 Pc,170,170,,,,,,170,,
,,Chicken roll,,,,2 Pc,100,200,,,,,,200,,
,,Chicken roll,,,,2 Pc,100,200,,,,,,200,,
,,Veg noodles Half,,,,1 Pc,80,80,,,,,,80,,
,,Chicken roll,,,,2 Pc,100,200,,,,,,200,,
,,Chicken crispy,,,,1 Pc,120,120,,,,,,120,,
,,Double eggs Roll,,,,1 Pc,80,80,,,,,,80,,
,,French fries,,,,1 Pc,75,75,,,,,,75,,
,,Double eggs Roll,,,,1 Pc,80,80,,,,,,80,,
,,Double eggs Roll,,,,1 Pc,80,80,,,,,,80,,
30/03/2026,INV-00612,Cash,,,,,,,,,,,,,0,2390
,,Double eggs Roll,,,,1 Pc,80,80,,,,,,80,,
,,Water 500 ml,,,,1 Pc,10,10,,,,,,10,,
,,Chicken double eggs Roll,,,,2 Pc,120,240,,,,,,240,,
,,Veg Noodles,,,,1 Pc,130,130,,,,,,130,,
,,Chicken roll,,,,1 Pc,100,100,,,,,,100,,
,,Chicken Noodles Half,,,,1 Pc,100,100,,,,,,100,,
,,Chicken chilli,,,,1 Pc,220,220,,,,,,220,,
,,Chicken roll,,,,1 Pc,100,100,,,,,,100,,
,,Paneer roll,,,,1 Pc,90,90,,,,,,90,,
,,Chicken Rice Half,,,,1 Pc,100,100,,,,,,100,,
,,Egg noodles,,,,1 Pc,80,80,,,,,,80,,
,,Double eggs Roll,,,,1 Pc,80,80,,,,,,80,,
,,Chicken chilli,,,,1 Pc,220,220,,,,,,220,,
,,Chiken Manchurian,,,,1 Pc,200,200,,,,,,200,,
,,Paratha,,,,4 Pc,35,140,,,,,,140,,
,,Chicken double eggs Roll,,,,1 Pc,100,100,,,,,,100,,
,,Chicken roll,,,,1 Pc,100,100,,,,,,100,,
,,Chicken Noodles Half,,,,1 Pc,100,100,,,,,,100,,
,,Double eggs Roll,,,,1 Pc,200,200,,,,,,200,,
31/03/2026,INV-00613,Cash,,,,,,,,,,,,,0,1629
,,Veg Burger,,,,1 Pc,70,70,,,,,,70,,
,,Chicken roll,,,,2 Pc,100,200,,,,,,200,,
,,Egg roll,,,,1 Pc,70,70,,,,,,70,,
,,Chicken Manchow Soup Full,,,,1 Pc,120,120,,,,,,120,,
,,Chicken fried rice,,,,1 Pc,170,170,,,,,,170,,
,,Chicken Noodles Half,,,,1 Pc,100,100,,,,,,100,,
,,Chicken noodles,,,,1 Pc,170,170,,,,,,170,,
,,Chiken Manchurian,,,,1 Pc,179,179,,,,,,179,,
,,Chicken double eggs Roll,,,,1 Pc,120,120,,,,,,120,,
,,Veg Burger,,,,1 Pc,70,70,,,,,,70,,
,,Chicken crispy,,,,3 Pc,120,360,,,,,,360,,
01/04/2026,INV-00614,Cash,,,,,,,,,,,,,0,2275
,,Chicken fried rice,,,,1 Pc,170,170,,,,,,170,,
,,Veg fried rice,,,,2 Pc,130,260,,,,,,260,,
,,Paneer chilli,,,,1 Pc,200,200,,,,,,200,,
,,Veg Noodles,,,,2 Pc,130,260,,,,,,260,,
,,Chicken chilli,,,,1 Pc,220,220,,,,,,220,,
,,Chiken Manchurian,,,,1 Pc,180,180,,,,,,180,,
,,Chicken fried rice,,,,1 Pc,170,170,,,,,,170,,
,,Chicken roll,,,,1 Pc,100,100,,,,,,100,,
,,Egg roll,,,,1 Pc,70,70,,,,,,70,,
,,Chicken crispy,,,,2 Pc,120,240,,,,,,240,,
,,Chicken roll,,,,1 Pc,100,100,,,,,,100,,
,,Chicken roll,,,,1 Pc,100,100,,,,,,100,,
,,Veg roll,,,,3 Pc,65,195,,,,,,195,,
,,Water 500 ml,,,,1 Pc,10,10,,,,,,10,,
02/04/2026,INV-00615,Cash,,,,,,,,,,,,,0,1810
,,Water 1 lit,,,,2 Pc,20,40,,,,,,40,,
,,Water 500 ml,,,,1 Pc,10,10,,,,,,10,,
,,Veg roll,,,,2 Pc,65,130,,,,,,130,,
,,Chicken roll,,,,2 Pc,100,200,,,,,,200,,
,,Chicken double eggs Roll,,,,2 Pc,120,240,,,,,,240,,
,,Chiken boneless,,,,1 Pc,170,170,,,,,,170,,
,,Double eggs Roll,,,,2 Pc,80,160,,,,,,160,,
,,Chicken roll,,,,1 Pc,100,100,,,,,,100,,
,,Chicken Rice Half,,,,1 Pc,100,100,,,,,,100,,
,,Chicken chilli,,,,1 Pc,200,200,,,,,,200,,
,,Chicken noodles,,,,1 Pc,170,170,,,,,,170,,
,,Chicken roll,,,,1 Pc,100,100,,,,,,100,,
,,Chicken roll,,,,1 Pc,100,100,,,,,,100,,
,,Paratha,,,,2 Pc,45,90,,,,,,90,,
03/04/2026,INV-00616,Cash,,,,,,,,,,,,,0,2890
,,Veg roll,,,,2 Pc,65,130,,,,,,130,,
,,Veg roll,,,,5 Pc,65,325,,,,,,325,,
,,Chicken roll,,,,1 Pc,100,100,,,,,,100,,
,,Chicken roll,,,,2 Pc,100,200,,,,,,200,,
,,Veg cheese burger,,,,1 Pc,85,85,,,,,,85,,
,,Chicken crispy,,,,1 Pc,150,150,,,,,,150,,
,,Chicken Noodles Half,,,,2 Pc,100,200,,,,,,200,,
,,Chicken combi roll,,,,1 Pc,120,120,,,,,,120,,
,,Chicken cheese roll,,,,2 Pc,120,240,,,,,,240,,
,,Water 500 ml,,,,1 Pc,10,10,,,,,,10,,
,,Veg noodles Half,,,,2 Pc,80,160,,,,,,160,,
,,Chicken Chilli Half,,,,1 Pc,130,130,,,,,,130,,
,,Chiken boneless,,,,2 Pc,200,400,,,,,,400,,
,,Chicken chilli,,,,1 Pc,220,220,,,,,,220,,
,,Veg noodles Half,,,,1 Pc,80,80,,,,,,80,,
,,Chicken cheese roll,,,,2 Pc,120,240,,,,,,240,,
,,Double eggs chicken roll,,,,1 Pc,100,100,,,,,,100,,
04/04/2026,INV-00617,Cash,,,,,,,,,,,,,0,2105
,,Paneer roll,,,,2 Pc,90,180,,,,,,180,,
,,Water 500 ml,,,,2 Pc,10,20,,,,,,20,,
,,Veg Rice Half,,,1,2 Pc,80,160,,,,,,160,,
,,Water 1 lit,,,,1 Pc,20,20,,,,,,20,,
,,Chicken Rice Half,,,,1 Pc,100,100,,,,,,100,,
,,Chicken fried rice,,,,2 Pc,170,340,,,,,,340,,
,,Chiken boneless,,,,1 Pc,200,200,,,,,,200,,
,,French fries,,,,1 Pc,75,75,,,,,,75,,
,,Veg noodles Half,,,,1 Pc,80,80,,,,,,80,,
,,Chicken Noodles Half,,,,1 Pc,100,100,,,,,,100,,
,,Water 500 ml,,,,2 Pc,10,20,,,,,,20,,
,,Chicken roll,,,,1 Pc,100,100,,,,,,100,,
,,Veg Burger,,,,1 Pc,70,70,,,,,,70,,
,,Chicken roll,,,,2 Pc,100,200,,,,,,200,,
,,Veg noodles Half,,,,1 Pc,80,80,,,,,,80,,
,,Soup,,,,2 Pc,115,230,,,,,,230,,
,,Paneer chilli Half,,,,1 Pc,110,110,,,,,,110,,
,,Water 1 lit,,,,1 Pc,20,20,,,,,,20,,
05/04/2026,INV-00618,Cash,,,,,,,,,,,,,0,2740
,,Veg roll,,,,2 Pc,65,130,,,,,,130,,
,,Double eggs Roll,,,,2 Pc,80,160,,,,,,160,,
,,Chicken noodles,,,,1 Pc,150,150,,,,,,150,,
,,Chicken chilli,,,,1.5 Pc,200,300,,,,,,300,,
,,Bone Chilli Half,,,,1 Pc,100,100,,,,,,100,,
,,Paratha,,,,2 Pc,50,100,,,,,,100,,
,,Veg Noodles,,,,1 Pc,130,130,,,,,,130,,
,,Chicken noodles,,,,1 Pc,170,170,,,,,,170,,
,,Chicken crispy,,,,1 Pc,150,150,,,,,,150,,
,,Chicken double eggs Roll,,,,2 Pc,120,240,,,,,,240,,
,,Veg Manchurian,,,,1 Pc,150,150,,,,,,150,,
,,Chiken Manchurian,,,,1 Pc,200,200,,,,,,200,,
,,Chicken roll,,,,1 Pc,100,100,,,,,,100,,
,,Double eggs Roll,,,,1 Pc,80,80,,,,,,80,,
,,Chicken roll,,,,1 Pc,100,100,,,,,,100,,
,,Chicken Chilli Half,,,,1 Pc,130,130,,,,,,130,,
,,Chicken 65,,,,1 Pc,240,240,,,,,,240,,
,,Chicken roll,,,,1 Pc,100,100,,,,,,100,,
,,Water 500 ml,,,,1 Pc,10,10,,,,,,10,,
06/04/2026,INV-00619,Cash,,,,,,,,,,,,,0,1800
,,Chiken boneless,,,,2 Pc,175,350,,,,,,350,,
,,Double eggs Roll,,,,1 Pc,80,80,,,,,,80,,
,,Water 1 lit,,,,1 Pc,20,20,,,,,,20,,
,,Chicken roll,,,,1 Pc,100,100,,,,,,100,,
,,Chicken roll,,,,1 Pc,100,100,,,,,,100,,
,,Veg cheese burger,,,,2 Pc,85,170,,,,,,170,,
,,Chicken Rice Half,,,,2 Pc,100,200,,,,,,200,,
,,Chicken chilli,,,,1 Pc,220,220,,,,,,220,,
,,Chicken Noodles Half,,,,1 Pc,100,100,,,,,,100,,
,,Chicken crispy,,,,1 Pc,150,150,,,,,,150,,
,,Water 500 ml,,,,1 Pc,10,10,,,,,,10,,
,,Chicken double eggs Roll,,,,1 Pc,100,100,,,,,,100,,
,,Bone chilly,,,,1 Pc,200,200,,,,,,200,,
07/04/2026,INV-00620,Cash,,,,,,,,,,,,,0,2590
,,Chicken fried rice,,,,1 Pc,170,170,,,,,,170,,
,,Chicken chilli,,,,2 Pc,220,440,,,,,,440,,
,,Chicken fried rice,,,,1 Pc,170,170,,,,,,170,,
,,Chicken noodles,,,,1 Pc,170,170,,,,,,170,,
,,Chicken fried rice,,,,1 Pc,170,170,,,,,,170,,
,,Chiken boneless,,,,1 Pc,170,170,,,,,,170,,
,,Chicken Lolipop Half,,,,1 Pc,150,150,,,,,,150,,
,,Chiken boneless,,,,1 Pc,170,170,,,,,,170,,
,,Paratha,,,,7 Pc,30,210,,,,,,210,,
,,Chicken fried rice,,,,1 Pc,170,170,,,,,,170,,
,,Veg Manchurian,,,,1 Pc,150,150,,,,,,150,,
,,Chicken chilli,,,,1 Pc,200,200,,,,,,200,,
,,Chicken noodles,,,,1 Pc,160,160,,,,,,160,,
,,Paneer roll,,,,1 Pc,90,90,,,,,,90,,
08/04/2026,INV-00621,Cash,,,,,,,,,,,,,0,390
,,Water 1 lit,,,,1 Pc,20,20,,,,,,20,,
,,Double eggs Roll,,,,1 Pc,80,80,,,,,,80,,
,,Chicken fried rice,,,,1 Pc,170,170,,,,,,170,,
,,Chicken double eggs Roll,,,,1 Pc,120,120,,,,,,120,,
09/04/2026,INV-00622,Cash,,,,,,,,,,,,,0,930
,,Chicken roll,,,,1 Pc,100,100,,,,,,100,,
,,Chicken fried rice,,,,1 Pc,170,170,,,,,,170,,
,,Chicken roll,,,,2 Pc,100,200,,,,,,200,,
,,Veg Burger,,,,1 Pc,60,60,,,,,,60,,
,,Chicken crispy,,,,2 Pc,150,300,,,,,,300,,
,,Chicken Rice Half,,,,1 Pc,100,100,,,,,,100,,
10/04/2026,INV-00623,Cash,,,,,,,,,,,,,0,175
,,French fries,,,,1 Pc,75,75,,,,,,75,,
,,Chicken roll,,,,1 Pc,100,100,,,,,,100,,
11/04/2026,INV-00624,Cash,,,,,,,,,,,,,0,2185
,,Double eggs Roll,,,,1 Pc,80,80,,,,,,80,,
,,Chicken roll,,,,1 Pc,100,100,,,,,,100,,
,,Paneer roll,,,,1 Pc,90,90,,,,,,90,,
,,Egg roll,,,,1 Pc,70,70,,,,,,70,,
,,Veg Burger,,,,2 Pc,70,140,,,,,,140,,
,,Chicken Noodles Half,,,,1 Pc,100,100,,,,,,100,,
,,Paneer roll,,,,1 Pc,90,90,,,,,,90,,
,,Chicken egg roll single,,,,1 Pc,110,110,,,,,,110,,
,,Chicken burger,,,,1 Pc,80,80,,,,,,80,,
,,Water 1 lit,,,,2 Pc,20,40,,,,,,40,,
,,Chicken roll,,,,2 Pc,100,200,,,,,,200,,
,,Chicken noodles,,,,2 Pc,170,340,,,,,,340,,
,,Chicken Double Cheese Burger,,,,2 Pc,110,220,,,,,,220,,
,,Chicken roll,,,,1 Pc,10,10,,,,,,10,,
,,French fries,,,,1 Pc,75,75,,,,,,75,,
,,Chicken chilli,,,,2 Pc,220,440,,,,,,440,,
12/04/2026,INV-00625,Cash,,,,,,,,,,,,,0,1580
,,Double eggs Roll,,,,2 Pc,80,160,,,,,,160,,
,,Water 1 lit,,,,1 Pc,20,20,,,,,,20,,
,,Veg Noodles,,,,1 Pc,130,130,,,,,,130,,
,,Double eggs Roll,,,,1 Pc,80,80,,,,,,80,,
,,Chicken roll,,,,2 Pc,100,200,,,,,,200,,
,,Veg roll,,,,1 Pc,65,65,,,,,,65,,
,,Veg cheese burger,,,,1 Pc,85,85,,,,,,85,,
,,Chicken burger,,,,2 Pc,80,160,,,,,,160,,
,,Water 1 lit,,,,1 Pc,20,20,,,,,,20,,
,,Chicken Rice Half,,,,1 Pc,100,100,,,,,,100,,
,,Chicken chilli,,,,1 Pc,200,200,,,,,,200,,
,,Chicken noodles,,,,1 Pc,160,160,,,,,,160,,
,,Egg  chicken roll,,,,1 Pc,100,100,,,,,,100,,
,,Paneer Rice Half,,,,1 Pc,100,100,,,,,,100,,
13/04/2026,INV-00626,Cash,,,,,,,,,,,,,0,1465
,,Double eggs Roll,,,,1 Pc,80,80,,,,,,80,,
,,Chicken noodles,,,,1 Pc,190,190,,,,,,190,,
,,Double eggs Roll,,,,1 Pc,80,80,,,,,,80,,
,,Chicken roll,,,,1 Pc,100,100,,,,,,100,,
,,Paneer roll,,,,1 Pc,90,90,,,,,,90,,
,,Chicken Noodles Half,,,,1 Pc,100,100,,,,,,100,,
,,Chicken double eggs Roll,,,,2 Pc,120,240,,,,,,240,,
,,Chicken Noodles Half,,,,1 Pc,100,100,,,,,,100,,
,,Chilli Half,,,,1 Pc,120,120,,,,,,120,,
,,Paratha,,,,1 Pc,45,45,,,,,,45,,
,,Water 1 lit,,,,1 Pc,20,20,,,,,,20,,
,,Veg Rice Half,,,1,1 Pc,80,80,,,,,,80,,
,,Chicken chilli,,,,1 Pc,220,220,,,,,,220,,
14/04/2026,INV-00627,Cash,,,,,,,,,,,,,0,2000
,,Veg Rice Half,,,1,1 Pc,80,80,,,,,,80,,
,,Chicken roll,,,,1 Pc,100,100,,,,,,100,,
,,Veg fried rice,,,,1 Pc,130,130,,,,,,130,,
,,Paneer chilli Half,,,,1 Pc,120,120,,,,,,120,,
,,Water 1 lit,,,,1 Pc,20,20,,,,,,20,,
,,Water 1 lit,,,,1 Pc,20,20,,,,,,20,,
,,Chicken burger,,,,1 Pc,80,80,,,,,,80,,
,,Chicken Rice Half,,,,1 Pc,100,100,,,,,,100,,
,,Chicken roll,,,,2 Pc,100,200,,,,,,200,,
,,Chicken noodles,,,,1 Pc,170,170,,,,,,170,,
,,Paneer Rice Half,,,,2 Pc,100,200,,,,,,200,,
,,Chicken Chilli Half,,,,1 Pc,130,130,,,,,,130,,
,,Chicken crispy,,,,2 Pc,150,300,,,,,,300,,
,,Chicken Noodles Half,,,,1 Pc,100,100,,,,,,100,,
,,Chicken double eggs Roll,,,,1 Pc,120,120,,,,,,120,,
,,Veg Noodles,,,,1 Pc,130,130,,,,,,130,,
15/04/2026,INV-00628,Cash,,,,,,,,,,,,,0,1675
,,Chicken roll,,,,1 Pc,100,100,,,,,,100,,
,,Paneer roll,,,,2 Pc,90,180,,,,,,180,,
,,Chicken roll,,,,2 Pc,100,200,,,,,,200,,
,,Chicken noodles,,,,1 Pc,170,170,,,,,,170,,
,,Soup,,,,2 Pc,110,220,,,,,,220,,
,,Chicken chilli,,,,1 Pc,220,220,,,,,,220,,
,,Paratha,,,,1 Pc,35,35,,,,,,35,,
,,Chicken Double Cheese Burger,,,,2 Pc,110,220,,,,,,220,,
,,Chicken noodles,,,,1 Pc,180,180,,,,,,180,,
,,Chicken crispy,,,,1 Pc,150,150,,,,,,150,,
16/04/2026,INV-00629,Cash,,,,,,,,,,,,,0,1470
,,Veg fried rice,,,,2 Pc,130,260,,,,,,260,,
,,Paneer chilli,,,,1 Pc,200,200,,,,,,200,,
,,Paneer chilli,,,,1 Pc,200,200,,,,,,200,,
,,Chicken roll,,,,1 Pc,100,100,,,,,,100,,
,,Double eggs Roll,,,,1 Pc,80,80,,,,,,80,,
,,Chicken chilli,,,,1.5 Pc,200,300,,,,,,300,,
,,Chicken noodles,,,,1 Pc,150,150,,,,,,150,,
,,Chicken egg roll single,,,,2 Pc,90,180,,,,,,180,,
17/04/2026,INV-00631,Cash,,,,,,,,,,,,,0,1345
,,Double eggs Roll,,,,1 Pc,80,80,,,,,,80,,
,,Chicken roll,,,,2 Pc,100,200,,,,,,200,,
,,Chicken double eggs Roll,,,,1 Pc,120,120,,,,,,120,,
,,Chicken fried rice,,,,1 Pc,170,170,,,,,,170,,
,,Chicken roll,,,,1 Pc,100,100,,,,,,100,,
,,Paratha,,,,3 Pc,35,105,,,,,,105,,
,,Chiken boneless,,,,1 Pc,170,170,,,,,,170,,
,,Paratha,,,,2 Pc,35,70,,,,,,70,,
,,Chicken chilli,,,,1 Pc,220,220,,,,,,220,,
,,Paneer roll,,,,1 Pc,90,90,,,,,,90,,
,,Water 1 lit,,,,1 Pc,20,20,,,,,,20,,
18/04/2026,INV-00630,Cash,,,,,,,,,,,,,0,915
,,Chiken boneless,,,,1 Pc,170,170,,,,,,170,,
,,Chicken Noodles Half,,,,1 Pc,100,100,,,,,,100,,
,,Water 1 lit,,,,1 Pc,20,20,,,,,,20,,
,,Veg roll,,,,2 Pc,65,130,,,,,,130,,
,,Chicken cheese roll,,,,1 Pc,110,110,,,,,,110,,
,,Chicken Schezwan Rice,,,,1 Pc,110,110,,,,,,110,,
,,Chicken Schezwan Rice,,,,1 Pc,110,110,,,,,,110,,
,,Double eggs Roll,,,,1 Pc,80,80,,,,,,80,,
,,Veg cheese burger,,,,1 Pc,85,85,,,,,,85,,
19/04/2026,INV-00632,Cash,,,,,,,,,,,,,0,720
,,Chicken noodles,,,,2 Pc,170,340,,,,,,340,,
,,Paneer Schezwan Roll,,,,2 Pc,100,200,,,,,,200,,
,,Chicken Rice Half,,,,1 Pc,100,100,,,,,,100,,
,,Double eggs Roll,,,,1 Pc,80,80,,,,,,80,,
21/04/2026,INV-00634,Cash,,,,,,,,,,,,,0,1010
,,Chicken roll,,,,2 Pc,100,200,,,,,,200,,
,,Chicken roll,,,,1 Pc,100,100,,,,,,100,,
,,Chiken boneless,,,,2 Pc,170,340,,,,,,340,,
,,Chicken noodles,,,,1 Pc,170,170,,,,,,170,,
,,French fries,,,,1 Pc,70,70,,,,,,70,,
,,Veg fried rice,,,,1 Pc,130,130,,,,,,130,,
23/04/2026,INV-00635,Cash,,,,,,,,,,,,,0,1105
,,Veg roll,,,,1 Pc,65,65,,,,,,65,,
,,Double eggs Roll,,,,1 Pc,80,80,,,,,,80,,
,,Chicken roll,,,,2 Pc,100,200,,,,,,200,,
,,Water 1 lit,,,,1 Pc,20,20,,,,,,20,,
,,Chicken double eggs Roll,,,,1 Pc,120,120,,,,,,120,,
,,Chicken chilli,,,,1 Pc,220,220,,,,,,220,,
,,Veg Burger,,,,2 Pc,70,140,,,,,,140,,
,,Veg Noodles,,,,2 Pc,130,260,,,,,,260,,
24/04/2026,INV-00633,Cash,,,,,,,,,,,,,0,1750
,,Chicken Rice Half,,,,1 Pc,100,100,,,,,,100,,
,,Paneer Rice Half,,,,1 Pc,100,100,,,,,,100,,
,,Double eggs Roll,,,,1 Pc,80,80,,,,,,80,,
,,Paratha,,,,2 Pc,35,70,,,,,,70,,
,,Chiken boneless,,,,1 Pc,150,150,,,,,,150,,
,,Veg Noodles,,,,2 Pc,130,260,,,,,,260,,
,,Veg Noodles,,,,1 Pc,80,80,,,,,,80,,
,,Chicken double eggs Roll,,,,2 Pc,120,240,,,,,,240,,
,,Paneer chilli Half,,,,1 Pc,110,110,,,,,,110,,
,,Chicken Chilli Half,,,,1 Pc,130,130,,,,,,130,,
,,Chicken Noodles Half,,,,1 Pc,100,100,,,,,,100,,
,,Veg noodles Half,,,,1 Pc,80,80,,,,,,80,,
,,Chicken crispy,,,,1 Pc,150,150,,,,,,150,,
,,Chicken roll,,,,1 Pc,100,100,,,,,,100,,
25/04/2026,INV-00636,Cash,,,,,,,,,,,,,0,2585
,,Chicken roll,,,,2 Pc,100,200,,,,,,200,,
,,Veg Noodles,,,,1 Pc,130,130,,,,,,130,,
,,Chicken crispy,,,,1 Pc,150,150,,,,,,150,,
,,French fries,,,,1 Pc,75,75,,,,,,75,,
,,Chicken Schezwan Noodles full,,,,1 Pc,190,190,,,,,,190,,
,,Chicken Chilli Half,,,,1 Pc,130,130,,,,,,130,,
,,Veg Burger,,,,2 Pc,70,140,,,,,,140,,
,,Paneer roll,,,,3 Pc,90,270,,,,,,270,,
,,Chicken burger,,,,2 Pc,80,160,,,,,,160,,
,,Chiken boneless,,,,1 Pc,170,170,,,,,,170,,
,,Paratha,,,,2 Pc,35,70,,,,,,70,,
,,Chicken fried rice,,,,1 Pc,170,170,,,,,,170,,
,,French fries,,,,1 Pc,75,75,,,,,,75,,
,,Chicken Noodles Half,,,,1 Pc,100,100,,,,,,100,,
,,Chicken Manchurian Half,,,,1 Pc,100,100,,,,,,100,,
,,Chicken roll,,,,2 Pc,100,200,,,,,,200,,
,,Chicken Double Cheese Burger,,,,1 Pc,105,105,,,,,,105,,
,,Veg Manchurian,,,,1 Pc,150,150,,,,,,150,,
26/04/2026,INV-00637,Cash,,,,,,,,,,,,,0,1200
,,Double eggs Roll,,,,2 Pc,80,160,,,,,,160,,
,,Chicken Rice Half,,,,1 Pc,100,100,,,,,,100,,
,,Chicken fried rice,,,,1 Pc,200,200,,,,,,200,,
,,Chicken roll,,,,1 Pc,100,100,,,,,,100,,
,,Chicken roll,,,,1 Pc,90,90,,,,,,90,,
,,Paneer roll,,,,1 Pc,90,90,,,,,,90,,
,,Chicken double eggs Roll,,,,1 Pc,120,120,,,,,,120,,
,,Chicken Noodles Half,,,,1 Pc,100,100,,,,,,100,,
,,Chicken combi roll,,,,1 Pc,120,120,,,,,,120,,
,,Chicken Chilli Half,,,,1 Pc,120,120,,,,,,120,,
27/04/2026,INV-00638,Cash,,,,,,,,,,,,,0,1335
,,Chicken chilli,,,,1 Pc,220,220,,,,,,220,,
,,Chiken Manchurian,,,,1 Pc,200,200,,,,,,200,,
,,French fries,,,,1 Pc,75,75,,,,,,75,,
,,Chicken chilli,,,,1 Pc,200,200,,,,,,200,,
,,Chicken Noodles Half,,,,1 Pc,100,100,,,,,,100,,
,,Chicken fried rice,,,,1 Pc,170,170,,,,,,170,,
,,Chicken roll,,,,1 Pc,100,100,,,,,,100,,
,,Chicken fried rice,,,,1 Pc,170,170,,,,,,170,,
,,Chicken double eggs Roll,,,,1 Pc,100,100,,,,,,100,,
28/04/2026,INV-00639,Cash,,,,,,,,,,,,,0,1150
,,Chicken double eggs Roll,,,,1 Pc,120,120,,,,,,120,,
,,Chicken Rice Half,,,,1 Pc,100,100,,,,,,100,,
,,Chiken boneless,,,,2 Pc,175,350,,,,,,350,,
,,Chicken fried rice,,,,1 Pc,170,170,,,,,,170,,
,,Veg Noodles,,,,2 Pc,130,260,,,,,,260,,
,,Veg Manchurian,,,,1 Pc,150,150,,,,,,150,,
29/04/2026,INV-00640,Cash,,,,,,,,,,,,,0,3480
,,Chicken fried rice,,,,1 Pc,170,170,,,,,,170,,
,,Paratha,,,,2 Pc,35,70,,,,,,70,,
,,Paneer Combination Rice,,,,1 Pc,200,200,,,,,,200,,
,,Chicken chilli,,,,1 Pc,220,220,,,,,,220,,
,,Paratha,,,,4 Pc,35,140,,,,,,140,,
,,Chicken fried rice,,,,1 Pc,170,170,,,,,,170,,
,,Bone Chilli Half,,,,1 Pc,130,130,,,,,,130,,
,,Paratha,,,,2 Pc,35,70,,,,,,70,,
,,Chicken soup hot and sour,,,,1 Pc,70,70,,,,,,70,,
,,Chicken Schezwan Noodles Half,,,,1 Pc,100,100,,,,,,100,,
,,French fries,,,,2 Pc,75,150,,,,,,150,,
,,Veg noodles Half,,,,2 Pc,80,160,,,,,,160,,
,,Veg noodles Half,,,,2 Pc,80,160,,,,,,160,,
,,Chicken Schezwan Noodles Half,,,,1 Pc,110,110,,,,,,110,,
,,Chicken roll,,,,1 Pc,90,90,,,,,,90,,
,,Chicken roll,,,,2 Pc,80,160,,,,,,160,,
,,Chicken chilli,,,,1 Pc,220,220,,,,,,220,,
,,Paratha,,,,2 Pc,35,70,,,,,,70,,
,,Chicken noodles,,,,1 Pc,170,170,,,,,,170,,
,,Chicken Chilli Half,,,,1 Pc,130,130,,,,,,130,,
,,Paratha,,,,2 Pc,35,70,,,,,,70,,
,,Egg Schezwan Rice,,,,1 Pc,100,100,,,,,,100,,
,,Chicken soup hot and sour,,,,1 Pc,70,70,,,,,,70,,
,,Double eggs Roll,,,,1 Pc,80,80,,,,,,80,,
,,Chicken roll,,,,4 Pc,100,400,,,,,,400,,
30/04/2026,INV-00641,Cash,,,,,,,,,,,,,0,1330
,,Chicken roll,,,,2 Pc,100,200,,,,,,200,,
,,Chicken Rice Half,,,,2 Pc,100,200,,,,,,200,,
,,Chicken crispy,,,,1 Pc,150,150,,,,,,150,,
,,Chicken roll,,,,1 Pc,80,80,,,,,,80,,
,,Chicken egg roll single,,,,2 Pc,110,220,,,,,,220,,
,,Veg noodles Half,,,,1 Pc,80,80,,,,,,80,,
,,Chicken roll,,,,4 Pc,100,400,,,,,,400,,
01/05/2026,INV-00642,Cash,,,,,,,,,,,,,0,1690
,,Chicken roll,,,,4 Pc,100,400,,,,,,400,,
,,Chicken fried rice,,,,1 Pc,170,170,,,,,,170,,
,,Paratha,,,,2 Pc,35,70,,,,,,70,,
,,Chicken Chilli Half,,,,1 Pc,130,130,,,,,,130,,
,,Paneer chilli,,,,1 Pc,200,200,,,,,,200,,
,,Chicken roll,,,,3 Pc,100,300,,,,,,300,,
,,Double eggs chicken roll,,,,2 Pc,110,220,,,,,,220,,
,,Paneer chilli,,,,1 Pc,200,200,,,,,,200,,
02/05/2026,INV-00643,Cash,,,,,,,,,,,,,0,1535
,,Veg Burger,,,,1 Pc,70,70,,,,,,70,,
,,Veg cheese burger,,,,1 Pc,80,80,,,,,,80,,
,,Chicken double eggs Roll,,,,1 Pc,120,120,,,,,,120,,
,,Chicken Rice Half,,,,1 Pc,100,100,,,,,,100,,
,,Chicken cheese roll,,,,1 Pc,110,110,,,,,,110,,
,,Veg Burger,,,,1 Pc,70,70,,,,,,70,,
,,Veg roll,,,,1 Pc,65,65,,,,,,65,,
,,Chicken noodles,,,,1 Pc,170,170,,,,,,170,,
,,Paratha,,,,1 Pc,35,35,,,,,,35,,
,,Chicken 65,,,,1 Pc,130,130,,,,,,130,,
,,Double eggs Roll,,,,1 Pc,80,80,,,,,,80,,
,,Chicken roll,,,,2 Pc,100,200,,,,,,200,,
,,Paratha,,,,3 Pc,35,105,,,,,,105,,
,,Veg Manchurian Half,,,,1 Pc,80,80,,,,,,80,,
,,Chicken double eggs Roll,,,,1 Pc,120,120,,,,,,120,,
03/05/2026,INV-00644,Cash,,,,,,,,,,,,,0,2090
,,Chicken noodles,,,,3 Pc,170,510,,,,,,510,,
,,Chicken fried rice,,,,2 Pc,170,340,,,,,,340,,
,,Chicken chilli,,,,1 Pc,220,220,,,,,,220,,
,,Paratha,,,,4 Pc,35,140,,,,,,140,,
,,Paneer roll,,,,1 Pc,90,90,,,,,,90,,
,,Chicken roll,,,,1 Pc,100,100,,,,,,100,,
,,Chicken burger,,,,1 Pc,80,80,,,,,,80,,
,,Chicken Noodles Half,,,,1 Pc,100,100,,,,,,100,,
,,Chicken combi roll,,,,3 Pc,120,360,,,,,,360,,
,,Chicken crispy,,,,1 Pc,150,150,,,,,,150,,
04/05/2026,INV-00645,Cash,,,,,,,,,,,,,0,1065
,,Veg Burger,,,,2 Pc,60,120,,,,,,120,,
,,Veg cheese burger,,,,1 Pc,70,70,,,,,,70,,
,,Chicken roll,,,,2 Pc,100,200,,,,,,200,,
,,Chicken noodles,,,,2 Pc,170,340,,,,,,340,,
,,Chicken chilli,,,,1 Pc,220,220,,,,,,220,,
,,Paratha,,,,1 Pc,35,35,,,,,,35,,
,,Veg noodles Half,,,,1 Pc,80,80,,,,,,80,,
07/05/2026,INV-00646,Cash,,,,,,,,,,,,,0,200
,,Chicken roll,,,,1 Pc,100,100,,,,,,100,,
,,Chicken roll,,,,1 Pc,100,100,,,,,,100,,
09/05/2026,INV-00647,Cash,,,,,,,,,,,,,0,1280
,,Chicken Noodles Half,,,,1 Pc,100,100,,,,,,100,,
,,Chicken burger,,,,3 Pc,80,240,,,,,,240,,
,,Chicken roll,,,,4 Pc,100,400,,,,,,400,,
,,Chicken chilli,,,,1 Pc,220,220,,,,,,220,,
,,Chicken fried rice,,,,1 Pc,170,170,,,,,,170,,
,,Paratha,,,,2 Pc,35,70,,,,,,70,,
,,Double eggs Roll,,,,1 Pc,80,80,,,,,,80,,
11/05/2026,INV-00648,Cash,,,,,,,,,,,,,0,1140
,,Chicken roll,,,,1 Pc,100,100,,,,,,100,,
,,Chicken fried rice,,,,1 Pc,170,170,,,,,,170,,
,,Chicken Rice Half,,,,1 Pc,100,100,,,,,,100,,
,,Veg roll,,,,1 Pc,65,65,,,,,,65,,
,,Chicken roll,,,,2 Pc,100,200,,,,,,200,,
,,Chicken chilli,,,,1 Pc,220,220,,,,,,220,,
,,Paratha,,,,3 Pc,35,105,,,,,,105,,
,,Egg Rice,,,,2 Pc,90,180,,,,,,180,,
12/05/2026,INV-00649,Cash,,,,,,,,,,,,,0,1790
,,Veg roll,,,,2 Pc,65,130,,,,,,130,,
,,Chicken roll,,,,2 Pc,100,200,,,,,,200,,
,,Chicken Noodles Half,,,,1 Pc,100,100,,,,,,100,,
,,Double eggs Roll,,,,1 Pc,80,80,,,,,,80,,
,,Chicken chilli,,,,1 Pc,220,220,,,,,,220,,
,,Chicken roll,,,,2 Pc,100,200,,,,,,200,,
,,Chicken fried rice,,,,1 Pc,170,170,,,,,,170,,
,,Chicken fried rice,,,,1 Pc,170,170,,,,,,170,,
,,Veg noodles Half,,,,1 Pc,70,70,,,,,,70,,
,,Veg Noodles,,,,1 Pc,130,130,,,,,,130,,
,,Chicken chilli,,,,1 Pc,220,220,,,,,,220,,
,,Chicken double eggs Roll,,,,1 Pc,100,100,,,,,,100,,
13/05/2026,INV-00650,Cash,,,,,,,,,,,,,0,2272
,,Double eggs Roll,,,,1 Pc,90,90,,,,,,90,,
,,Double eggs Roll,,,,1 Pc,80,80,,,,,,80,,
,,Chicken roll,,,,2 Pc,100,200,,,,,,200,,
,,Chicken fried rice,,,,1 Pc,170,170,,,,,,170,,
,,Chicken egg roll single,,,,1 Pc,110,110,,,,,,110,,
,,Chicken roll,,,,1 Pc,100,100,,,,,,100,,
,,Chicken roll,,,,1 Pc,100,100,,,,,,100,,
,,Chicken double eggs Roll,,,,1 Pc,120,120,,,,,,120,,
,,Chicken double eggs Roll,,,,3 Pc,120,360,,,,,,360,,
,,Paratha,,,,4 Pc,35,140,,,,,,140,,
,,Chiken boneless,,,,1 Pc,212,212,,,,,,212,,
,,Chicken Schezwan Rice,,,,1 Pc,190,190,,,,,,190,,
,,Chicken roll,,,,4 Pc,100,400,,,,,,400,,
14/05/2026,INV-00651,Cash,,,,,,,,,,,,,0,865
,,Veg roll,,,,2 Pc,65,130,,,,,,130,,
,,Veg roll,,,,1 Pc,65,65,,,,,,65,,
,,Paratha,,,,2 Pc,35,70,,,,,,70,,
,,Chicken Boneless Half,,,,1 Pc,90,90,,,,,,90,,
,,Chicken roll,,,,1 Pc,100,100,,,,,,100,,
,,Chicken double eggs Roll,,,,1 Pc,120,120,,,,,,120,,
,,Chicken roll,,,,1 Pc,100,100,,,,,,100,,
,,Chilli Half,,,,1 Pc,120,120,,,,,,120,,
,,Paratha,,,,2 Pc,35,70,,,,,,70,,
15/05/2026,INV-00652,Cash,,,,,,,,,,,,,0,810
,,Chicken roll,,,,1 Pc,100,100,,,,,,100,,
,,Paneer chilli Half,,,,1 Pc,100,100,,,,,,100,,
,,Chicken fried rice,,,,1 Pc,170,170,,,,,,170,,
,,Chicken Rice Half,,,,1 Pc,100,100,,,,,,100,,
,,Chiken boneless,,,,2 Pc,170,340,,,,,,340,,
16/05/2026,INV-00653,Cash,,,,,,,,,,,,,0,860
,,Chicken Noodles Half,,,,1 Pc,100,100,,,,,,100,,
,,Chicken Chilli Half,,,,1 Pc,130,130,,,,,,130,,
,,Chicken roll,,,,2 Pc,100,200,,,,,,200,,
,,Veg Noodles,,,,1 Pc,130,130,,,,,,130,,
,,Chicken chilli,,,,1 Pc,200,200,,,,,,200,,
,,Double eggs chicken roll,,,,1 Pc,100,100,,,,,,100,,
17/05/2026,INV-00654,Cash,,,,,,,,,,,,,0,845
,,Chicken chilli,,,,1 Pc,200,200,,,,,,200,,
,,Double eggs Roll,,,,2 Pc,70,140,,,,,,140,,
,,Chicken Lolipop Half,,,,1 Pc,155,155,,,,,,155,,
,,Chilli Half,,,,1 Pc,110,110,,,,,,110,,
,,Veg Manchurian Half,,,,1 Pc,75,75,,,,,,75,,
,,Paratha,,,,1 Pc,25,25,,,,,,25,,
,,Chicken crispy,,,,1 Pc,100,100,,,,,,100,,
,,Veg roll,,,,1 Pc,40,40,,,,,,40,,
18/05/2026,INV-00655,Cash,,,,,,,,,,,,,0,660
,,Veg Burger,,,,1 Pc,70,70,,,,,,70,,
,,Veg noodles Half,,,,1 Pc,80,80,,,,,,80,,
,,Chicken roll,,,,1 Pc,100,100,,,,,,100,,
,,Paneer Rice Half,,,,1 Pc,100,100,,,,,,100,,
,,Chicken Rice Half,,,,1 Pc,100,100,,,,,,100,,
,,Chicken egg roll single,,,,1 Pc,110,110,,,,,,110,,
,,Chicken roll,,,,1 Pc,100,100,,,,,,100,,
19/05/2026,INV-00656,Cash,,,,,,,,,,,,,0,1050
,,Double eggs Roll,,,,1 Pc,80,80,,,,,,80,,
,,Chicken chilli,,,,1 Pc,220,220,,,,,,220,,
,,Veg Burger,,,,1 Pc,70,70,,,,,,70,,
,,Chicken roll,,,,2 Pc,100,200,,,,,,200,,
,,Chicken roll,,,,2 Pc,100,200,,,,,,200,,
,,Chicken Boneless Half,,,,1 Pc,90,90,,,,,,90,,
,,Chicken Chilli Half,,,,1 Pc,120,120,,,,,,120,,
,,Veg Burger,,,,1 Pc,70,70,,,,,,70,,
20/05/2026,INV-00657,Cash,,,,,,,,,,,,,0,1780
,,Egg fried rice,,,,1 Pc,150,150,,,,,,150,,
,,Chiken boneless,,,,1 Pc,170,170,,,,,,170,,
,,Paneer Rice Half,,,,1 Pc,100,100,,,,,,100,,
,,Chicken roll,,,,2 Pc,100,200,,,,,,200,,
,,Chicken roll,,,,3 Pc,100,300,,,,,,300,,
,,Veg Burger,,,,3 Pc,70,210,,,,,,210,,
,,Double eggs Roll,,,,2 Pc,80,160,,,,,,160,,
,,Paneer roll,,,,1 Pc,90,90,,,,,,90,,
,,Paneer chilli,,,,1 Pc,200,200,,,,,,200,,
,,Chicken roll,,,,1 Pc,100,100,,,,,,100,,
,,Chicken Noodles Half,,,,1 Pc,100,100,,,,,,100,,
21/05/2026,INV-00658,Cash,,,,,,,,,,,,,0,1145
,,Veg Burger,,,,1 Pc,70,70,,,,,,70,,
,,Chicken Lolipop Half,,,,1 Pc,175,175,,,,,,175,,
,,Veg noodles Half,,,,1 Pc,80,80,,,,,,80,,
,,Veg noodles Half,,,,1 Pc,80,80,,,,,,80,,
,,Double eggs Roll,,,,4 Pc,80,320,,,,,,320,,
,,Chicken fried rice,,,,1 Pc,170,170,,,,,,170,,
,,Chiken boneless,,,,1 Pc,150,150,,,,,,150,,
,,Chicken double eggs Roll,,,,1 Pc,100,100,,,,,,100,,
22/05/2026,INV-00659,Cash,,,,,,,,,,,,,0,1310
,,Chicken lolipop Full,,,,1 Pc,300,300,,,,,,300,,
,,Paratha,,,,1 Pc,30,30,,,,,,30,,
,,Chicken roll,,,,4 Pc,100,400,,,,,,400,,
,,Chicken Noodles Half,,,,1 Pc,100,100,,,,,,100,,
,,Veg Burger,,,,3 Pc,70,210,,,,,,210,,
,,Chicken roll,,,,1 Pc,100,100,,,,,,100,,
,,Veg Burger,,,,1 Pc,70,70,,,,,,70,,
,,Chicken roll,,,,1 Pc,100,100,,,,,,100,,
23/05/2026,INV-00660,Cash,,,,,,,,,,,,,0,1085
,,Chicken noodles,,,,1 Pc,170,170,,,,,,170,,
,,Veg Noodles,,,,1 Pc,130,130,,,,,,130,,
,,Chicken crispy,,,,1 Pc,150,150,,,,,,150,,
,,Chicken roll,,,,1 Pc,100,100,,,,,,100,,
,,Chicken double eggs Roll,,,,1 Pc,120,120,,,,,,120,,
,,Veg Burger,,,,1 Pc,70,70,,,,,,70,,
,,Veg roll,,,,1 Pc,65,65,,,,,,65,,
,,Chicken roll,,,,1 Pc,100,100,,,,,,100,,
,,Double eggs Roll,,,,1 Pc,80,80,,,,,,80,,
,,Chicken roll,,,,1 Pc,100,100,,,,,,100,,
24/05/2026,INV-00661,Cash,,,,,,,,,,,,,0,1580
,,Veg Rice Half,,,1,1 Pc,80,80,,,,,,80,,
,,Chicken Chilli Half,,,,1 Pc,120,120,,,,,,120,,
,,Chicken roll,,,,2 Pc,100,200,,,,,,200,,
,,Chicken roll,,,,1 Pc,100,100,,,,,,100,,
,,Chicken Noodles Half,,,,1 Pc,100,100,,,,,,100,,
,,Chicken double eggs Roll,,,,2 Pc,120,240,,,,,,240,,
,,Veg noodles Half,,,,1 Pc,80,80,,,,,,80,,
,,Chicken roll,,,,3 Pc,100,300,,,,,,300,,
,,Veg Manchurian Half,,,,1 Pc,80,80,,,,,,80,,
,,Paratha,,,,2 Pc,35,70,,,,,,70,,
,,Paratha,,,,2 Pc,35,70,,,,,,70,,
,,Egg roll,,,,2 Pc,70,140,,,,,,140,,
25/05/2026,INV-00662,Cash,,,,,,,,,,,,,0,2650
,,Chicken fried rice,,,,1 Pc,170,170,,,,,,170,,
,,Chicken Rice Half,,,,1 Pc,100,100,,,,,,100,,
,,Paneer roll,,,,1 Pc,90,90,,,,,,90,,
,,Chicken fried rice,,,,1 Pc,170,170,,,,,,170,,
,,Paratha,,,,3 Pc,35,105,,,,,,105,,
,,Chicken Manchurian Half,,,,1 Pc,100,100,,,,,,100,,
,,Chicken roll,,,,2 Pc,100,200,,,,,,200,,
,,Double eggs Roll,,,,1 Pc,80,80,,,,,,80,,
,,Chicken Chilli Half,,,,1 Pc,120,120,,,,,,120,,
,,Chicken roll,,,,1 Pc,100,100,,,,,,100,,
,,Chicken lolipop Full,,,,1 Pc,300,300,,,,,,300,,
,,Paratha,,,,1 Pc,35,35,,,,,,35,,
,,Chicken crispy,,,,2 Pc,150,300,,,,,,300,,
,,Chicken crispy,,,,1 Pc,150,150,,,,,,150,,
,,Veg Noodles,,,,1 Pc,130,130,,,,,,130,,
,,Chicken Rice Half,,,,1 Pc,100,100,,,,,,100,,
,,Chicken Rice Half,,,,1 Pc,100,100,,,,,,100,,
,,Veg roll,,,,2 Pc,65,130,,,,,,130,,
,,Chiken boneless,,,,1 Pc,170,170,,,,,,170,,
26/05/2026,INV-00663,Cash,,,,,,,,,,,,,0,1860
,,Chicken Rice Half,,,,2 Pc,100,200,,,,,,200,,
,,Chicken double eggs Roll,,,,2 Pc,120,240,,,,,,240,,
,,Chicken Rice Half,,,,1 Pc,100,100,,,,,,100,,
,,Veg roll,,,,1 Pc,65,65,,,,,,65,,
,,Chicken roll,,,,2 Pc,100,200,,,,,,200,,
,,Chicken roll,,,,2 Pc,100,200,,,,,,200,,
,,Chicken roll,,,,1 Pc,100,100,,,,,,100,,
,,Chicken chilli,,,,1 Pc,220,220,,,,,,220,,
,,Water 500 ml,,,,1 Pc,10,10,,,,,,10,,
,,Chicken roll,,,,1 Pc,100,100,,,,,,100,,
,,Chicken Chilli Half,,,,2 Pc,120,240,,,,,,240,,
,,Paratha,,,,3 Pc,35,105,,,,,,105,,
,,Veg noodles Half,,,,1 Pc,80,80,,,,,,80,,
29/05/2026,INV-00664,Cash,,,,,,,,,,,,,0,870
,,Veg Noodles,,,,1 Pc,130,130,,,,,,130,,
,,Veg Schezwan Noodles Half,,,,1 Pc,70,70,,,,,,70,,
,,Egg roll,,,,1 Pc,70,70,,,,,,70,,
,,Chicken Rice Half,,,,1 Pc,100,100,,,,,,100,,
,,Chicken crispy,,,,1 Pc,120,120,,,,,,120,,
,,Veg Noodles,,,,1 Pc,130,130,,,,,,130,,
,,Veg noodles Half,,,,1 Pc,80,80,,,,,,80,,
,,Chiken boneless,,,,1 Pc,170,170,,,,,,170,,
30/05/2026,INV-00665,Cash,,,,,,,,,,,,,0,720
,,Veg Rice Half,,,1,1 Pc,80,80,,,,,,80,,
,,Veg noodles Half,,,,1 Pc,80,80,,,,,,80,,
,,Chicken Schezwan Rice,,,,1 Pc,110,110,,,,,,110,,
,,Double eggs Roll,,,,1 Pc,80,80,,,,,,80,,
,,Double eggs Roll,,,,1 Pc,80,80,,,,,,80,,
,,Chicken Manchurian Half,,,,1 Pc,100,100,,,,,,100,,
,,Chicken noodles,,,,1 Pc,170,170,,,,,,170,,
,,Water 500 ml,,,,1 Pc,0,0,,,,,,0,,
,,Water 500 ml,,,,2 Pc,10,20,,,,,,20,,
31/05/2026,INV-00667,Cash,,,,,,,,,,,,,0,310
,,Chicken Schezwan Noodles Half,,,,1 Pc,110,110,,,,,,110,,
,,Chicken roll,,,,1 Pc,100,100,,,,,,100,,
,,Chicken Boneless Half,,,,1 Pc,100,100,,,,,,100,,
02/06/2026,INV-00666,Cash,,,,,,,,,,,,,0,2155
,,Egg roll,,,,3 Pc,70,210,,,,,,210,,
,,Chicken roll,,,,2 Pc,100,200,,,,,,200,,
,,Chicken roll,,,,1 Pc,100,100,,,,,,100,,
,,Veg Burger,,,,2 Pc,70,140,,,,,,140,,
,,Water 500 ml,,,,1 Pc,10,10,,,,,,10,,
,,Double eggs Roll,,,,3 Pc,80,240,,,,,,240,,
,,Veg fried rice,,,,1 Pc,130,130,,,,,,130,,
,,Paratha,,,,1 Pc,35,35,,,,,,35,,
,,Paneer chilli,,,,1 Pc,220,220,,,,,,220,,
,,Paratha,,,,4 Pc,35,140,,,,,,140,,
,,Paneer chilli Half,,,,1 Pc,130,130,,,,,,130,,
,,Veg noodles Half,,,,1 Pc,80,80,,,,,,80,,
,,Water 500 ml,,,,6 Pc,10,60,,,,,,60,,
,,Water 500 ml,,,,3 Pc,10,30,,,,,,30,,
,,Veg fried rice,,,,1 Pc,130,130,,,,,,130,,
,,Chicken roll,,,,3 Pc,100,300,,,,,,300,,
03/06/2026,INV-00668,Cash,,,,,,,,,,,,,0,1900
,,Chiken boneless,,,,1 Pc,170,170,,,,,,170,,
,,Chicken Rice Half,,,,1 Pc,90,90,,,,,,90,,
,,Double eggs Roll,,,,1 Pc,80,80,,,,,,80,,
,,Chicken roll,,,,1 Pc,100,100,,,,,,100,,
,,Veg Burger,,,,1 Pc,65,65,,,,,,65,,
,,Chicken roll,,,,2 Pc,100,200,,,,,,200,,
,,Chicken roll,,,,1 Pc,100,100,,,,,,100,,
,,Paneer Chilli Full,,,,1 Pc,200,200,,,,,,200,,
,,Paratha,,,,4 Pc,35,140,,,,,,140,,
,,Water 500 ml,,,,1 Pc,10,10,,,,,,10,,
,,Chicken fried rice,,,,1 Pc,170,170,,,,,,170,,
,,Chicken roll,,,,2 Pc,100,200,,,,,,200,,
,,Water 500 ml,,,,3 Pc,10,30,,,,,,30,,
,,Chicken chilli,,,,1 Pc,220,220,,,,,,220,,
,,Water 500 ml,,,,11 Pc,10,110,,,,,,110,,
,,Water 500 ml,,,,1 Pc,15,15,,,,,,15,,
04/06/2026,INV-00669,Cash,,,,,,,,,,,,,0,1425
,,Veg Burger,,,,1 Pc,65,65,,,,,,65,,
,,Water 500 ml,,,,2 Pc,10,20,,,,,,20,,
,,Chicken double eggs Roll,,,,1 Pc,120,120,,,,,,120,,
,,Chicken noodles,,,,1 Pc,170,170,,,,,,170,,
,,Chicken Noodles Half,,,,1 Pc,100,100,,,,,,100,,
,,Chicken crispy,,,,2 Pc,125,250,,,,,,250,,
,,Veg Burger,,,,3 Pc,65,195,,,,,,195,,
,,Paratha,,,,4 Pc,35,140,,,,,,140,,
,,Chicken Manchurian Half,,,,1 Pc,100,100,,,,,,100,,
,,Paratha,,,,2 Pc,35,70,,,,,,70,,
,,Paneer Manchurian,,,,1 Pc,175,175,,,,,,175,,
,,Water 500 ml,,,,2 Pc,10,20,,,,,,20,,
05/06/2026,INV-00670,Cash,,,,,,,,,,,,,0,1275
,,Veg Burger,,,,3 Pc,65,195,,,,,,195,,
,,Chicken roll,,,,3 Pc,100,300,,,,,,300,,
,,Chicken double eggs Roll,,,,1 Pc,120,120,,,,,,120,,
,,Chicken fried rice,,,,1 Pc,170,170,,,,,,170,,
,,Chicken double eggs Roll,,,,1 Pc,120,120,,,,,,120,,
,,Egg roll,,,,1 Pc,40,40,,,,,,40,,
,,Chicken fried rice,,,,1 Pc,170,170,,,,,,170,,
,,Veg Rice Half,,,1,1 Pc,80,80,,,,,,80,,
,,Veg noodles Half,,,,1 Pc,80,80,,,,,,80,,
06/06/2026,INV-00671,Cash,,,,,,,,,,,,,0,1100
,,Chicken roll,,,,4 Pc,100,400,,,,,,400,,
,,Chicken Noodles Half,,,,1 Pc,100,100,,,,,,100,,
,,Paneer Noodles Half,,,,1 Pc,100,100,,,,,,100,,
,,Chicken fried rice,,,,1 Pc,150,150,,,,,,150,,
,,Chicken noodles,,,,1 Pc,150,150,,,,,,150,,
,,Chicken chilli,,,,1 Pc,200,200,,,,,,200,,
07/06/2026,INV-00672,Cash,,,,,,,,,,,,,0,830
,,Double eggs Roll,,,,1 Pc,80,80,,,,,,80,,
,,Double eggs Roll,,,,1 Pc,80,80,,,,,,80,,
,,Chicken roll,,,,3 Pc,100,300,,,,,,300,,
,,Chicken Rice Half,,,,1 Pc,100,100,,,,,,100,,
,,Chicken Rice Half,,,,1 Pc,100,100,,,,,,100,,
,,Chiken boneless,,,,1 Pc,170,170,,,,,,170,,
09/06/2026,INV-00673,Cash,,,,,,,,,,,,,0,260
,,Chicken roll,,,,1 Pc,80,80,,,,,,80,,
,,Chicken fried rice,,,,1 Pc,170,170,,,,,,170,,
,,Water 500 ml,,,,1 Pc,10,10,,,,,,10,,
12/06/2026,INV-00674,Cash,,,,,,,,,,,,,0,690
,,Chicken noodles,,,,1 Pc,170,170,,,,,,170,,
,,Chicken Noodles Half,,,,1 Pc,100,100,,,,,,100,,
,,Chicken chilli,,,,1 Pc,220,220,,,,,,220,,
,,Paneer 65,,,,1 Pc,120,120,,,,,,120,,
,,Veg Manchurian Half,,,,1 Pc,80,80,,,,,,80,,
13/06/2026,INV-00675,Cash,,,,,,,,,,,,,0,1075
,,Chicken lolipop Full,,,,1 Pc,300,300,,,,,,300,,
,,Chicken chilli,,,,1 Pc,220,220,,,,,,220,,
,,Paratha,,,,5 Pc,35,175,,,,,,175,,
,,Paneer roll,,,,2 Pc,90,180,,,,,,180,,
,,Chicken roll,,,,1 Pc,100,100,,,,,,100,,
,,Chicken roll,,,,1 Pc,100,100,,,,,,100,,
14/06/2026,INV-00676,Cash,,,,,,,,,,,,,0,980
,,Chicken Noodles Half,,,,1 Pc,100,100,,,,,,100,,
,,Veg Burger,,,,1 Pc,70,70,,,,,,70,,
,,Chicken Noodles Half,,,,1 Pc,100,100,,,,,,100,,
,,Water 500 ml,,,,1 Pc,10,10,,,,,,10,,
,,Veg roll,,,,1 Pc,65,65,,,,,,65,,
,,Veg Burger,,,,2 Pc,65,130,,,,,,130,,
,,Veg Burger,,,,2 Pc,65,130,,,,,,130,,
,,Water 500 ml,,,,3 Pc,10,30,,,,,,30,,
,,Chicken Rice Half,,,,1 Pc,80,80,,,,,,80,,
,,Veg roll,,,,1 Pc,65,65,,,,,,65,,
,,Chicken chilli,,,,1 Pc,200,200,,,,,,200,,
15/06/2026,INV-00677,Cash,,,,,,,,,,,,,0,685
,,Chicken noodles,,,,1 Pc,170,170,,,,,,170,,
,,Water 500 ml,,,,1 Pc,10,10,,,,,,10,,
,,Chicken Chilli Half,,,,1 Pc,120,120,,,,,,120,,
,,Chicken Noodles Half,,,,1 Pc,100,100,,,,,,100,,
,,Chicken double eggs Roll,,,,2 Pc,100,200,,,,,,200,,
,,Chicken Boneless Half,,,,1 Pc,85,85,,,,,,85,,
16/06/2026,INV-00678,Cash,,,,,,,,,,,,,0,870
,,Chicken Noodles Half,,,,1 Pc,100,100,,,,,,100,,
,,French fries,,,,1 Pc,75,75,,,,,,75,,
,,Chicken fried rice,,,,1 Pc,170,170,,,,,,170,,
,,Water 500 ml,,,,3 Pc,10,30,,,,,,30,,
,,Veg Burger,,,,2 Pc,65,130,,,,,,130,,
,,Chicken roll,,,,1 Pc,100,100,,,,,,100,,
,,Veg roll,,,,1 Pc,65,65,,,,,,65,,
,,Chicken Rice Half,,,,1 Pc,100,100,,,,,,100,,
,,Chicken roll,,,,1 Pc,100,100,,,,,,100,,
17/06/2026,INV-00679,Cash,,,,,,,,,,,,,0,1078
,,Chicken fried rice,,,,2 Pc,170,340,,,,,,340,,
,,Chicken roll,,,,1 Pc,100,100,,,,,,100,,
,,Chicken roll,,,,1 Pc,100,100,,,,,,100,,
,,Veg Noodles,,,,1 Pc,130,130,,,,,,130,,
,,Chicken noodles,,,,1 Pc,170,170,,,,,,170,,
,,Double eggs Roll,,,,1 Pc,8,8,,,,,,8,,
,,Paneer roll,,,,1 Pc,90,90,,,,,,90,,
,,Water 500 ml,,,,3 Pc,10,30,,,,,,30,,
,,Chicken Rice Half,,,,1 Pc,100,100,,,,,,100,,
,,Water 500 ml,,,,1 Pc,10,10,,,,,,10,,
18/06/2026,INV-00680,Cash,,,,,,,,,,,,,0,1892
,,Chicken fried rice,,,,2 Pc,170,340,,,,,,340,,
,,Chicken roll,,,,2 Pc,100,200,,,,,,200,,
,,Veg Noodles,,,,1 Pc,130,130,,,,,,130,,
,,Chicken noodles,,,,1 Pc,170,170,,,,,,170,,
,,Double eggs Roll,,,,1 Pc,80,80,,,,,,80,,
,,Chicken roll,,,,1 Pc,100,100,,,,,,100,,
,,Paneer roll,,,,1 Pc,90,90,,,,,,90,,
,,Chicken crispy,,,,2 Pc,130,260,,,,,,260,,
,,Chicken Chilli Half,,,,1 Pc,130,130,,,,,,130,,
,,Chicken Noodles Half,,,,1 Pc,100,100,,,,,,100,,
,,Chicken Rice Half,,,,1 Pc,100,100,,,,,,100,,
,,Chicken noodles,,,,1 Pc,170,170,,,,,,170,,
,,Water 500 ml,,,,1 Pc,10,10,,,,,,10,,
,,Water 500 ml,,,,1 Pc,12,12,,,,,,12,,
19/06/2026,INV-00681,Cash,,,,,,,,,,,,,0,1630
,,Water 500 ml,,,,2 Pc,10,20,,,,,,20,,
,,Chicken cheese roll,,,,4 Pc,110,440,,,,,,440,,
,,Chicken Schezwan roll,,,,3 Pc,110,330,,,,,,330,,
,,Chicken noodles,,,,1 Pc,170,170,,,,,,170,,
,,Egg roll,,,,4 Pc,70,280,,,,,,280,,
,,Chicken Noodles Half,,,,1 Pc,100,100,,,,,,100,,
,,Chicken noodles,,,,1 Pc,170,170,,,,,,170,,
,,Chicken Noodles Half,,,,1 Pc,100,100,,,,,,100,,
,,Water 500 ml,,,,2 Pc,10,20,,,,,,20,,
20/06/2026,INV-00682,Cash,,,,,,,,,,,,,0,2330
,,Water 500 ml,,,,2 Pc,10,20,,,,,,20,,
,,Veg noodles Half,,,,1 Pc,80,80,,,,,,80,,
,,Chicken roll,,,,1 Pc,100,100,,,,,,100,,
,,Water 500 ml,,,,1 Pc,100,100,,,,,,100,,
,,Water 500 ml,,,,4 Pc,10,40,,,,,,40,,
,,Veg noodles Half,,,,1 Pc,80,80,,,,,,80,,
,,Chicken roll,,,,1 Pc,100,100,,,,,,100,,
,,Chicken cheese roll,,,,1 Pc,120,120,,,,,,120,,
,,Chicken roll,,,,1 Pc,100,100,,,,,,100,,
,,Chicken Noodles Half,,,,1 Pc,100,100,,,,,,100,,
,,Chicken 65,,,,1 Pc,240,240,,,,,,240,,
,,Chicken Noodles Half,,,,1 Pc,100,100,,,,,,100,,
,,Paratha,,,,3 Pc,35,105,,,,,,105,,
,,Chiken boneless,,,,1.5 Pc,170,255,,,,,,255,,
,,Chicken noodles,,,,1.5 Pc,150,225,,,,,,225,,
,,Paneer Manchurian,,,,1 Pc,100,100,,,,,,100,,
,,Paratha,,,,3 Pc,35,105,,,,,,105,,
,,Double eggs Roll,,,,1 Pc,80,80,,,,,,80,,
,,Chicken lolipop Full,,,,1 Pc,280,280,,,,,,280,,
21/06/2026,INV-00683,Cash,,,,,,,,,,,,,0,1565
,,Double eggs chicken roll,,,,2 Pc,120,240,,,,,,240,,
,,Double eggs Roll,,,,1 Pc,80,80,,,,,,80,,
,,Chicken roll,,,,1 Pc,100,100,,,,,,100,,
,,Water 500 ml,,,,1 Pc,10,10,,,,,,10,,
,,Chiken boneless,,,,1 Pc,170,170,,,,,,170,,
,,Chicken roll,,,,2 Pc,100,200,,,,,,200,,
,,Chicken Noodles Half,,,,1 Pc,100,100,,,,,,100,,
,,Paneer Chilli Full,,,,1 Pc,200,200,,,,,,200,,
,,Paratha,,,,5 Pc,35,175,,,,,,175,,
,,Double eggs Roll,,,,2 Pc,80,160,,,,,,160,,
,,Veg Noodles,,,,1 Pc,130,130,,,,,,130,,
23/06/2026,INV-00684,Cash,,,,,,,,,,,,,0,1970
,,Chiken boneless,,,,2 Pc,170,340,,,,,,340,,
,,Chicken roll,,,,4 Pc,100,400,,,,,,400,,
,,Veg Noodles,,,,2 Pc,130,260,,,,,,260,,
,,Veg noodles Half,,,,1 Pc,80,80,,,,,,80,,
,,French fries,,,,1 Pc,75,75,,,,,,75,,
,,Double eggs Roll,,,,1 Pc,80,80,,,,,,80,,
,,Chicken Lolipop Half,,,,1 Pc,175,175,,,,,,175,,
,,Chicken egg roll single,,,,1 Pc,110,110,,,,,,110,,
,,Water 500 ml,,,,1 Pc,10,10,,,,,,10,,
,,Chicken roll,,,,2 Pc,100,200,,,,,,200,,
,,Water 500 ml,,,,4 Pc,10,40,,,,,,40,,
,,Chicken roll,,,,2 Pc,100,200,,,,,,200,,
24/06/2026,INV-00685,Cash,,,,,,,,,,,,,0,1620
,,Veg Schezwan Full,,,,1 Pc,140,140,,,,,,140,,
,,Veg roll,,,,2 Pc,65,130,,,,,,130,,
,,Chicken roll,,,,1 Pc,100,100,,,,,,100,,
,,Chicken lolipop Full,,,,1 Pc,300,300,,,,,,300,,
,,Chicken roll,,,,2 Pc,100,200,,,,,,200,,
,,Double eggs Roll,,,,1 Pc,80,80,,,,,,80,,
,,Chicken roll,,,,3 Pc,100,300,,,,,,300,,
,,Chicken noodles,,,,1 Pc,170,170,,,,,,170,,
,,Chicken chilli,,,,1 Pc,200,200,,,,,,200,,
25/06/2026,INV-00686,Cash,,,,,,,,,,,,,0,600
,,Chicken Lolipop Half,,,,1 Pc,175,175,,,,,,175,,
,,Paratha,,,,2 Pc,35,70,,,,,,70,,
,,Veg Burger,,,,2 Pc,70,140,,,,,,140,,
,,Veg roll,,,,1 Pc,65,65,,,,,,65,,
,,Water 500 ml,,,,1 Pc,10,10,,,,,,10,,
,,Chicken roll,,,,1 Pc,100,100,,,,,,100,,
,,Water 500 ml,,,,4 Pc,10,40,,,,,,40,,
26/06/2026,INV-00687,Cash,,,,,,,,,,,,,0,1230
,,Chicken roll,,,,2 Pc,100,200,,,,,,200,,
,,Chicken noodles,,,,1 Pc,170,170,,,,,,170,,
,,Chicken roll,,,,1 Pc,100,100,,,,,,100,,
,,Egg roll,,,,1 Pc,70,70,,,,,,70,,
,,Chicken Rice Half,,,,1 Pc,100,100,,,,,,100,,
,,Chicken roll,,,,3 Pc,100,300,,,,,,300,,
,,Chicken noodles,,,,1 Pc,170,170,,,,,,170,,
,,Double eggs chicken roll,,,,1 Pc,120,120,,,,,,120,,
27/06/2026,INV-00688,Cash,,,,,,,,,,,,,0,1650
,,Chicken roll,,,,4 Pc,100,400,,,,,,400,,
,,Chiken boneless,,,,2 Pc,170,340,,,,,,340,,
,,Chicken roll,,,,1 Pc,100,100,,,,,,100,,
,,Chicken roll,,,,2 Pc,100,200,,,,,,200,,
,,Chicken cheese roll,,,,2 Pc,120,240,,,,,,240,,
,,Chicken noodles,,,,1 Pc,170,170,,,,,,170,,
,,Chicken roll,,,,2 Pc,100,200,,,,,,200,,
29/06/2026,INV-00689,Cash,,,,,,,,,,,,,0,2665
,,Paneer roll,,,,2 Pc,90,180,,,,,,180,,
,,Chicken roll,,,,1 Pc,100,100,,,,,,100,,
,,Chicken roll,,,,4 Pc,100,400,,,,,,400,,
,,Water 500 ml,,,,1 Pc,10,10,,,,,,10,,
,,Veg cheese burger,,,,3 Pc,85,255,,,,,,255,,
,,Chicken cheese roll,,,,7 Pc,120,840,,,,,,840,,
,,Chicken cheese roll,,,,4 Pc,120,480,,,,,,480,,
,,Chicken Schezwan roll,,,,1 Pc,120,120,,,,,,120,,
,,Chicken cheese roll,,,,1 Pc,120,120,,,,,,120,,
,,Chicken fried rice,,,,1 Pc,160,160,,,,,,160,,
30/06/2026,INV-00690,Cash,,,,,,,,,,,,,0,1685
,,Paratha,,,,4 Pc,35,140,,,,,,140,,
,,Chicken chilli,,,,1 Pc,220,220,,,,,,220,,
,,Chicken roll,,,,2 Pc,100,200,,,,,,200,,
,,Veg roll,,,,1 Pc,65,65,,,,,,65,,
,,Water 500 ml,,,,1 Pc,10,10,,,,,,10,,
,,Chicken roll,,,,1 Pc,100,100,,,,,,100,,
,,Chicken noodles,,,,1 Pc,170,170,,,,,,170,,
,,Chicken Boneless Half,,,,1 Pc,100,100,,,,,,100,,
,,Chicken noodles,,,,1 Pc,170,170,,,,,,170,,
,,Water 500 ml,,,,1 Pc,10,10,,,,,,10,,
,,Bone Chilli Half,,,,1 Pc,120,120,,,,,,120,,
,,Chicken Schezwan Rice,,,,1 Pc,110,110,,,,,,110,,
,,Paneer fried rice,,,,1 Pc,170,170,,,,,,170,,
,,Chicken roll,,,,1 Pc,100,100,,,,,,100,,
 , , , , , , ,Total : ,1600096, ,0,0,0,0,1600096, ,1600102
